id_complex,complex_multidata_id,pdb_structure,pdb_id,stoichiometry,comments_complex
0,1355,False,,,
1,1356,False,,,
2,1357,False,,,
3,1358,False,,,
4,1359,False,,,
5,1360,False,,,
6,1361,False,,,
7,1362,False,,,
8,1363,False,,,
9,1364,False,,,
10,1365,False,,,
11,1366,False,,,
12,1367,False,,,
13,1368,False,,,
14,1369,False,,,
15,1370,False,,,
16,1371,False,,,
17,1372,False,,,Transmembrane_serine_threonine_kinase_activin_type_1_receptor_forming_an_activin_receptor_complex_with_activin_receptor_type_2_(ACVR2A_or_ACVR2B)
18,1373,False,,,Transmembrane_serine_threonine_kinase_activin_type_1_receptor_forming_an_activin_receptor_complex_with_activin_receptor_type_2_(ACVR2A_or_ACVR2B)
19,1374,False,,,Transmembrane_serine_threonine_kinase_activin_type_1_receptor_forming_an_activin_receptor_complex_with_activin_receptor_type_2_(ACVR2A_or_ACVR2B)
20,1375,False,,,Transmembrane_serine_threonine_kinase_activin_type_1_receptor_forming_an_activin_receptor_complex_with_activin_receptor_type_2_(ACVR2A_or_ACVR2B)
21,1376,False,,,
22,1377,False,,,
23,1378,False,,,May_form_homooligomers_and_heterooligomers_with_ADIPOR2
24,1379,False,,,
25,1380,False,,,
26,1381,False,,,
27,1382,False,,,
28,1383,False,,,
29,1384,False,,,
30,1385,False,,,
31,1386,False,,,
32,1387,False,,,
33,1388,False,,,
34,1389,False,,,
35,1390,False,,,
36,1391,False,,,
37,1392,False,,,
38,1393,False,,,
39,1394,False,,,
40,1395,False,,,
41,1396,False,,,
42,1397,False,,,
43,1398,False,,,
44,1399,False,,,
45,1400,False,,,
46,1401,False,,,
47,1402,False,,,uniprot;PMID:10896656;PMID:11360992
48,1403,False,,,
49,1404,False,,,
50,1405,False,,,"On_ligand_binding,_forms_a_receptor_complex_consisting_of_two_type_II_and_two_type_I_transmembrane_serine_threonine_kinases"
51,1406,False,,,Serine_threonine_kinase_heterodimer_upon_ligand_binding
52,1407,False,,,Serine_threonine_kinase_heterodimer_upon_ligand_binding
53,1408,False,,,
54,1409,False,,,
55,1410,False,,,
56,1411,False,,,
57,1412,False,,,
58,1413,True,1gzp,B2M;CD1B,Heterodimer_with_B2M_(beta_2_microglobulin)_Interacts_with_MHC_II
59,1414,False,,,In_general_heterodimer_of_an_a_and_a_beta_chain_linked_bytwo_disulfide_bonds_Can_also_form_homodimers
60,1415,False,,,
61,1416,False,,,
62,1417,False,,,
63,1418,False,,,"Heterotrimer_of_the_alpha_subunit,_LIFR_and_IL6ST"
64,1419,False,,,
65,1420,False,,,
66,1421,False,,,
67,1422,False,,,
68,1423,False,,,
69,1424,False,,,
70,1425,False,,,
71,1426,False,,,
72,1427,False,,,
73,1428,False,,,
74,1429,False,,,
75,1430,False,,,
76,1431,False,,,
77,1432,False,,,
78,1433,False,,,
79,1434,False,,,
80,1435,False,,,
81,1436,False,,,
82,1437,False,,,
83,1438,False,,,
84,1439,False,,,
85,1440,False,,,
86,1441,False,,,
87,1442,False,,,
88,1443,False,,,
89,1444,False,,,
90,1445,False,,,
91,1446,False,,,
92,1447,False,,,
93,1448,False,,,
94,1449,False,,,
95,1450,False,,,Can_also_form_a_heterodimer_with_KDR
96,1451,False,,,
97,1452,False,,,
98,1453,False,,,
99,1454,False,,,
100,1455,False,,,
101,1456,False,,,
102,1457,False,,,
103,1458,False,,,
104,1459,False,,,
105,1460,False,,,
106,1461,False,,,
107,1462,False,,,
108,1463,False,,,
109,1464,False,,,
110,1465,False,,,
111,1466,False,,,
112,1467,False,,,
113,1468,False,,,
114,1469,False,,,
115,1470,False,,,
116,1471,True,1exu,B2M;FCGRT,"FcRn_complex_consist_of_two_subunits:_p51,_and_p14_which_is_equivalent_to_beta_2_microglobulin_It_forms_an_MHC_class_I_like_heterodimer"
117,1472,False,,,
118,1473,False,,,
119,1474,False,,,
120,1475,False,,,
121,1476,False,,,
122,1477,False,,,
123,1478,False,,,
124,1479,False,,,
125,1480,False,,,
126,1481,False,,,
127,1482,False,,,
128,1483,False,,,
129,1484,False,,,
130,1485,False,,,
131,1486,False,,,
132,1487,False,,,
133,1488,False,,,
134,1489,False,,,
135,1490,False,,,
136,1491,False,,,
137,1492,False,,,
138,1493,False,,,
139,1494,False,,,
140,1495,False,,,
141,1496,False,,,
142,1497,False,,,
143,1498,False,,,
144,1499,False,,,
145,1500,False,,,
146,1501,False,,,
147,1502,False,,,
148,1503,False,,,
149,1504,False,,,
150,1505,binding,4nkq,CSF2;CSF2RA;CSF2RB,Heterodimer_of_an_a_and_a_beta_subunit
151,1506,False,,,
152,1507,False,,,
153,1508,False,,,
154,1509,False,,,
155,1510,False,,,
156,1511,False,,,
157,1512,False,,,
158,1513,False,,,
159,1514,False,,,
160,1515,False,,,
161,1516,False,,,
162,1517,False,,,
163,1518,False,,,
164,1519,False,,,
165,1520,False,,,
166,1521,False,,,
167,1522,False,,,
168,1523,False,,,
169,1524,False,,,
170,1525,False,,,
171,1526,False,,,
172,1527,False,,,
173,1528,False,,,
174,1529,False,,,
175,1530,False,,,
176,1531,False,,,
177,1532,False,,,
178,1533,False,,,
179,1534,False,,,
180,1535,False,,,
181,1536,False,,,
182,1537,False,,,
183,1538,False,,,Two_GP_Ib_beta_are_disulfide_linked_to_one_GP_Ib_alpha
184,1539,False,,,
185,1540,False,,,
186,1541,False,,,Heterodimer_of_an_alpha_and_a_beta_subunit
187,1542,False,,,"On_ligand_binding,_forms_a_multimer_complex_with_IL6ST_gp130"
188,1543,True,1f45,IL12A;IL12B,
189,1544,False,,,"Associated_with_IL12RB2_it_forms_a_functional,_high_affinity_receptor_for_IL12"
190,1545,binding,3bpo,IL13;IL13RA1;IL4R,Together_with_IL4RA_can_form_a_functional_receptor_for_IL13
191,1546,True,4gs7,IL15;IL15RA;IL2RB;IL2RG,"The_interleukin_15_receptor_IL15R_is_a_heterotrimer_of_IL15RA,_IL2RB_and_IL2RG"
192,1547,False,,,
193,1548,False,,,
194,1549,False,,,NA;_the_heterodimer_binds_IL17AF
195,1550,False,,,Forms_heterodimers_with_IL17RE;_the_heterodimer_binds_IL17C
196,1551,True,3wo4,IL18;IL18R1;IL18RAP,Cytokine_receptor_family;_Interleukin_18_family
197,1552,binding,4dep,IL1B;IL1R1;IL1RAP,After_binding_to_interleukin_1_associates_with_the_corecptor_IL1RAP_to_form_the_high_affinity_interleukin_1_receptor_complex
198,1553,binding,3o4o,IL1B;IL1R2;IL1RAP,After_binding_to_interleukin_1_associates_with_the_corecptor_IL1RAP_to_form_the_high_affinity_interleukin_1_receptor_antagonist_complex
199,1554,False,,,The_IL20RA_IL10RB_dimer_is_a_receptor_for_IL26
200,1555,False,,,Component_of_IL22_receptor_formed_byIL22RA1_and_IL10RB
201,1556,False,,,Heterodimer_with_the_common_gamma_subunit
202,1557,binding,3dgc,IL22;IL22RA1,Component_of_IL22_receptor_formed_byIL22RA1_and_IL10RB
203,1558,True,3d87,IL12B;IL12B;IL23A;IL23A,
204,1559,False,,,Associates_also_with_IL23R_to_form_the_interleukin_23_receptor_which_functions_in_IL23_signal_transduction
205,1560,False,,,
206,1561,False,,,
207,1562,False,,,Requires_IL6ST_gp130_to_mediate_signal_transduction_in_response_to_IL27
208,1563,binding,5t5w,IFNL3;IFNLR1;IL10RB,IFNLR1_IL10RB_dimer_is_a_receptor
209,1564,binding,2b5i,IL2;IL2RA;IL2RB;IL2RG,"A_high_affinity_dimer,_an_intermediate_affinity_monomer_(beta_subunit)_The_high_and_intermediate_affinity_forms_also_associate_with_a_gamma_subunit"
210,1565,binding,3qaz,,
211,1566,False,,,
212,1567,False,,,
213,1568,False,,,
214,1569,False,,,After_binding_to_interleukin_36_associates_with_the_coreceptor_IL1RAP_to_form_the_interleukin_36_receptor_complex
215,1570,False,,,"See_paper_Nold_Petry_et_al,_2015_Also_called_IL37"
216,1571,False,,,Heterodimer_of_an_a_and_a_beta_subunit
217,1572,True,3qb7,IL2RG;IL4R,"The_functional_IL4_receptor_is_formed_byinitial_binding_of_IL4_to_IL4R_Subsequent_recruitment_to_the_complex_of_the_common_gamma_chain,_in_immune_cells"
218,1573,False,,,Heterodimer_of_an_alpha_and_a_beta_subunit
219,1574,binding,1p9m,IL6;IL6;IL6R;IL6R;IL6ST;IL6ST,Signal_activation_necessitate_an_association_with_IL6ST
220,1575,False,,,The_IL7_receptor_is_a_heterodimer_of_IL7R_and_IL2RG
221,1576,False,,,Cytokine_receptor_family;_Interleukin_9_family
222,1577,False,,,
223,1578,False,,,
224,1579,False,,,
225,1580,False,,,
226,1581,False,,,
227,1582,False,,,Heterodimer_composed_of_LIFR_and_IL6ST
228,1583,partial,3ml4,DOK7;DOK7;MUSK;MUSK,MUSK_Interacts_with_LRP4;_the_heterodimer_forms_an_AGRIN_receptor_complex_that_binds_AGRIN_resulting_in_activation_of_MUSK
229,1584,False,,,
230,1585,False,,,
231,1586,False,,,
232,1587,False,,,
233,1588,False,,,
234,1589,False,,,
235,1590,False,,,
236,1591,False,,,
237,1592,False,,,
238,1593,False,,,
239,1594,False,,,
240,1595,False,,,
241,1596,False,,,
242,1597,False,,,
243,1598,False,,,
244,1599,False,,,
245,1600,False,,,Heterohexamer_composed_of_two_subunits_of_KLRK1_and_four_subunits_of_HCST_DAP10
246,1601,False,,,
247,1602,False,,,
248,1603,False,,,
249,1604,False,,,
250,1605,False,,,
251,1606,False,,,
252,1607,False,,,
253,1608,False,,,
254,1609,False,,,
255,1610,False,,,
256,1611,False,,,
257,1612,False,,,Heterodimer_composed_of_OSMR_and_IL6ST_(type_II_OSM_receptor)
258,1613,False,,,heterodimers_formed_byPDGFA_and_PDGFB
259,1614,False,,,
260,1615,False,,,PMID:25448692
261,1616,False,,,PMID:25448692
262,1617,False,,,PMID:25448692
263,1618,False,,,
264,1619,False,,,
265,1620,False,,,
266,1621,False,,,PMID:_22325954
267,1622,False,,,PMID:_22325954
268,1623,False,,,PMID:_22325954
269,1624,False,,,PMID:_22325954
270,1625,False,,,PMID:_22325954
271,1626,False,,,PMID:_22325954
272,1627,False,,,
273,1628,False,,,
274,1629,False,,,
275,1630,False,,,
276,1631,False,,,
277,1632,False,,,
278,1633,False,,,
279,1634,False,,,
280,1635,False,,,
281,1636,False,,,
282,1637,True,3n7p,CALCRL;RAMP1,Heterodimer_of_CALCRL_and_RAMP3_(bysimilarity)_Heterodimer_of_CALCRL_and_RAMP1_or_CALCRL_and_RAMP2
283,1638,True,3aqf,CALCRL;RAMP2,Heterodimer_of_CALCRL_and_RAMP3_(bysimilarity)_Heterodimer_of_CALCRL_and_RAMP1_or_CALCRL_and_RAMP2
284,1639,False,,,Transports_the_calcitonin_gene_related_peptide_type_1_receptor_(CALCRL)_and_GPER1_to_the_plasma_membrane
285,1640,False,,,
286,1641,False,,,
287,1642,False,,,
288,1643,False,,,
289,1644,False,,,
290,1645,False,,,
291,1646,False,,,
292,1647,False,,,
293,1648,False,,,
294,1649,False,,,
295,1650,False,,,
296,1651,False,,,
297,1652,False,,,
298,1653,False,,,Homodimer;_disulfide_linked_Interacts_with_TYROBP_This_interaction_results_in_the_recruitment_of_SYK
299,1654,False,,,Interacts_with_BSG;_this_is_required_for_expression_at_the_cell_membrane
300,1655,False,,,
301,1656,False,,,
302,1657,False,,,
303,1658,False,,,
304,1659,False,,,
305,1660,False,,,
306,1661,False,,,
307,1662,False,,,
308,1663,False,,,
309,1664,False,,,
310,1665,False,,,"Heterohexamer;_TGFB1,_TGFB2_and_TGFB3_homodimeric_ligands_assemble_a_functional_receptor_composed_of_two_TGFBR1_and_TGFBR2_heterodimers_to_form_a_ligand_receptor_heterohexamer"
311,1666,False,,,
312,1667,False,,,Interacts_with_TYROBP_DAP12
313,1668,binding,5j11,CRLF2;IL7R;TSLP,The_TSLP_receptor_is_a_heterodimer_of_CRLF2_and_IL7R
314,1669,False,,,
315,1670,False,,,
316,1671,False,,,
317,1672,False,,,
318,1673,False,,,
319,1674,False,,,
320,1675,False,,,
321,1676,False,,,
322,1677,binding,1fg9,IFNG;IFNG;IFNGR1;IFNGR1;IFNGR1,Associates_with_IFNGR2_to_form_a_receptor_for_the_cytokine_interferon_gamma_(IFNG)
323,1678,binding,3se3,IFNA2;IFNAR1;IFNAR2,Heterodimer_with_IFNAR2
324,1679,False,,,
325,1680,False,,,
326,1681,False,,,
327,1682,False,,,
328,1683,False,,,
329,1684,False,,,
330,1685,False,,,
331,1686,False,,,Well_known_integrin_combination
332,1687,False,,,Well_known_integrin_combination
333,1688,False,,,Well_known_integrin_combination
334,1689,True,1kup,ITGA2B;ITGB3,Well_known_integrin_combination
335,1690,False,,,Well_known_integrin_combination
336,1691,False,,,Well_known_integrin_combination
337,1692,False,,,Well_known_integrin_combination
338,1693,False,,,Well_known_integrin_combination
339,1694,False,,,Well_known_integrin_combination
340,1695,False,,,Well_known_integrin_combination
341,1696,False,,,Well_known_integrin_combination
342,1697,False,,,Well_known_integrin_combination
343,1698,False,,,Well_known_integrin_combination
344,1699,False,,,Well_known_integrin_combination
345,1700,False,,,Well_known_integrin_combination
346,1701,False,,,Well_known_integrin_combination
347,1702,False,,,Well_known_integrin_combination
348,1703,False,,,Well_known_integrin_combination
349,1704,False,,,Well_known_integrin_combination
350,1705,True,1jv2,ITGAV;ITGB3,Well_known_integrin_combination
351,1706,False,,,Well_known_integrin_combination
352,1707,True,4um8,ITGAV;ITGB6,Well_known_integrin_combination
353,1708,False,,,Well_known_integrin_combination
354,1709,True,3k6s,ITGAX;ITGB2,Well_known_integrin_combination
355,1710,False,,,
356,1711,False,,,
357,1712,False,,,
358,1713,False,,,
