id_complex,complex_multidata_id,pdb_structure,pdb_id,stoichiometry,comments_complex
0,1499,False,,,
1,1500,False,,,
2,1501,False,,,
3,1502,False,,,
4,1503,False,,,
5,1504,False,,,
6,1505,False,,,
7,1506,False,,,
8,1507,False,,,
9,1508,False,,,
10,1509,False,,,
11,1510,False,,,
12,1511,False,,,
13,1512,False,,,
14,1513,False,,,
15,1514,False,,,Note:_Presumably_retained_within_the_endoplasmic_reticulum_unless_complexed_with_HTR3A
16,1515,False,,,Presumably_retained_within_the_endoplasmic_reticulum_unless_complexed_with_HTR3A
17,1516,False,,,
18,1517,True,5do7,ABCG5;ABCG8,May_form_heterodimers_with_ABCG8_or_be_tightly_coupled_to_ABCG8
19,1518,False,,,
20,1519,False,,,
21,1520,False,,,
22,1521,False,,,
23,1522,False,,,
24,1523,False,,,
25,1524,False,,,
26,1525,False,,,
27,1526,False,,,
28,1527,False,,,
29,1528,False,,,
30,1529,False,,,
31,1530,False,,,
32,1531,False,,,Transmembrane_serine_threonine_kinase_activin_type_1_receptor_forming_an_activin_receptor_complex_with_activin_receptor_type_2_(ACVR2A_or_ACVR2B)
33,1532,False,,,Transmembrane_serine_threonine_kinase_activin_type_1_receptor_forming_an_activin_receptor_complex_with_activin_receptor_type_2_(ACVR2A_or_ACVR2B)
34,1533,False,,,Transmembrane_serine_threonine_kinase_activin_type_1_receptor_forming_an_activin_receptor_complex_with_activin_receptor_type_2_(ACVR2A_or_ACVR2B)
35,1534,False,,,Transmembrane_serine_threonine_kinase_activin_type_1_receptor_forming_an_activin_receptor_complex_with_activin_receptor_type_2_(ACVR2A_or_ACVR2B)
36,1535,False,,,
37,1536,False,,,
38,1537,False,,,
39,1538,False,,,Interacts_with_GNB2L1_RACK1;_the_interaction_is_required_for_PKC_dependent_translocation_of_ADAM12_to_the_cell_membrane
40,1539,False,,,May_form_homooligomers_and_heterooligomers_with_ADIPOR2
41,1540,False,,,Homo_and_heterooligomer_Heterooligomerizes_with_ADRA1B_homooligomers_in_cardiac_myocytes
42,1541,False,,,
43,1542,False,,,"Localized_to_the_cytoplasm_when_expressed_alone_but_when_coexpressed_with_SLC3A2_4F2hc,_is_localized_to_the_plasma_membrane"
44,1543,False,,,
45,1544,False,,,
46,1545,False,,,
47,1546,False,,,
48,1547,False,,,uniprot;PMID:10896656;PMID:11360992
49,1548,False,,,"Exit_from_the_endoplasmic_reticulum_requires_the_presence_of_TMEM30A,_but_not_that_of_TMEM30B"
50,1549,False,,,"Exit_from_the_endoplasmic_reticulum_requires_the_presence_of_TMEM30A,_but_not_that_of_TMEM30B"
51,1550,False,,,"Exit_from_the_endoplasmic_reticulum_requires_the_presence_of_TMEM30A,_but_not_TMEM30B_"
52,1551,False,,,Interacts_with_TMEM30A_to_form_a_flippase_complex
53,1552,False,,,Exit_from_the_endoplasmic_reticulum_requires_the_presence_of_TMEM30A_or_TMEM30B_Localizes_to_apical_membranes_in_epithelial_cells
54,1553,False,,,Exit_from_the_endoplasmic_reticulum_requires_the_presence_of_TMEM30A_or_TMEM30B_Localizes_to_apical_membranes_in_epithelial_cells
55,1554,False,,,Interacts_with_beta_subunits_TMEM30A_and_TMEM30B
56,1555,False,,,Interacts_with_beta_subunits_TMEM30A_and_TMEM30B
57,1556,False,,,"Exit_from_the_endoplasmic_reticulum_requires_the_presence_of_TMEM30A,_but_not_that_of_TMEM30B"
58,1557,False,,,Exit_from_the_endoplasmic_reticulum_requires_the_presence_of_TMEM30A_or_TMEM30B_Localizes_to_apical_membranes_in_epithelial_cells
59,1558,False,,,Exit_from_the_endoplasmic_reticulum_requires_the_presence_of_TMEM30A_or_TMEM30B_Localizes_to_apical_membranes_in_epithelial_cells
60,1559,False,,,
61,1560,False,,,
62,1561,False,,,
63,1562,False,,,
64,1563,False,,,
65,1564,False,,,
66,1565,False,,,"On_ligand_binding,_forms_a_receptor_complex_consisting_of_two_type_II_and_two_type_I_transmembrane_serine_threonine_kinases"
67,1566,False,,,Serine_threonine_kinase_heterodimer_upon_ligand_binding
68,1567,False,,,Serine_threonine_kinase_heterodimer_upon_ligand_binding
69,1568,False,,,
70,1569,False,,,
71,1570,False,,,
72,1571,False,,,
73,1572,False,,,
74,1573,False,,,
75,1574,False,,,
76,1575,False,,,
77,1576,False,,,
78,1577,False,,,
79,1578,False,,,
80,1579,False,,,
81,1580,False,,,
82,1581,True,3b2d,CD180;CD180;LY86;LY86,M_shaped_tetramer_of_two_CD180_LY86_heterodimers
83,1582,True,1onq,B2M;CD1A,Heterodimer_with_B2M_(beta_2_microglobulin)
84,1583,True,1gzp,B2M;CD1B,Heterodimer_with_B2M_(beta_2_microglobulin)_Interacts_with_MHC_II
85,1584,False,,,Heterodimer_with_B2M_(beta_2_microglobulin)
86,1585,True,1zt4,B2M;CD1D,Heterodimer_with_B2M_(beta_2_microglobulin)_Interacts_with_MHC_II
87,1586,False,,,Collaborater_suggestion
88,1587,False,,,One_part_of_CD3_complex
89,1588,False,,,Probable_chemokine_receptor_Alternative_coreceptor_with_CD4_for_HIV_1_infection
90,1589,False,,,Membrane_bound_IgM_molecules_are_non_covalently_associated_with_heterodimer_of_CD79A_and_CD79B
91,1590,False,,,Heterodimer_of_alpha_and_beta_chains;_disulfide_linked
92,1591,False,,,In_general_heterodimer_of_an_a_and_a_beta_chain_linked_bytwo_disulfide_bonds_Can_also_form_homodimers
93,1592,False,,,
94,1593,False,,,
95,1594,False,,,
96,1595,False,,,
97,1596,False,,,
98,1597,False,,,
99,1598,False,,,
100,1599,False,,,Interacts_with_TYROBP
101,1600,False,,,Cell_surface_localization_requires_the_ITAM_bearing_Fc_receptor_FCER1G_to_overcome_ER_retention
102,1601,False,,,
103,1602,False,,,"Heterotrimer_of_the_alpha_subunit,_LIFR_and_IL6ST"
104,1603,False,,,Cytokine_receptor_family;_Interleukin_6_family
105,1604,False,,,CHL1_associates_with_NB_3_contactin_6_in_cis_and_enhances_cell_surface_expression_of_NB_3
106,1605,False,,,NB_3_(contactin_6)_also_interacts_with_PTPa_to_regulate_apical_dendrite_orientation_in_the_visual_cortex
107,1606,False,,,Interacts_with_contactin_in_cis_form_Essential_for_Caspr_sorting_from_the_endoplasmic_reticulum_to_the_plasma_membrane
108,1607,False,,,NRCAM_bind_in_cis_and_in_trans_to_contactin_1
109,1608,False,,,Contactin_1_associates_with_protein_tyrosine_phosphatase_a_(PTPa)_in_cis
110,1609,False,,,Interacts_with_contactin_in_cis_form
111,1610,False,,,L1_binds_to_TAG_1_(contactin_2)_in_cis
112,1611,False,,,
113,1612,False,,,
114,1613,False,,,
115,1614,False,,,Composed_of_a_heavy_chain_(beta)_and_a_light_chain_(a)
116,1615,False,,,Interacts_with_the_cytoplasmic_part_of_DCC
117,1616,False,,,Forms_homo_and_heterooligomers_with_DRD4
118,1617,False,,,Interacts_with_DCC;_the_interaction_is_abolished_in_response_to_NTN1_(bysimilarity)
119,1618,False,,,May_be_required_for_the_maturation_and_the_transport_from_the_endoplasmic_reticulum_to_the_plasma_membrane_of_functional_DUOX1
120,1619,False,,,
121,1620,False,,,"Protein_tyrosine_kinase_that_is_part_of_several_cell_surface_receptor_complexes,_but_that_apparently_needs_a_coreceptor_for_ligand_binding"
122,1621,False,,,"Protein_tyrosine_kinase_that_is_part_of_several_cell_surface_receptor_complexes,_but_that_apparently_needs_a_coreceptor_for_ligand_binding"
123,1622,False,,,Heterodimer_of_an_alpha_chain_and_a_beta_chain_(beta_2_microglobulin)
124,1623,False,,,
125,1624,False,,,
126,1625,False,,,Interacts_(via_C_terminus_tail_motif)_with_DLG4_(via_N_terminus_tandem_pair_of_PDZ_domains);_the_interaction_is_direct_and_induces_the_increase_of_GPER1_protein_levels_residing_at_the_plasma_membrane_surface_in_a_estradiol_independent_manner_(bysimilarity)
127,1626,False,,,
128,1627,False,,,Heterophilic_interaction_with_FAT4;_this_interaction_affects_their_respective_protein_levels
129,1628,False,,,"Fc_receptor_family;_Tetramer_of_an_a_chain,_a_beta_chain,_and_two_disulfide_linked_gamma_chains"
130,1629,True,1exu,B2M;FCGRT,"FcRn_complex_consist_of_two_subunits:_p51,_and_p14_which_is_equivalent_to_beta_2_microglobulin_It_forms_an_MHC_class_I_like_heterodimer"
131,1630,False,,,Also_called_CD64_Interacts_with_FCERG1;_forms_a_functional_signaling_complex
132,1631,False,,,Exists_as_a_heterooligomeric_receptor_complex_with_Fc_epsilon_receptor_I_gamma_subunit_and___or_the_CD3_zeta_subunit
133,1632,False,,,Exists_as_a_heterooligomeric_receptor_complex_with_Fc_epsilon_receptor_I_gamma_subunit_and___or_the_CD3_zeta_subunit
134,1633,False,,,
135,1634,False,,,
136,1635,False,,,Can_also_form_a_heterodimer_with_KDR
137,1636,False,,,
138,1637,False,,,
139,1638,False,,,
140,1639,False,,,
141,1640,False,,,
142,1641,False,,,
143,1642,False,,,
144,1643,False,,,
145,1644,False,,,
146,1645,False,,,
147,1646,False,,,
148,1647,False,,,"Component_of_a_complex,_at_least_composed_of_TSPAN12,_FZD4_and_norrin_(NDP)"
149,1648,False,,,
150,1649,False,,,
151,1650,False,,,Required_for_cell_surface_localization_of_FZD3_and_FZD6_in_the_inner_ear_(bysimilarity)
152,1651,False,,,
153,1652,False,,,
154,1653,False,,,
155,1654,False,,,
156,1655,False,,,
157,1656,False,,,
158,1657,False,,,
159,1658,False,,,
160,1659,True,4mqe,GABBR1;GABBR2,Coexpression_of_GABBR1_and_GABBR2_is_required_for_GABBR1_maturation_and_transport_to_the_plasma_membrane
161,1660,False,,,
162,1661,False,,,
163,1662,False,,,
164,1663,False,,,
165,1664,False,,,
166,1665,False,,,
167,1666,False,,,
168,1667,False,,,May_form_homodimers_and_heterodimers_with_GIPR
169,1668,False,,,mGluR2_and_serotonin_2A_receptor_(5_HT2A)_form_complexes_that_mediate_alterations_in_cellular_response_in_the_brain
170,1669,False,,,
171,1670,False,,,Two_GP_Ib_beta_are_disulfide_linked_to_one_GP_Ib_alpha
172,1671,binding,4nkq,CSF2;CSF2RA;CSF2RB,Heterodimer_of_an_a_and_a_beta_subunit
173,1672,False,,,Heterodimer;_heterodimerizes_with_GPER1_(bysimilarity)
174,1673,False,,,Associated_with_Fc_receptor_gamma_chain_The_GPVI_FcRgamma_complex_is_associated_with_the_Src_kinase_family_Fyn_and_Lyn
175,1674,False,,,Interacts_with_TMIGD2
176,1675,False,,,
177,1676,False,,,
178,1677,binding,4dep,IL1B;IL1R1;IL1RAP,After_binding_to_interleukin_1_associates_with_the_corecptor_IL1RAP_to_form_the_high_affinity_interleukin_1_receptor_complex
179,1678,binding,3o4o,IL1B;IL1R2;IL1RAP,After_binding_to_interleukin_1_associates_with_the_corecptor_IL1RAP_to_form_the_high_affinity_interleukin_1_receptor_antagonist_complex
180,1679,False,,,Heterodimer_of_an_alpha_and_a_beta_subunit
181,1680,False,,,"On_ligand_binding,_forms_a_multimer_complex_with_IL6ST_gp130"
182,1681,True,1f45,IL12A;IL12B,
183,1682,False,,,"Associated_with_IL12RB2_it_forms_a_functional,_high_affinity_receptor_for_IL12"
184,1683,binding,3bpo,IL13;IL13RA1;IL4R,Together_with_IL4RA_can_form_a_functional_receptor_for_IL13
185,1684,True,4gs7,IL15;IL15RA;IL2RB;IL2RG,"The_interleukin_15_receptor_IL15R_is_a_heterotrimer_of_IL15RA,_IL2RB_and_IL2RG"
186,1685,False,,,
187,1686,False,,,
188,1687,False,,,NA;_the_heterodimer_binds_IL17AF
189,1688,False,,,Forms_heterodimers_with_IL17RE;_the_heterodimer_binds_IL17C
190,1689,True,3wo4,IL18;IL18R1;IL18RAP,Cytokine_receptor_family;_Interleukin_18_family
191,1690,binding,2b5i,IL2;IL2RA;IL2RB;IL2RG,"A_high_affinity_dimer,_an_intermediate_affinity_monomer_(beta_subunit)_The_high_and_intermediate_affinity_forms_also_associate_with_a_gamma_subunit"
192,1691,binding,3qaz,,
193,1692,False,,,The_IL20RA_IL10RB_dimer_is_a_receptor_for_IL26
194,1693,False,,,Component_of_IL22_receptor_formed_byIL22RA1_and_IL10RB
195,1694,False,,,Heterodimer_with_the_common_gamma_subunit
196,1695,binding,3dgc,IL22;IL22RA1,Component_of_IL22_receptor_formed_byIL22RA1_and_IL10RB
197,1696,True,3d87,IL12B;IL12B;IL23A;IL23A,
198,1697,False,,,Associates_also_with_IL23R_to_form_the_interleukin_23_receptor_which_functions_in_IL23_signal_transduction
199,1698,False,,,
200,1699,False,,,
201,1700,False,,,Requires_IL6ST_gp130_to_mediate_signal_transduction_in_response_to_IL27
202,1701,binding,5t5w,IFNL3;IFNLR1;IL10RB,IFNLR1_IL10RB_dimer_is_a_receptor
203,1702,False,,,Heterodimer_of_an_a_and_a_beta_subunit
204,1703,False,,,Associates_with_OSMR_to_form_the_interleukin_31_receptor
205,1704,False,,,
206,1705,False,,,
207,1706,False,,,
208,1707,False,,,After_binding_to_interleukin_36_associates_with_the_coreceptor_IL1RAP_to_form_the_interleukin_36_receptor_complex
209,1708,False,,,"See_paper_Nold_Petry_et_al,_2015_Also_called_IL37"
210,1709,True,3qb7,IL2RG;IL4R,"The_functional_IL4_receptor_is_formed_byinitial_binding_of_IL4_to_IL4R_Subsequent_recruitment_to_the_complex_of_the_common_gamma_chain,_in_immune_cells"
211,1710,False,,,Heterodimer_of_an_alpha_and_a_beta_subunit
212,1711,binding,1p9m,IL6;IL6;IL6R;IL6R;IL6ST;IL6ST,Signal_activation_necessitate_an_association_with_IL6ST
213,1712,False,,,The_IL7_receptor_is_a_heterodimer_of_IL7R_and_IL2RG
214,1713,False,,,Cytokine_receptor_family;_Interleukin_9_family
215,1714,True,4xss,IGF1;IGF1R;INSR,"_Forms_a_hybrid_receptor_with_IGF1R,_the_hybrid_is_a_tetramer_consisting_of_1_a_chain_and_1_beta_chain_of_INSR_and_1_a_chain_and_1_beta_chain_of_IGF1R"
216,1715,False,,,Well_known_integrin_combination
217,1716,False,,,Well_known_integrin_combination
218,1717,False,,,Well_known_integrin_combination
219,1718,False,,,Well_known_integrin_combination
220,1719,True,1kup,ITGA2B;ITGB3,Well_known_integrin_combination
221,1720,False,,,Well_known_integrin_combination
222,1721,False,,,Well_known_integrin_combination
223,1722,False,,,Well_known_integrin_combination
224,1723,False,,,Well_known_integrin_combination
225,1724,False,,,Well_known_integrin_combination
226,1725,False,,,Well_known_integrin_combination
227,1726,False,,,Well_known_integrin_combination
228,1727,False,,,Well_known_integrin_combination
229,1728,False,,,Well_known_integrin_combination
230,1729,False,,,Well_known_integrin_combination
231,1730,False,,,Well_known_integrin_combination
232,1731,False,,,Well_known_integrin_combination
233,1732,False,,,Well_known_integrin_combination
234,1733,False,,,Well_known_integrin_combination
235,1734,True,1jv2,ITGAV;ITGB3,Well_known_integrin_combination
236,1735,False,,,Well_known_integrin_combination
237,1736,True,4um8,ITGAV;ITGB6,Well_known_integrin_combination
238,1737,False,,,Well_known_integrin_combination
239,1738,True,3k6s,ITGAX;ITGB2,Well_known_integrin_combination
240,1739,False,,,Involved_in_KCND2_and_KCND3_trafficking_to_the_cell_surface
241,1740,False,,,"Interaction_with_KCNIP1,_KCNIP2,_KCNIP3_or_KCNIP4_promotes_expression_at_the_cell_membrane"
242,1741,False,,,Increases_the_presence_of_KCND2_at_the_cell_surface
243,1742,False,,,Modulates_KCND2_channel_density
244,1743,False,,,Involved_in_KCND2_and_KCND3_trafficking_to_the_cell_surface
245,1744,False,,,Colocalizes_with_KCNB1_at_high_density_somatodendritic_clusters_on_the_surface_of_hippocampal_neurons
246,1745,False,,,Colocalizes_with_KCNB1_at_the_plasma_membrane
247,1746,False,,,Heterodimer_with_KCNB1_Does_not_form_homomultimers
248,1747,False,,,Has_to_be_associated_with_KCNB1_or_possibly_another_partner_to_get_inserted_in_the_plasma_membrane
249,1748,False,,,Has_to_be_associated_with_KCNB1_or_possibly_another_partner_to_get_inserted_in_the_plasma_membrane
250,1749,False,,,May_not_reach_the_plasma_membrane_but_remain_in_an_intracellular_compartment_in_the_absence_of_KCNB1_or_KCNB2
251,1750,False,,,May_not_reach_the_plasma_membrane_but_remain_in_an_intracellular_compartment_in_the_absence_of_KCNB1_or_KCNB2
252,1751,False,,,Heterotetramer_with_KCNB1_and_KCNB2
253,1752,False,,,Heterotetramer_with_KCNB1_and_KCNB2
254,1753,False,,,May_not_reach_the_plasma_membrane_but_remain_in_an_intracellular_compartment_in_the_absence_of_KCNB1
255,1754,False,,,Has_to_be_associated_with_another_potassium_channel_subunit_to_get_inserted_in_the_plasma_membrane_Remains_intracellular_in_the_absence_of_KCNB2
256,1755,False,,,Has_to_be_associated_with_KCNB1_or_possibly_another_partner_to_get_inserted_in_the_plasma_membrane_Remains_intracellular_in_the_absence_of_KCNB1
257,1756,False,,,
258,1757,False,,,
259,1758,False,,,
260,1759,False,,,
261,1760,False,,,
262,1761,False,,,Located_to_the_plasma_membrane_bySLC3A2_4F2hc
263,1762,False,,,
264,1763,False,,,"Can_form_heteromeric_complexes_with_LRFN1,_LRFN2,_LRFN3_and_LRFN5"
265,1764,False,,,
266,1765,False,,,
267,1766,False,,,
268,1767,False,,,
269,1768,False,,,
270,1769,False,,,
271,1770,False,,,Heterodimer_composed_of_LIFR_and_IL6ST
272,1771,False,,,
273,1772,False,,,
274,1773,False,,,Expression_at_the_cell_surface_may_require_the_presence_of_KCNU1
275,1774,False,,,"Forms_heteromeric_complexes_with_LRFN1,_LRFN3,_LRFN4_and_LRFN5"
276,1775,False,,,"Forms_heteromeric_complexes_with_LRFN1,_LRFN3,_LRFN4_and_LRFN5"
277,1776,False,,,"Forms_heteromeric_complexes_with_LRFN1,_LRFN3,_LRFN4_and_LRFN5"
278,1777,False,,,"Can_form_heteromeric_complexes_with_LRFN1,_LRFN2,_LRFN4_and_LRFN5"
279,1778,False,,,"Can_form_heteromeric_complexes_with_LRFN1,_LRFN2,_LRFN4_and_LRFN5"
280,1779,partial,3ml4,DOK7;DOK7;MUSK;MUSK,MUSK_Interacts_with_LRP4;_the_heterodimer_forms_an_AGRIN_receptor_complex_that_binds_AGRIN_resulting_in_activation_of_MUSK
281,1780,False,,,
282,1781,False,,,
283,1782,False,,,
284,1783,False,,,
285,1784,False,,,
286,1785,True,4gup,B2M;MR1,"Heterodimerizes_with_B2M,_this_interaction_is_required_for_surface_expression"
287,1786,False,,,Interacts_with_CD247_and_FCER1G
288,1787,False,,,Interacts_with_TYROBP_DAP12
289,1788,False,,,Interacts_with_CD3Z
290,1789,False,,,Heterohexamer_composed_of_two_subunits_of_KLRK1_and_four_subunits_of_HCST_DAP10
291,1790,False,,,
292,1791,False,,,
293,1792,False,,,
294,1793,False,,,
295,1794,False,,,
296,1795,False,,,
297,1796,False,,,
298,1797,False,,,"Forms_homooligomers_and_heterooligomers_with_other_GPCRs,_such_as_ADRA2A_(probably_in_dimeric_forms)"
299,1798,False,,,"Forms_homooligomers_and_heterooligomers_with_other_GPCRs,_such_as_CNR1_(probably_in_dimeric_forms)"
300,1799,False,,,"Forms_homooligomers_and_heterooligomers_with_other_GPCRs,_such_as_CCR5_(probably_in_dimeric_forms)"
301,1800,False,,,Interacts_with_RTP4;_the_interaction_promotes_cell_surface_localization_of_the_OPRD1_OPRM1_heterodimer_(bysimilarity)
302,1801,False,,,Interacts_with_OPRM1
303,1802,False,,,"Forms_homooligomers_and_heterooligomers_with_other_GPCRs,_such_as_OPRK1_(probably_in_dimeric_forms)"
304,1803,False,,,"Forms_homooligomers_and_heterooligomers_with_other_GPCRs,_such_as_OPRL1_(probably_in_dimeric_forms)"
305,1804,False,,,"Forms_homooligomers_and_heterooligomers_with_other_GPCRs,_such_as_NPFFR2_(probably_in_dimeric_forms)"
306,1805,False,,,"Forms_homooligomers_and_heterooligomers_with_other_GPCRs,_such_as_SSTR2_(probably_in_dimeric_forms)"
307,1806,False,,,Heterodimer_composed_of_OSMR_and_IL6ST_(type_II_OSM_receptor)
308,1807,False,,,PMID:_18596211
309,1808,False,,,Efficient_localization_to_the_plasma_membrane_requires_the_presence_of_LHFPL5
310,1809,False,,,heterodimers_formed_byPDGFA_and_PDGFB
311,1810,False,,,Forms_a_heterodimer_with_PKD2L1_in_primary_cilia_and_forms_a_calcium_permeant_ciliary_channel
312,1811,False,,,forms_a_complex_with_PKD2_in_cilia_to_facilitate_flow_detection_in_left_right_patterning
313,1812,False,,,
314,1813,False,,,PMID:_22325954
315,1814,False,,,PMID:_22325954
316,1815,False,,,PMID:_22325954
317,1816,False,,,PMID:_22325954
318,1817,False,,,PMID:_22325954
319,1818,False,,,PMID:_22325954
320,1819,False,,,Interacts_(via_the_PDZ_1_domain)_with_PODXL_(via_the_C_terminal_PDZ_binding_motif_DTHL);_the_interaction_take_place_early_in_the_secretory_pathway_and_is_necessary_for_its_apical_membrane_sorting_(bysimilarity)
321,1820,False,,,PKD1_localization_to_the_plasma_and_ciliary_membranes_requires_PKD2
322,1821,False,,,Interaction_with_PKD1_or_PKD1L3_is_required_for_localization_to_the_cell_membrane
323,1822,False,,,Interaction_with_PKD1_or_PKD1L3_is_required_for_localization_to_the_cell_membrane
324,1823,False,,,The_heterodimer_with_KCNK2_is_detected_at_the_astrocyte_cell_membrane
325,1824,False,,,"Exit_from_the_endoplasmic_reticulum_requires_the_presence_of_TMEM30A,_but_not_that_of_TMEM30B"
326,1825,False,,,Coexpression_with_KCNA4_or_with_beta_subunits_promotes_expression_at_the_cell_membrane
327,1826,False,,,
328,1827,False,,,
329,1828,False,,,
330,1829,False,,,
331,1830,False,,,
332,1831,False,,,
333,1832,False,,,
334,1833,False,,,
335,1834,False,,,
336,1835,False,,,
337,1836,False,,,
338,1837,False,,,
339,1838,False,,,
340,1839,False,,,
341,1840,False,,,
342,1841,False,,,PMID:25448692
343,1842,False,,,PMID:25448692
344,1843,False,,,PMID:25448692
345,1844,True,3n7p,CALCRL;RAMP1,Heterodimer_of_CALCRL_and_RAMP3_(bysimilarity)_Heterodimer_of_CALCRL_and_RAMP1_or_CALCRL_and_RAMP2
346,1845,True,3aqf,CALCRL;RAMP2,Heterodimer_of_CALCRL_and_RAMP3_(bysimilarity)_Heterodimer_of_CALCRL_and_RAMP1_or_CALCRL_and_RAMP2
347,1846,False,,,Transports_the_calcitonin_gene_related_peptide_type_1_receptor_(CALCRL)_and_GPER1_to_the_plasma_membrane
348,1847,False,,,Heterodimer_of_CALCRL_and_RAMP3_(bysimilarity)_Heterodimer_of_CALCRL_and_RAMP1_or_CALCRL_and_RAMP2
349,1848,False,,,
350,1849,False,,,
351,1850,False,,,
352,1851,False,,,
353,1852,False,,,
354,1853,False,,,
355,1854,False,,,
356,1855,False,,,
357,1856,False,,,
358,1857,False,,,
359,1858,False,,,
360,1859,False,,,
361,1860,False,,,
362,1861,False,,,
363,1862,False,,,Interacts_with_SLC12A1
364,1863,False,,,"Heterotrimer_containing_a_delta_SCNN1D,_a_beta_SCNN1B_and_a_gamma_SCNN1G_subunit"
365,1864,False,,,
366,1865,False,,,Heterodimer;_heterodimerizes_with_GPER1
367,1866,False,,,Forms_a_pentaheteromeric_complex_with_HTR3A
368,1867,False,,,Homodimer_Heterodimer_with_HTR1D
369,1868,False,,,The_encoded_protein_is_known_to_interact_with_the_HTR2C_receptor_and_may_cause_it_to_clump_at_the_cell_surface
370,1869,False,,,Homodimer;_disulfide_linked_Interacts_with_TYROBP_This_interaction_results_in_the_recruitment_of_SYK
371,1870,False,,,Interacts_with_BSG;_this_is_required_for_expression_at_the_cell_membrane
372,1871,False,,,"Plays_an_important_role_in_targeting_the_monocarboxylate_transporters_SLC16A1,_SLC16A3_and_SLC16A8_to_the_plasma_membrane"
373,1872,False,,,"Plays_an_important_role_in_targeting_the_monocarboxylate_transporters_SLC16A1,_SLC16A3_and_SLC16A8_to_the_plasma_membrane"
374,1873,False,,,"Heterotrimer_containing_an_alpha_SCNN1A,_a_beta_SCNN1B_and_a_gamma_SCNN1G_subunit"
375,1874,False,,,It_can_be_translocated_to_the_extracellular_membrane_through_association_with_S100A10
376,1875,False,,,Homodimer_and_heterodimer_with_SSTR3_and_SSTR5
377,1876,False,,,Homodimer_and_heterodimer_with_SSTR3_and_SSTR5
378,1877,False,,,"Heterotetramer_of_TRAP_a,_TRAP_beta,_TRAP_delta_and_TRAP_gamma_Interacts_with_palmitoylated_calnexin_(CALX)"
379,1878,False,,,
380,1879,False,,,
381,1880,False,,,
382,1881,False,,,"Part_of_a_GPCR_tetraspanin_complex_at_least_consisting_of_GPR56,_CD81,_eventually_CD9,_and_GNA11_in_which_CD81_is_enhancing_the_association_of_GPR56_with_GNA11"
383,1882,False,,,"Heterohexamer;_TGFB1,_TGFB2_and_TGFB3_homodimeric_ligands_assemble_a_functional_receptor_composed_of_two_TGFBR1_and_TGFBR2_heterodimers_to_form_a_ligand_receptor_heterohexamer"
384,1883,False,,,
385,1884,False,,,
386,1885,False,,,
387,1886,False,,,
388,1887,False,,,
389,1888,False,,,
390,1889,False,,,
391,1890,False,,,Heterodimer_with_TEK_TIE2
392,1891,False,,,Interacts_with_TYROBP_DAP12
393,1892,False,,,Interacts_with_TYROBP_DAP12
394,1893,False,,,
395,1894,binding,5j11,CRLF2;IL7R;TSLP,The_TSLP_receptor_is_a_heterodimer_of_CRLF2_and_IL7R
396,1895,binding,3se3,IFNA2;IFNAR1;IFNAR2,Heterodimer_with_IFNAR2
397,1896,binding,1fg9,IFNG;IFNG;IFNGR1;IFNGR1;IFNGR1,Associates_with_IFNGR2_to_form_a_receptor_for_the_cytokine_interferon_gamma_(IFNG)
398,1897,False,,,
399,1898,False,,,"Interacts_with_TYROBP,_which_enhances_cell_surface_expression_and_activation_properties"
400,1899,False,,,"Tyrosinase,_TYRP1_and_DCT_TYRP2_may_form_a_multienzyme_complex"
401,1900,False,,,Interacts_with_the_cytoplasmic_part_of_DCC
402,1901,False,,,Interacts_with_the_cytoplasmic_part_of_DCC
403,1902,False,,,Interacts_with_the_cytoplasmic_part_of_DCC
404,1903,False,,,Heterodimer_formation_with_UPK1B_is_a_prerequisite_to_exit_out_of_the_endoplasmic_reticulum_(ER)
405,1904,False,,,Heterodimer_formation_with_UPK1B_is_a_prerequisite_to_exit_out_of_the_endoplasmic_reticulum_(ER)
406,1905,False,,,Heterodimer_with_VANGL2
407,1906,,,,
408,1907,,,,
409,1908,,,,
410,1909,,,,
411,1910,,,,
412,1911,,,,
413,1912,,,,
414,1913,,,,
415,1914,,,,
416,1915,,,,
417,1916,,,,
418,1917,,,,
419,1918,,,,
420,1919,,,,
421,1920,,,,
422,1921,,,,
423,1922,,,,
424,1923,,,,
425,1924,,,,
426,1925,,,,
427,1926,,,,
428,1927,,,,
429,1928,,,,
430,1929,,,,
431,1930,,,,
432,1931,,,,
433,1932,,,,
434,1933,,,,
435,1934,,,,
436,1935,,,,
437,1936,,,,
438,1937,,,,
439,1938,,,,
440,1939,,,,
441,1940,,,,
442,1941,,,,
443,1942,,,,
444,1943,,,,
445,1944,,,,
446,1945,,,,
447,1946,,,,
448,1947,,,,
449,1948,,,,
450,1949,,,,
451,1950,,,,
452,1951,,,,
453,1952,,,,
454,1953,,,,
455,1954,,,,
456,1955,,,,
457,1956,,,,
458,1957,,,,
459,1958,,,,
460,1959,,,,
461,1960,,,,
462,1961,,,,
463,1962,,,,
464,1963,,,,
465,1964,,,,
466,1965,,,,
467,1966,,,,
468,1967,,,,
469,1968,,,,
470,1969,,,,
471,1970,,,,
472,1971,,,,
473,1972,,,,
474,1973,,,,
475,1974,,,,
476,1975,,,,
477,1976,,,,
478,1977,,,,
479,1978,,,,
480,1979,,,,
481,1980,,,,
482,1981,,,,
483,1982,,,,
484,1983,,,,
485,1984,,,,
486,1985,,,,
487,1986,,,,
488,1987,,,,
489,1988,,,,
490,1989,,,,
491,1990,,,,
492,1991,,,,
493,1992,,,,
494,1993,,,,
495,1994,,,,
496,1995,,,,
497,1996,,,,
498,1997,,,,
499,1998,,,,
500,1999,,,,
501,2000,,,,
502,2001,,,,
503,2002,,,,
504,2003,,,,
505,2004,,,,
