id_gene,ensembl,gene_name,hgnc_symbol,protein_name,protein_id
0,ENSG00000165029,ABCA1,ABCA1,ABCA1_HUMAN,126
1,ENSG00000130234,ACE2,ACE2,ACE2_HUMAN,1135
2,ENSG00000213088,ACKR1,ACKR1,ACKR1_HUMAN,928
3,ENSG00000144648,ACKR2,ACKR2,ACKR2_HUMAN,34
4,ENSG00000144476,ACKR3,ACKR3,ACKR3_HUMAN,515
5,ENSG00000129048,ACKR4,ACKR4,ACKR4_HUMAN,1187
6,ENSG00000115170,ACVR1,ACVR1,ACVR1_HUMAN,830
7,ENSG00000135503,ACVR1B,ACVR1B,ACV1B_HUMAN,633
8,ENSG00000123612,ACVR1C,ACVR1C,ACV1C_HUMAN,1026
9,ENSG00000121989,ACVR2A,ACVR2A,AVR2A_HUMAN,531
10,ENSG00000114739,ACVR2B,ACVR2B,AVR2B_HUMAN,877
11,ENSG00000139567,ACVRL1,ACVRL1,ACVL1_HUMAN,636
12,ENSG00000141433,ADCYAP1,ADCYAP1,PACA_HUMAN,431
13,ENSG00000078549,ADCYAP1R1,ADCYAP1R1,PACR_HUMAN,661
14,ENSG00000123146,ADGRE5,ADGRE5,CD97_HUMAN,712
15,ENSG00000182885,ADGRG3,ADGRG3,AGRG3_HUMAN,1003
16,ENSG00000159618,ADGRG5,ADGRG5,AGRG5_HUMAN,1010
17,ENSG00000072071,ADGRL1,ADGRL1,AGRL1_HUMAN,115
18,ENSG00000164199,ADGRV1,ADGRV1,GPR98_HUMAN,1053
19,ENSG00000181092,ADIPOQ,ADIPOQ,ADIPO_HUMAN,925
20,ENSG00000159346,ADIPOR1,ADIPOR1,ADR1_HUMAN,1076
21,ENSG00000006831,ADIPOR2,ADIPOR2,ADR2_HUMAN,997
22,ENSG00000285070,ADIPOR2,ADIPOR2,ADR2_HUMAN,997
23,ENSG00000148926,ADM,ADM,ADML_HUMAN,614
24,ENSG00000128165,ADM2,ADM2,ADM2_HUMAN,991
25,ENSG00000163485,ADORA1,ADORA1,AA1R_HUMAN,567
26,ENSG00000128271,ADORA2A,ADORA2A,AA2AR_HUMAN,548
27,ENSG00000170425,ADORA2B,ADORA2B,AA2BR_HUMAN,549
28,ENSG00000282608,ADORA3,ADORA3,AA3R_HUMAN,320
29,ENSG00000120907,ADRA1A,ADRA1A,ADA1A_HUMAN,616
30,ENSG00000170214,ADRA1B,ADRA1B,ADA1B_HUMAN,618
31,ENSG00000171873,ADRA1D,ADRA1D,ADA1D_HUMAN,512
32,ENSG00000150594,ADRA2A,ADRA2A,ADA2A_HUMAN,299
33,ENSG00000274286,ADRA2B,ADRA2B,ADA2B_HUMAN,429
34,ENSG00000184160,ADRA2C,ADRA2C,ADA2C_HUMAN,435
35,ENSG00000043591,ADRB1,ADRB1,ADRB1_HUMAN,290
36,ENSG00000169252,ADRB2,ADRB2,ADRB2_HUMAN,273
37,ENSG00000188778,ADRB3,ADRB3,ADRB3_HUMAN,376
38,ENSG00000229058,AGER,AGER,RAGE_HUMAN,905
39,ENSG00000230514,AGER,AGER,RAGE_HUMAN,905
40,ENSG00000204305,AGER,AGER,RAGE_HUMAN,905
41,ENSG00000231268,AGER,AGER,RAGE_HUMAN,905
42,ENSG00000237405,AGER,AGER,RAGE_HUMAN,905
43,ENSG00000206320,AGER,AGER,RAGE_HUMAN,905
44,ENSG00000234729,AGER,AGER,RAGE_HUMAN,905
45,ENSG00000188157,AGRN,AGRN,AGRIN_HUMAN,29
46,ENSG00000159723,AGRP,AGRP,AGRP_HUMAN,23
47,ENSG00000135744,AGT,AGT,ANGT_HUMAN,145
48,ENSG00000144891,AGTR1,AGTR1,AGTR1_HUMAN,569
49,ENSG00000180772,AGTR2,AGTR2,AGTR2_HUMAN,727
50,ENSG00000164022,AIMP1,AIMP1,AIMP1_HUMAN,853
51,ENSG00000085662,AKR1B1,AKR1B1,ALDR_HUMAN,390
52,ENSG00000196139,AKR1C3,AKR1C3,AK1C3_HUMAN,668
53,ENSG00000122787,AKR1D1,AKR1D1,AK1D1_HUMAN,744
54,ENSG00000163631,ALB,ALB,ALBU_HUMAN,211
55,ENSG00000170017,ALCAM,ALCAM,CD166_HUMAN,878
56,ENSG00000165092,ALDH1A1,ALDH1A1,AL1A1_HUMAN,138
57,ENSG00000128918,ALDH1A2,ALDH1A2,AL1A2_HUMAN,112
58,ENSG00000184254,ALDH1A3,ALDH1A3,AL1A3_HUMAN,697
59,ENSG00000171094,ALK,ALK,ALK_HUMAN,1254
60,ENSG00000108839,ALOX12,ALOX12,LOX12_HUMAN,426
61,ENSG00000275565,ALOX5,ALOX5,LOX5_HUMAN,312
62,ENSG00000012779,ALOX5,ALOX5,LOX5_HUMAN,312
63,ENSG00000132965,ALOX5AP,ALOX5AP,AL5AP_HUMAN,450
64,ENSG00000104899,AMH,AMH,MIS_HUMAN,220
65,ENSG00000135409,AMHR2,AMHR2,AMHR2_HUMAN,936
66,ENSG00000166126,AMN,AMN,AMNLS_HUMAN,1132
67,ENSG00000154188,ANGPT1,ANGPT1,ANGP1_HUMAN,913
68,ENSG00000091879,ANGPT2,ANGPT2,ANGP2_HUMAN,55
69,ENSG00000101280,ANGPT4,ANGPT4,ANGP4_HUMAN,1263
70,ENSG00000169604,ANTXR1,ANTXR1,ANTR1_HUMAN,1162
71,ENSG00000135046,ANXA1,ANXA1,ANXA1_HUMAN,223
72,ENSG00000248329,APELA,APELA,ELA_HUMAN,319
73,ENSG00000171388,APLN,APLN,APEL_HUMAN,1252
74,ENSG00000134817,APLNR,APLNR,APJ_HUMAN,622
75,ENSG00000118137,APOA1,APOA1,APOA1_HUMAN,201
76,ENSG00000158874,APOA2,APOA2,APOA2_HUMAN,203
77,ENSG00000084674,APOB,APOB,APOB_HUMAN,226
78,ENSG00000184730,APOBR,APOBR,APOBR_HUMAN,848
79,ENSG00000130203,APOE,APOE,APOE_HUMAN,202
80,ENSG00000142192,APP,APP,A4_HUMAN,242
81,ENSG00000169083,AR,AR,ANDR_HUMAN,326
82,ENSG00000109321,AREG,AREG,AREG_HUMAN,396
83,ENSG00000143761,ARF1,ARF1,ARF1_HUMAN,803
84,ENSG00000117407,ARTN,ARTN,ARTN_HUMAN,954
85,ENSG00000161944,ASGR2,ASGR2,ASGR2_HUMAN,269
86,ENSG00000101440,ASIP,ASIP,ASIP_HUMAN,667
87,ENSG00000196433,ASMT,ASMT,ASMT_HUMAN,692
88,ENSG00000182220,ATP6AP2,ATP6AP2,RENR_HUMAN,109
89,ENSG00000101200,AVP,AVP,NEU2_HUMAN,159
90,ENSG00000166148,AVPR1A,AVPR1A,V1AR_HUMAN,640
91,ENSG00000198049,AVPR1B,AVPR1B,V1BR_HUMAN,699
92,ENSG00000126895,AVPR2,AVPR2,V2R_HUMAN,563
93,ENSG00000167601,AXL,AXL,UFO_HUMAN,564
94,ENSG00000273686,B2M,B2M,B2MG_HUMAN,786
95,ENSG00000166710,B2M,B2M,B2MG_HUMAN,786
96,ENSG00000228760,BAG6,BAG6,BAG6_HUMAN,690
97,ENSG00000233348,BAG6,BAG6,BAG6_HUMAN,690
98,ENSG00000234651,BAG6,BAG6,BAG6_HUMAN,690
99,ENSG00000096155,BAG6,BAG6,BAG6_HUMAN,690
100,ENSG00000204463,BAG6,BAG6,BAG6_HUMAN,690
101,ENSG00000227761,BAG6,BAG6,BAG6_HUMAN,690
102,ENSG00000229524,BAG6,BAG6,BAG6_HUMAN,690
103,ENSG00000186716,BCR,BCR,BCR_HUMAN,344
104,ENSG00000100739,BDKRB1,BDKRB1,BKRB1_HUMAN,693
105,ENSG00000168398,BDKRB2,BDKRB2,BKRB2_HUMAN,561
106,ENSG00000176697,BDNF,BDNF,BDNF_HUMAN,498
107,ENSG00000163217,BMP10,BMP10,BMP10_HUMAN,123
108,ENSG00000130385,BMP15,BMP15,BMP15_HUMAN,136
109,ENSG00000125845,BMP2,BMP2,BMP2_HUMAN,358
110,ENSG00000125378,BMP4,BMP4,BMP4_HUMAN,359
111,ENSG00000112175,BMP5,BMP5,BMP5_HUMAN,483
112,ENSG00000153162,BMP6,BMP6,BMP6_HUMAN,484
113,ENSG00000101144,BMP7,BMP7,BMP7_HUMAN,427
114,ENSG00000183682,BMP8A,BMP8A,BMP8A_HUMAN,995
115,ENSG00000116985,BMP8B,BMP8B,BMP8B_HUMAN,605
116,ENSG00000107779,BMPR1A,BMPR1A,BMR1A_HUMAN,632
117,ENSG00000138696,BMPR1B,BMPR1B,BMR1B_HUMAN,21
118,ENSG00000204217,BMPR2,BMPR2,BMPR2_HUMAN,880
119,ENSG00000144857,BOC,BOC,BOC_HUMAN,1128
120,ENSG00000172270,BSG,BSG,BASI_HUMAN,626
121,ENSG00000130303,BST2,BST2,BST2_HUMAN,849
122,ENSG00000174808,BTC,BTC,BTC_HUMAN,612
123,ENSG00000186265,BTLA,BTLA,BTLA_HUMAN,996
124,ENSG00000188373,C10orf99,C10orf99,GP15L_HUMAN,971
125,ENSG00000125730,C3,C3,CO3_HUMAN,146
126,ENSG00000171860,C3AR1,C3AR1,C3AR_HUMAN,929
127,ENSG00000227746,C4A,C4A,CO4A_HUMAN,315
128,ENSG00000244731,C4A,C4A,CO4A_HUMAN,315
129,ENSG00000206340,C4A,C4A,CO4A_HUMAN,315
130,ENSG00000244207,C4A,C4A,CO4A_HUMAN,315
131,ENSG00000106804,C5,C5,CO5_HUMAN,147
132,ENSG00000197405,C5AR1,C5AR1,C5AR1_HUMAN,474
133,ENSG00000134830,C5AR2,C5AR2,C5AR2_HUMAN,1222
134,ENSG00000182985,CADM1,CADM1,CADM1_HUMAN,1134
135,ENSG00000162706,CADM3,CADM3,CADM3_HUMAN,1014
136,ENSG00000105767,CADM4,CADM4,CADM4_HUMAN,1032
137,ENSG00000110680,CALCA,CALCA,CALC_HUMAN,170
138,ENSG00000175868,CALCB,CALCB,CALCB_HUMAN,322
139,ENSG00000004948,CALCR,CALCR,CALCR_HUMAN,577
140,ENSG00000064989,CALCRL,CALCRL,CALRL_HUMAN,930
141,ENSG00000164047,CAMP,CAMP,CAMP_HUMAN,725
142,ENSG00000175294,CATSPER1,CATSPER1,CTSR1_HUMAN,1025
143,ENSG00000166762,CATSPER2,CATSPER2,CTSR2_HUMAN,1093
144,ENSG00000152705,CATSPER3,CATSPER3,CTSR3_HUMAN,1001
145,ENSG00000188782,CATSPER4,CATSPER4,CTSR4_HUMAN,990
146,ENSG00000133962,CATSPERB,CATSPERB,CTSRB_HUMAN,1164
147,ENSG00000274338,CATSPERB,CATSPERB,CTSRB_HUMAN,1164
148,ENSG00000174898,CATSPERD,CATSPERD,CTSRD_HUMAN,1000
149,ENSG00000159228,CBR1,CBR1,CBR1_HUMAN,406
150,ENSG00000187094,CCK,CCK,CCKN_HUMAN,257
151,ENSG00000163394,CCKAR,CCKAR,CCKAR_HUMAN,587
152,ENSG00000110148,CCKBR,CCKBR,GASR_HUMAN,588
153,ENSG00000108702,CCL1,CCL1,CCL1_HUMAN,487
154,ENSG00000172156,CCL11,CCL11,CCL11_HUMAN,735
155,ENSG00000181374,CCL13,CCL13,CCL13_HUMAN,1112
156,ENSG00000277236,CCL14,CCL14,CCL14_HUMAN,932
157,ENSG00000276409,CCL14,CCL14,CCL14_HUMAN,932
158,ENSG00000275528,CCL15,CCL15,CCL15_HUMAN,935
159,ENSG00000275718,CCL15,CCL15,CCL15_HUMAN,935
160,ENSG00000275152,CCL16,CCL16,CCL16_HUMAN,63
161,ENSG00000275095,CCL16,CCL16,CCL16_HUMAN,63
162,ENSG00000102970,CCL17,CCL17,CCL17_HUMAN,1056
163,ENSG00000275385,CCL18,CCL18,CCL18_HUMAN,769
164,ENSG00000278006,CCL18,CCL18,CCL18_HUMAN,769
165,ENSG00000278167,CCL18,CCL18,CCL18_HUMAN,769
166,ENSG00000172724,CCL19,CCL19,CCL19_HUMAN,1117
167,ENSG00000108691,CCL2,CCL2,CCL2_HUMAN,366
168,ENSG00000115009,CCL20,CCL20,CCL20_HUMAN,795
169,ENSG00000137077,CCL21,CCL21,CCL21_HUMAN,33
170,ENSG00000102962,CCL22,CCL22,CCL22_HUMAN,36
171,ENSG00000274736,CCL23,CCL23,CCL23_HUMAN,768
172,ENSG00000276114,CCL23,CCL23,CCL23_HUMAN,768
173,ENSG00000106178,CCL24,CCL24,CCL24_HUMAN,17
174,ENSG00000131142,CCL25,CCL25,CCL25_HUMAN,62
175,ENSG00000006606,CCL26,CCL26,CCL26_HUMAN,1262
176,ENSG00000213927,CCL27,CCL27,CCL27_HUMAN,1269
177,ENSG00000151882,CCL28,CCL28,CCL28_HUMAN,1198
178,ENSG00000277632,CCL3,CCL3,CCL3_HUMAN,325
179,ENSG00000278567,CCL3,CCL3,CCL3_HUMAN,325
180,ENSG00000274221,CCL3,CCL3,CCL3_HUMAN,325
181,ENSG00000276085,CCL3L1,CCL3L1,CL3L1_HUMAN,414
183,ENSG00000277796,CCL3L3,CCL3L3,CL3L1_HUMAN,414
184,ENSG00000277768,CCL3L3,CCL3L3,CL3L1_HUMAN,414
185,ENSG00000277336,CCL3L3,CCL3L3,CL3L1_HUMAN,414
182,ENSG00000276085,CCL3L1,CCL3L1,CCL3L1,4
186,ENSG00000275824,CCL4,CCL4,CCL4_HUMAN,364
187,ENSG00000277943,CCL4,CCL4,CCL4_HUMAN,364
188,ENSG00000275302,CCL4,CCL4,CCL4_HUMAN,364
189,ENSG00000275313,CCL4L2,CCL4L2,CC4L_HUMAN,1036
190,ENSG00000276070,CCL4L2,CCL4L2,CC4L_HUMAN,1036
191,ENSG00000271503,CCL5,CCL5,CCL5_HUMAN,367
192,ENSG00000274233,CCL5,CCL5,CCL5_HUMAN,367
193,ENSG00000108688,CCL7,CCL7,CCL7_HUMAN,797
194,ENSG00000108700,CCL8,CCL8,CCL8_HUMAN,796
195,ENSG00000163823,CCR1,CCR1,CCR1_HUMAN,591
196,ENSG00000184451,CCR10,CCR10,CCR10_HUMAN,687
197,ENSG00000121807,CCR2,CCR2,CCR2_HUMAN,664
198,ENSG00000183625,CCR3,CCR3,CCR3_HUMAN,736
199,ENSG00000183813,CCR4,CCR4,CCR4_HUMAN,737
200,ENSG00000160791,CCR5,CCR5,CCR5_HUMAN,738
201,ENSG00000112486,CCR6,CCR6,CCR6_HUMAN,739
202,ENSG00000126353,CCR7,CCR7,CCR7_HUMAN,592
203,ENSG00000179934,CCR8,CCR8,CCR8_HUMAN,740
204,ENSG00000173585,CCR9,CCR9,CCR9_HUMAN,741
205,ENSG00000121797,CCRL2,CCRL2,CCRL2_HUMAN,27
206,ENSG00000117281,CD160,CD160,BY55_HUMAN,135
207,ENSG00000204936,CD177,CD177,CD177_HUMAN,1019
208,ENSG00000158473,CD1D,CD1D,CD1D_HUMAN,400
209,ENSG00000116824,CD2,CD2,CD2_HUMAN,259
210,ENSG00000091972,CD200,CD200,OX2G_HUMAN,658
211,ENSG00000163606,CD200R1,CD200R1,MO2R1_HUMAN,1040
212,ENSG00000090659,CD209,CD209,CD209_HUMAN,1184
213,ENSG00000012124,CD22,CD22,CD22_HUMAN,449
214,ENSG00000150637,CD226,CD226,CD226_HUMAN,921
215,ENSG00000272398,CD24,CD24,CD24_HUMAN,507
216,ENSG00000122223,CD244,CD244,CD244_HUMAN,1139
217,ENSG00000139193,CD27,CD27,CD27_HUMAN,527
218,ENSG00000120217,CD274,CD274,PD1L1_HUMAN,1216
219,ENSG00000103855,CD276,CD276,CD276_HUMAN,958
220,ENSG00000178562,CD28,CD28,CD28_HUMAN,331
221,ENSG00000174059,CD34,CD34,CD34_HUMAN,545
222,ENSG00000135218,CD36,CD36,CD36_HUMAN,415
223,ENSG00000004468,CD38,CD38,CD38_HUMAN,546
224,ENSG00000101017,CD40,CD40,TNR5_HUMAN,519
225,ENSG00000102245,CD40LG,CD40LG,CD40L_HUMAN,559
226,ENSG00000026508,CD44,CD44,CD44_HUMAN,402
227,ENSG00000117335,CD46,CD46,MCP_HUMAN,397
228,ENSG00000196776,CD47,CD47,CD47_HUMAN,846
229,ENSG00000117091,CD48,CD48,CD48_HUMAN,304
230,ENSG00000169442,CD52,CD52,CD52_HUMAN,581
231,ENSG00000196352,CD55,CD55,DAF_HUMAN,282
232,ENSG00000116815,CD58,CD58,LFA3_HUMAN,440
233,ENSG00000013725,CD6,CD6,CD6_HUMAN,560
234,ENSG00000125726,CD70,CD70,CD70_HUMAN,599
235,ENSG00000137101,CD72,CD72,CD72_HUMAN,479
236,ENSG00000019582,CD74,CD74,HG2A_HUMAN,231
237,ENSG00000121594,CD80,CD80,CD80_HUMAN,603
238,ENSG00000112149,CD83,CD83,CD83_HUMAN,808
239,ENSG00000114013,CD86,CD86,CD86_HUMAN,666
240,ENSG00000153563,CD8A,CD8A,CD8A_HUMAN,196
241,ENSG00000172116,CD8B,CD8B,CD8B_HUMAN,338
242,ENSG00000153283,CD96,CD96,TACT_HUMAN,650
243,ENSG00000002586,CD99,CD99,CD99_HUMAN,381
244,ENSG00000039068,CDH1,CDH1,CADH1_HUMAN,360
245,ENSG00000170558,CDH2,CDH2,CADH2_HUMAN,436
246,ENSG00000062038,CDH3,CDH3,CADH3_HUMAN,485
247,ENSG00000179776,CDH5,CDH5,CADH5_HUMAN,602
248,ENSG00000113361,CDH6,CDH6,CADH6_HUMAN,767
249,ENSG00000081138,CDH7,CDH7,CADH7_HUMAN,1248
250,ENSG00000064309,CDON,CDON,CDON_HUMAN,948
251,ENSG00000079385,CEACAM1,CEACAM1,CEAM1_HUMAN,372
252,ENSG00000105388,CEACAM5,CEACAM5,CEAM5_HUMAN,260
253,ENSG00000086548,CEACAM6,CEACAM6,CEAM6_HUMAN,649
254,ENSG00000124469,CEACAM8,CEACAM8,CEAM8_HUMAN,585
255,ENSG00000170835,CEL,CEL,CEL_HUMAN,445
256,ENSG00000143126,CELSR2,CELSR2,CELR2_HUMAN,1182
257,ENSG00000008300,CELSR3,CELSR3,CELR3_HUMAN,1206
258,ENSG00000147869,CER1,CER1,CER1_HUMAN,133
259,ENSG00000136698,CFC1,CFC1,CFC1_HUMAN,317
260,ENSG00000135346,CGA,CGA,GLHA_HUMAN,163
261,ENSG00000070748,CHAT,CHAT,CLAT_HUMAN,539
262,ENSG00000168539,CHRM1,CHRM1,ACM1_HUMAN,343
263,ENSG00000181072,CHRM2,CHRM2,ACM2_HUMAN,280
264,ENSG00000133019,CHRM3,CHRM3,ACM3_HUMAN,451
265,ENSG00000180720,CHRM4,CHRM4,ACM4_HUMAN,281
266,ENSG00000184984,CHRM5,CHRM5,ACM5_HUMAN,298
267,ENSG00000138435,CHRNA1,CHRNA1,ACHA_HUMAN,207
268,ENSG00000120903,CHRNA2,CHRNA2,ACHA2_HUMAN,923
269,ENSG00000080644,CHRNA3,CHRNA3,ACHA3_HUMAN,593
270,ENSG00000101204,CHRNA4,CHRNA4,ACHA4_HUMAN,685
271,ENSG00000169684,CHRNA5,CHRNA5,ACHA5_HUMAN,565
272,ENSG00000147434,CHRNA6,CHRNA6,ACHA6_HUMAN,924
273,ENSG00000175344,CHRNA7,CHRNA7,ACHA7_HUMAN,630
274,ENSG00000160716,CHRNB2,CHRNB2,ACHB2_HUMAN,422
275,ENSG00000147432,CHRNB3,CHRNB3,ACHB3_HUMAN,833
276,ENSG00000117971,CHRNB4,CHRNB4,ACHB4_HUMAN,574
277,ENSG00000175505,CLCF1,CLCF1,CLCF1_HUMAN,1225
278,ENSG00000188393,CLEC2A,CLEC2A,CLC2A_HUMAN,967
279,ENSG00000110852,CLEC2B,CLEC2B,CLC2B_HUMAN,1054
280,ENSG00000069493,CLEC2D,CLEC2D,CLC2D_HUMAN,1242
281,ENSG00000104938,CLEC4M,CLEC4M,CLC4M_HUMAN,1154
282,ENSG00000120885,CLU,CLU,CLUS_HUMAN,336
283,ENSG00000174600,CMKLR1,CMKLR1,CML1_HUMAN,1119
284,ENSG00000118432,CNR1,CNR1,CNR1_HUMAN,470
285,ENSG00000188822,CNR2,CNR2,CNR2_HUMAN,608
286,ENSG00000242689,CNTF,CNTF,CNTF_HUMAN,523
287,ENSG00000122756,CNTFR,CNTFR,CNTFR_HUMAN,530
288,ENSG00000018236,CNTN1,CNTN1,CNTN1_HUMAN,850
289,ENSG00000123500,COL10A1,COL10A1,COAA1_HUMAN,828
290,ENSG00000060718,COL11A1,COL11A1,COBA1_HUMAN,352
291,ENSG00000227801,COL11A2,COL11A2,COBA2_HUMAN,375
292,ENSG00000204248,COL11A2,COL11A2,COBA2_HUMAN,375
293,ENSG00000232541,COL11A2,COL11A2,COBA2_HUMAN,375
294,ENSG00000230930,COL11A2,COL11A2,COBA2_HUMAN,375
295,ENSG00000206290,COL11A2,COL11A2,COBA2_HUMAN,375
296,ENSG00000223699,COL11A2,COL11A2,COBA2_HUMAN,375
297,ENSG00000235708,COL11A2,COL11A2,COBA2_HUMAN,375
298,ENSG00000111799,COL12A1,COL12A1,COCA1_HUMAN,1116
299,ENSG00000197467,COL13A1,COL13A1,CODA1_HUMAN,955
300,ENSG00000187955,COL14A1,COL14A1,COEA1_HUMAN,832
301,ENSG00000204291,COL15A1,COL15A1,COFA1_HUMAN,645
302,ENSG00000084636,COL16A1,COL16A1,COGA1_HUMAN,838
303,ENSG00000065618,COL17A1,COL17A1,COHA1_HUMAN,1255
304,ENSG00000182871,COL18A1,COL18A1,COIA1_HUMAN,646
305,ENSG00000082293,COL19A1,COL19A1,COJA1_HUMAN,903
306,ENSG00000108821,COL1A1,COL1A1,CO1A1_HUMAN,197
307,ENSG00000164692,COL1A2,COL1A2,CO1A2_HUMAN,278
308,ENSG00000101203,COL20A1,COL20A1,COKA1_HUMAN,1221
309,ENSG00000124749,COL21A1,COL21A1,COLA1_HUMAN,1092
310,ENSG00000169436,COL22A1,COL22A1,COMA1_HUMAN,1030
311,ENSG00000171502,COL24A1,COL24A1,COOA1_HUMAN,939
312,ENSG00000160963,COL26A1,COL26A1,COQA1_HUMAN,1077
313,ENSG00000196739,COL27A1,COL27A1,CORA1_HUMAN,1009
314,ENSG00000215018,COL28A1,COL28A1,COSA1_HUMAN,944
315,ENSG00000139219,COL2A1,COL2A1,CO2A1_HUMAN,198
316,ENSG00000168542,COL3A1,COL3A1,CO3A1_HUMAN,199
317,ENSG00000187498,COL4A1,COL4A1,CO4A1_HUMAN,200
318,ENSG00000134871,COL4A2,COL4A2,CO4A2_HUMAN,287
319,ENSG00000169031,COL4A3,COL4A3,CO4A3_HUMAN,813
320,ENSG00000081052,COL4A4,COL4A4,CO4A4_HUMAN,749
321,ENSG00000188153,COL4A5,COL4A5,CO4A5_HUMAN,556
322,ENSG00000197565,COL4A6,COL4A6,CO4A6_HUMAN,882
323,ENSG00000130635,COL5A1,COL5A1,CO5A1_HUMAN,466
324,ENSG00000204262,COL5A2,COL5A2,CO5A2_HUMAN,254
325,ENSG00000080573,COL5A3,COL5A3,CO5A3_HUMAN,518
326,ENSG00000142156,COL6A1,COL6A1,CO6A1_HUMAN,353
327,ENSG00000142173,COL6A2,COL6A2,CO6A2_HUMAN,354
328,ENSG00000163359,COL6A3,COL6A3,CO6A3_HUMAN,355
329,ENSG00000172752,COL6A5,COL6A5,CO6A5_HUMAN,3
330,ENSG00000206384,COL6A6,COL6A6,CO6A6_HUMAN,2
331,ENSG00000114270,COL7A1,COL7A1,CO7A1_HUMAN,818
332,ENSG00000144810,COL8A1,COL8A1,CO8A1_HUMAN,534
333,ENSG00000171812,COL8A2,COL8A2,CO8A2_HUMAN,508
334,ENSG00000112280,COL9A1,COL9A1,CO9A1_HUMAN,465
335,ENSG00000049089,COL9A2,COL9A2,CO9A2_HUMAN,884
336,ENSG00000092758,COL9A3,COL9A3,CO9A3_HUMAN,883
337,ENSG00000158270,COLEC12,COLEC12,COL12_HUMAN,951
338,ENSG00000122218,COPA,COPA,COPA_HUMAN,750
339,ENSG00000241563,CORT,CORT,CORT_HUMAN,20
340,ENSG00000117322,CR2,CR2,CR2_HUMAN,448
341,ENSG00000143320,CRABP2,CRABP2,RABP2_HUMAN,555
342,ENSG00000147571,CRH,CRH,CRF_HUMAN,264
343,ENSG00000120088,CRHR1,CRHR1,CRFR1_HUMAN,611
344,ENSG00000278232,CRHR1,CRHR1,CRFR1_HUMAN,611
345,ENSG00000276191,CRHR1,CRHR1,CRFR1_HUMAN,611
346,ENSG00000106113,CRHR2,CRHR2,CRFR2_HUMAN,864
347,ENSG00000205755,CRLF2,CRLF2,CRLF2_HUMAN,1176
348,ENSG00000109943,CRTAM,CRTAM,CRTAM_HUMAN,129
349,ENSG00000184371,CSF1,CSF1,CSF1_HUMAN,308
350,ENSG00000182578,CSF1R,CSF1R,CSF1R_HUMAN,270
351,ENSG00000164400,CSF2,CSF2,CSF2_HUMAN,227
352,ENSG00000198223,CSF2RA,CSF2RA,CSF2R_HUMAN,395
353,ENSG00000100368,CSF2RB,CSF2RB,IL3RB_HUMAN,597
354,ENSG00000108342,CSF3,CSF3,CSF3_HUMAN,313
355,ENSG00000119535,CSF3R,CSF3R,CSF3R_HUMAN,1106
356,ENSG00000204414,CSHL1,CSHL1,CSHL_HUMAN,893
357,ENSG00000173546,CSPG4,CSPG4,CSPG4_HUMAN,966
358,ENSG00000163599,CTLA4,CTLA4,CTLA4_HUMAN,409
359,ENSG00000107611,CUBN,CUBN,CUBN_HUMAN,88
360,ENSG00000006210,CX3CL1,CX3CL1,X3CL1_HUMAN,791
361,ENSG00000168329,CX3CR1,CX3CR1,CX3C1_HUMAN,715
362,ENSG00000154639,CXADR,CXADR,CXAR_HUMAN,789
363,ENSG00000163739,CXCL1,CXCL1,GROA_HUMAN,305
364,ENSG00000169245,CXCL10,CXCL10,CXL10_HUMAN,214
365,ENSG00000169248,CXCL11,CXCL11,CXL11_HUMAN,39
366,ENSG00000107562,CXCL12,CXCL12,SDF1_HUMAN,703
367,ENSG00000156234,CXCL13,CXCL13,CXL13_HUMAN,81
368,ENSG00000145824,CXCL14,CXCL14,CXL14_HUMAN,128
369,ENSG00000161921,CXCL16,CXCL16,CXL16_HUMAN,1152
370,ENSG00000189377,CXCL17,CXCL17,VCC1_HUMAN,976
371,ENSG00000081041,CXCL2,CXCL2,CXCL2_HUMAN,446
372,ENSG00000163734,CXCL3,CXCL3,CXCL3_HUMAN,447
373,ENSG00000163735,CXCL5,CXCL5,CXCL5_HUMAN,671
374,ENSG00000124875,CXCL6,CXCL6,CXCL6_HUMAN,798
375,ENSG00000169429,CXCL8,CXCL8,IL8_HUMAN,324
376,ENSG00000138755,CXCL9,CXCL9,CXCL9_HUMAN,839
377,ENSG00000163464,CXCR1,CXCR1,CXCR1_HUMAN,505
378,ENSG00000180871,CXCR2,CXCR2,CXCR2_HUMAN,506
379,ENSG00000186810,CXCR3,CXCR3,CXCR3_HUMAN,717
380,ENSG00000121966,CXCR4,CXCR4,CXCR4_HUMAN,783
381,ENSG00000160683,CXCR5,CXCR5,CXCR5_HUMAN,594
382,ENSG00000172215,CXCR6,CXCR6,CXCR6_HUMAN,31
383,ENSG00000140459,CYP11A1,CYP11A1,CP11A_HUMAN,246
384,ENSG00000160882,CYP11B1,CYP11B1,C11B1_HUMAN,398
385,ENSG00000179142,CYP11B2,CYP11B2,C11B2_HUMAN,437
386,ENSG00000148795,CYP17A1,CYP17A1,CP17A_HUMAN,243
387,ENSG00000137869,CYP19A1,CYP19A1,CP19A_HUMAN,349
388,ENSG00000232414,CYP21A2,CYP21A2,CP21A_HUMAN,294
389,ENSG00000198457,CYP21A2,CYP21A2,CP21A_HUMAN,294
390,ENSG00000206338,CYP21A2,CYP21A2,CP21A_HUMAN,294
391,ENSG00000231852,CYP21A2,CYP21A2,CP21A_HUMAN,294
392,ENSG00000235134,CYP21A2,CYP21A2,CP21A_HUMAN,294
393,ENSG00000233151,CYP21A2,CYP21A2,CP21A_HUMAN,294
394,ENSG00000111012,CYP27B1,CYP27B1,CP27B_HUMAN,65
395,ENSG00000160868,CYP3A4,CYP3A4,CP3A4_HUMAN,293
396,ENSG00000173198,CYSLTR1,CYSLTR1,CLTR1_HUMAN,1264
397,ENSG00000152207,CYSLTR2,CYSLTR2,CLTR2_HUMAN,1201
398,ENSG00000173402,DAG1,DAG1,DAG1_HUMAN,887
399,ENSG00000134780,DAGLA,DAGLA,DGLA_HUMAN,1267
400,ENSG00000164535,DAGLB,DAGLB,DGLB_HUMAN,1023
401,ENSG00000123454,DBH,DBH,DOPO_HUMAN,303
402,ENSG00000187323,DCC,DCC,DCC_HUMAN,677
403,ENSG00000132437,DDC,DDC,DDC_HUMAN,459
404,ENSG00000223680,DDR1,DDR1,DDR1_HUMAN,844
405,ENSG00000215522,DDR1,DDR1,DDR1_HUMAN,844
406,ENSG00000230456,DDR1,DDR1,DDR1_HUMAN,844
407,ENSG00000229767,DDR1,DDR1,DDR1_HUMAN,844
408,ENSG00000234078,DDR1,DDR1,DDR1_HUMAN,844
409,ENSG00000204580,DDR1,DDR1,DDR1_HUMAN,844
410,ENSG00000137332,DDR1,DDR1,DDR1_HUMAN,844
411,ENSG00000116133,DHCR24,DHCR24,DHC24_HUMAN,914
412,ENSG00000172893,DHCR7,DHCR7,DHCR7_HUMAN,1230
413,ENSG00000139549,DHH,DHH,DHH_HUMAN,70
414,ENSG00000073737,DHRS9,DHRS9,DHRS9_HUMAN,1125
415,ENSG00000197406,DIO3,DIO3,IOD3_HUMAN,762
416,ENSG00000107984,DKK1,DKK1,DKK1_HUMAN,114
417,ENSG00000155011,DKK2,DKK2,DKK2_HUMAN,1232
418,ENSG00000185559,DLK1,DLK1,DLK1_HUMAN,800
419,ENSG00000275555,DLL1,DLL1,DLL1_HUMAN,30
420,ENSG00000198719,DLL1,DLL1,DLL1_HUMAN,30
421,ENSG00000090932,DLL3,DLL3,DLL3_HUMAN,1205
422,ENSG00000128917,DLL4,DLL4,DLL4_HUMAN,1195
423,ENSG00000015413,DPEP1,DPEP1,DPEP1_HUMAN,410
424,ENSG00000167261,DPEP2,DPEP2,DPEP2_HUMAN,1158
425,ENSG00000141096,DPEP3,DPEP3,DPEP3_HUMAN,1159
426,ENSG00000197635,DPP4,DPP4,DPP4_HUMAN,532
427,ENSG00000184845,DRD1,DRD1,DRD1_HUMAN,473
428,ENSG00000149295,DRD2,DRD2,DRD2_HUMAN,383
429,ENSG00000151577,DRD3,DRD3,DRD3_HUMAN,624
430,ENSG00000276825,DRD4,DRD4,DRD4_HUMAN,481
431,ENSG00000069696,DRD4,DRD4,DRD4_HUMAN,481
432,ENSG00000169676,DRD5,DRD5,DRD5_HUMAN,482
433,ENSG00000134765,DSC1,DSC1,DSC1_HUMAN,845
434,ENSG00000134755,DSC2,DSC2,DSC2_HUMAN,820
435,ENSG00000134762,DSC3,DSC3,DSC3_HUMAN,895
436,ENSG00000171587,DSCAM,DSCAM,DSCAM_HUMAN,86
437,ENSG00000134760,DSG1,DSG1,DSG1_HUMAN,819
438,ENSG00000046604,DSG2,DSG2,DSG2_HUMAN,888
439,ENSG00000105246,EBI3,EBI3,IL27B_HUMAN,889
440,ENSG00000158813,EDA,EDA,EDA_HUMAN,1063
441,ENSG00000131080,EDA2R,EDA2R,TNR27_HUMAN,1167
442,ENSG00000135960,EDAR,EDAR,EDAR_HUMAN,1256
443,ENSG00000127129,EDN2,EDN2,EDN2_HUMAN,462
444,ENSG00000151617,EDNRA,EDNRA,EDNRA_HUMAN,513
445,ENSG00000169242,EFNA1,EFNA1,EFNA1_HUMAN,464
446,ENSG00000099617,EFNA2,EFNA2,EFNA2_HUMAN,80
447,ENSG00000143590,EFNA3,EFNA3,EFNA3_HUMAN,745
448,ENSG00000243364,EFNA4,EFNA4,EFNA4_HUMAN,746
449,ENSG00000184349,EFNA5,EFNA5,EFNA5_HUMAN,748
450,ENSG00000090776,EFNB1,EFNB1,EFNB1_HUMAN,805
451,ENSG00000125266,EFNB2,EFNB2,EFNB2_HUMAN,747
452,ENSG00000108947,EFNB3,EFNB3,EFNB3_HUMAN,922
453,ENSG00000138798,EGF,EGF,EGF_HUMAN,152
454,ENSG00000146648,EGFR,EGFR,EGFR_HUMAN,139
455,ENSG00000168913,ENHO,ENHO,ENHO_HUMAN,973
456,ENSG00000138185,ENTPD1,ENTPD1,ENTP1_HUMAN,726
457,ENSG00000088367,EPB41L1,EPB41L1,E41L1_HUMAN,1160
458,ENSG00000182585,EPGN,EPGN,EPGN_HUMAN,969
459,ENSG00000284816,EPHA1,EPHA1,EPHA1_HUMAN,472
460,ENSG00000146904,EPHA1,EPHA1,EPHA1_HUMAN,472
461,ENSG00000142627,EPHA2,EPHA2,EPHA2_HUMAN,550
462,ENSG00000044524,EPHA3,EPHA3,EPHA3_HUMAN,551
463,ENSG00000116106,EPHA4,EPHA4,EPHA4_HUMAN,758
464,ENSG00000145242,EPHA5,EPHA5,EPHA5_HUMAN,755
465,ENSG00000135333,EPHA7,EPHA7,EPHA7_HUMAN,912
466,ENSG00000070886,EPHA8,EPHA8,EPHA8_HUMAN,552
467,ENSG00000154928,EPHB1,EPHB1,EPHB1_HUMAN,757
468,ENSG00000133216,EPHB2,EPHB2,EPHB2_HUMAN,553
469,ENSG00000182580,EPHB3,EPHB3,EPHB3_HUMAN,754
470,ENSG00000196411,EPHB4,EPHB4,EPHB4_HUMAN,756
471,ENSG00000106123,EPHB6,EPHB6,EPHB6_HUMAN,58
472,ENSG00000275482,EPHB6,EPHB6,EPHB6_HUMAN,58
473,ENSG00000130427,EPO,EPO,EPO_HUMAN,194
474,ENSG00000187266,EPOR,EPOR,EPOR_HUMAN,439
475,ENSG00000141736,ERBB2,ERBB2,ERBB2_HUMAN,233
476,ENSG00000065361,ERBB3,ERBB3,ERBB3_HUMAN,480
477,ENSG00000178568,ERBB4,ERBB4,ERBB4_HUMAN,911
478,ENSG00000124882,EREG,EREG,EREG_HUMAN,52
479,ENSG00000178752,ERFE,ERFE,ERFE_HUMAN,947
480,to_be_reviewed,ERVH48-1,ERVH48-1,SUPYN_HUMAN,14
481,ENSG00000149564,ESAM,ESAM,ESAM_HUMAN,1079
482,ENSG00000091831,ESR1,ESR1,ESR1_HUMAN,219
483,ENSG00000140009,ESR2,ESR2,ESR2_HUMAN,1060
484,ENSG00000092820,EZR,EZR,EZRI_HUMAN,394
485,ENSG00000126218,F10,F10,FA10_HUMAN,141
486,ENSG00000158769,F11R,F11R,JAM1_HUMAN,1275
487,ENSG00000180210,F2,F2,THRB_HUMAN,140
488,ENSG00000183662,FAM19A1,FAM19A1,TAFA1_HUMAN,994
1469,ENSG00000183662,TAFA1,TAFA1,TAFA1_HUMAN,994
489,ENSG00000163377,FAM19A4,FAM19A4,TAFA4_HUMAN,1088
1470,ENSG00000163377,TAFA4,TAFA4,TAFA4_HUMAN,1088
490,ENSG00000219438,FAM19A5,FAM19A5,TAFA5_HUMAN,993
1471,ENSG00000219438,TAFA5,TAFA5,TAFA5_HUMAN,993
491,ENSG00000157870,FAM213B,FAM213B,PXL2B_HUMAN,1037
492,ENSG00000275125,FAM213B,FAM213B,PXL2B_HUMAN,1037
1315,ENSG00000157870,PRXL2B,PRXL2B,PXL2B_HUMAN,1037
493,ENSG00000196937,FAM3C,FAM3C,FAM3C_HUMAN,1055
494,ENSG00000026103,FAS,FAS,TNR6_HUMAN,516
495,ENSG00000117560,FASLG,FASLG,TNFL6_HUMAN,701
496,ENSG00000166147,FBN1,FBN1,FBN1_HUMAN,625
497,ENSG00000104921,FCER2,FCER2,FCER2_HUMAN,261
498,ENSG00000143226,FCGR2A,FCGR2A,FCG2A_HUMAN,357
499,ENSG00000104870,FCGRT,FCGRT,FCGRN_HUMAN,770
500,ENSG00000163518,FCRL4,FCRL4,FCRL4_HUMAN,1098
501,ENSG00000137714,FDX1,FDX1,ADX_HUMAN,323
502,ENSG00000267673,FDX2,FDX2,FDX2_HUMAN,965
503,ENSG00000161513,FDXR,FDXR,ADRO_HUMAN,490
504,ENSG00000126262,FFAR2,FFAR2,FFAR2_HUMAN,67
505,ENSG00000171560,FGA,FGA,FIBA_HUMAN,204
506,ENSG00000171564,FGB,FGB,FIBB_HUMAN,205
507,ENSG00000113578,FGF1,FGF1,FGF1_HUMAN,250
508,ENSG00000070193,FGF10,FGF10,FGF10_HUMAN,64
509,ENSG00000158815,FGF17,FGF17,FGF17_HUMAN,82
510,ENSG00000156427,FGF18,FGF18,FGF18_HUMAN,111
511,ENSG00000162344,FGF19,FGF19,FGF19_HUMAN,130
512,ENSG00000138685,FGF2,FGF2,FGF2_HUMAN,302
513,ENSG00000078579,FGF20,FGF20,FGF20_HUMAN,1186
514,ENSG00000105550,FGF21,FGF21,FGF21_HUMAN,1202
515,ENSG00000070388,FGF22,FGF22,FGF22_HUMAN,1181
516,ENSG00000118972,FGF23,FGF23,FGF23_HUMAN,1146
517,ENSG00000186895,FGF3,FGF3,FGF3_HUMAN,348
518,ENSG00000075388,FGF4,FGF4,FGF4_HUMAN,291
519,ENSG00000138675,FGF5,FGF5,FGF5_HUMAN,351
520,ENSG00000111241,FGF6,FGF6,FGF6_HUMAN,332
521,ENSG00000140285,FGF7,FGF7,FGF7_HUMAN,477
522,ENSG00000107831,FGF8,FGF8,FGF8_HUMAN,763
523,ENSG00000102678,FGF9,FGF9,FGF9_HUMAN,582
524,ENSG00000077782,FGFR1,FGFR1,FGFR1_HUMAN,346
525,ENSG00000066468,FGFR2,FGFR2,FGFR2_HUMAN,478
526,ENSG00000068078,FGFR3,FGFR3,FGFR3_HUMAN,491
527,ENSG00000160867,FGFR4,FGFR4,FGFR4_HUMAN,488
528,ENSG00000127418,FGFRL1,FGFRL1,FGRL1_HUMAN,1016
529,ENSG00000171557,FGG,FGG,FIBG_HUMAN,206
530,ENSG00000104760,FGL1,FGL1,FGL1_HUMAN,847
531,ENSG00000102755,FLT1,FLT1,VGFR1_HUMAN,425
532,ENSG00000122025,FLT3,FLT3,FLT3_HUMAN,631
533,ENSG00000090554,FLT3LG,FLT3LG,FLT3L_HUMAN,723
534,ENSG00000037280,FLT4,FLT4,VGFR3_HUMAN,627
535,ENSG00000115414,FN1,FN1,FINC_HUMAN,208
536,ENSG00000171051,FPR1,FPR1,FPR1_HUMAN,469
537,ENSG00000171049,FPR2,FPR2,FPR2_HUMAN,510
538,ENSG00000187474,FPR3,FPR3,FPR3_HUMAN,509
539,ENSG00000162998,FRZB,FRZB,SFRP3_HUMAN,1062
540,ENSG00000131808,FSHB,FSHB,FSHB_HUMAN,165
541,ENSG00000170820,FSHR,FSHR,FSHR_HUMAN,500
542,ENSG00000167996,FTH1,FTH1,FRIH_HUMAN,218
543,ENSG00000087086,FTL,FTL,FRIL_HUMAN,217
544,ENSG00000157240,FZD1,FZD1,FZD1_HUMAN,1259
545,ENSG00000111432,FZD10,FZD10,FZD10_HUMAN,1251
546,ENSG00000180340,FZD2,FZD2,FZD2_HUMAN,891
547,ENSG00000104290,FZD3,FZD3,FZD3_HUMAN,1190
548,ENSG00000174804,FZD4,FZD4,FZD4_HUMAN,1250
549,ENSG00000163251,FZD5,FZD5,FZD5_HUMAN,867
550,ENSG00000164930,FZD6,FZD6,FZD6_HUMAN,83
551,ENSG00000155760,FZD7,FZD7,FZD7_HUMAN,97
552,ENSG00000177283,FZD8,FZD8,FZD8_HUMAN,1157
553,ENSG00000188763,FZD9,FZD9,FZD9_HUMAN,15
554,ENSG00000069482,GAL,GAL,GALA_HUMAN,489
555,ENSG00000197487,GALP,GALP,GALP_HUMAN,1223
556,ENSG00000166573,GALR1,GALR1,GALR1_HUMAN,694
557,ENSG00000182687,GALR2,GALR2,GALR2_HUMAN,74
558,ENSG00000128310,GALR3,GALR3,GALR3_HUMAN,91
559,ENSG00000180447,GAS1,GAS1,GAS1_HUMAN,759
560,ENSG00000183087,GAS6,GAS6,GAS6_HUMAN,892
561,ENSG00000184502,GAST,GAST,GAST_HUMAN,179
562,ENSG00000115263,GCG,GCG,GLUC_HUMAN,173
563,ENSG00000215644,GCGR,GCGR,GLR_HUMAN,695
564,ENSG00000130283,GDF1,GDF1,GDF1_HUMAN,533
565,ENSG00000266524,GDF10,GDF10,GDF10_HUMAN,766
566,ENSG00000135414,GDF11,GDF11,GDF11_HUMAN,122
567,ENSG00000130513,GDF15,GDF15,GDF15_HUMAN,1124
568,ENSG00000263761,GDF2,GDF2,GDF2_HUMAN,1244
569,ENSG00000184344,GDF3,GDF3,GDF3_HUMAN,1194
570,ENSG00000125965,GDF5,GDF5,GDF5_HUMAN,672
571,ENSG00000156466,GDF6,GDF6,GDF6_HUMAN,964
572,ENSG00000143869,GDF7,GDF7,GDF7_HUMAN,992
573,ENSG00000164404,GDF9,GDF9,GDF9_HUMAN,84
574,ENSG00000168621,GDNF,GDNF,GDNF_HUMAN,647
575,ENSG00000151892,GFRA1,GFRA1,GFRA1_HUMAN,771
576,ENSG00000168546,GFRA2,GFRA2,GFRA2_HUMAN,28
577,ENSG00000146013,GFRA3,GFRA3,GFRA3_HUMAN,90
578,ENSG00000125861,GFRA4,GFRA4,GFRA4_HUMAN,1148
579,ENSG00000187871,GFRAL,GFRAL,GFRAL_HUMAN,978
580,ENSG00000100031,GGT1,GGT1,GGT1_HUMAN,443
581,ENSG00000286070,GGT1,GGT1,GGT1_HUMAN,443
582,ENSG00000099998,GGT5,GGT5,GGT5_HUMAN,629
583,ENSG00000259384,GH1,GH1,SOMA_HUMAN,168
584,ENSG00000136487,GH2,GH2,SOM2_HUMAN,169
585,ENSG00000112964,GHR,GHR,GHR_HUMAN,337
586,ENSG00000118702,GHRH,GHRH,SLIB_HUMAN,175
587,ENSG00000106128,GHRHR,GHRHR,GHRHR_HUMAN,821
588,ENSG00000157017,GHRL,GHRL,GHRL_HUMAN,1233
589,ENSG00000121853,GHSR,GHSR,GHSR_HUMAN,1064
590,ENSG00000159224,GIP,GIP,GIP_HUMAN,310
591,ENSG00000010310,GIPR,GIPR,GIPR_HUMAN,708
592,ENSG00000090863,GLG1,GLG1,GSLG1_HUMAN,1066
593,ENSG00000112164,GLP1R,GLP1R,GLP1R_HUMAN,678
594,ENSG00000065325,GLP2R,GLP2R,GLP2R_HUMAN,134
595,ENSG00000101958,GLRA2,GLRA2,GLRA2_HUMAN,495
596,ENSG00000147437,GNRH1,GNRH1,GON1_HUMAN,156
597,ENSG00000125787,GNRH2,GNRH2,GON2_HUMAN,72
598,ENSG00000109163,GNRHR,GNRHR,GNRHR_HUMAN,576
599,to_be_reviewed,GNRHR2,GNRHR2,GNRR2_HUMAN,1096
600,ENSG00000185245,GP1BA,GP1BA,GP1BA_HUMAN,271
601,ENSG00000203618,GP1BB,GP1BB,GP1BB_HUMAN,362
602,ENSG00000147257,GPC3,GPC3,GPC3_HUMAN,734
603,ENSG00000164850,GPER1,GPER1,GPER1_HUMAN,1111
604,ENSG00000149735,GPHA2,GPHA2,GPHA2_HUMAN,1105
605,ENSG00000179600,GPHB5,GPHB5,GPHB5_HUMAN,1004
606,ENSG00000105220,GPI,GPI,G6PI_HUMAN,262
607,ENSG00000282019,GPI,GPI,G6PI_HUMAN,262
608,ENSG00000183671,GPR1,GPR1,GPR1_HUMAN,686
609,ENSG00000283448,GPR1,GPR1,GPR1_HUMAN,686
610,ENSG00000165370,GPR101,GPR101,GP101_HUMAN,1095
611,ENSG00000101850,GPR143,GPR143,GP143_HUMAN,743
612,ENSG00000154165,GPR15,GPR15,GPR15_HUMAN,719
613,ENSG00000173250,GPR151,GPR151,GP151_HUMAN,1045
614,ENSG00000175514,GPR152,GPR152,GP152_HUMAN,1043
615,ENSG00000144230,GPR17,GPR17,GPR17_HUMAN,863
616,ENSG00000183150,GPR19,GPR19,GPR19_HUMAN,919
617,ENSG00000170128,GPR25,GPR25,GPR25_HUMAN,16
618,ENSG00000178623,GPR35,GPR35,GPR35_HUMAN,1177
619,ENSG00000170775,GPR37,GPR37,GPR37_HUMAN,60
620,ENSG00000170075,GPR37L1,GPR37L1,G37L1_HUMAN,92
621,ENSG00000126251,GPR42,GPR42,GPR42_HUMAN,66
622,ENSG00000135898,GPR55,GPR55,GPR55_HUMAN,1266
623,ENSG00000119737,GPR75,GPR75,GPR75_HUMAN,132
624,ENSG00000167191,GPRC5B,GPRC5B,GPC5B_HUMAN,1211
625,ENSG00000111291,GPRC5D,GPRC5D,GPC5D_HUMAN,1210
626,ENSG00000183454,GRIN2A,GRIN2A,NMDE1_HUMAN,852
627,ENSG00000273079,GRIN2B,GRIN2B,NMDE2_HUMAN,857
628,ENSG00000161509,GRIN2C,GRIN2C,NMDE3_HUMAN,902
629,ENSG00000105464,GRIN2D,GRIN2D,NMDE4_HUMAN,61
630,ENSG00000030582,GRN,GRN,GRN_HUMAN,544
631,ENSG00000134443,GRP,GRP,GRP_HUMAN,272
632,ENSG00000126010,GRPR,GRPR,GRPR_HUMAN,568
633,ENSG00000197273,GUCA2A,GUCA2A,GUC2A_HUMAN,822
634,ENSG00000044012,GUCA2B,GUCA2B,GUC2B_HUMAN,934
635,ENSG00000070019,GUCY2C,GUCY2C,GUC2C_HUMAN,511
636,ENSG00000135077,HAVCR2,HAVCR2,HAVR2_HUMAN,1041
637,ENSG00000113070,HBEGF,HBEGF,HBEGF_HUMAN,1107
638,ENSG00000161610,HCRT,HCRT,OREX_HUMAN,75
639,ENSG00000121764,HCRTR1,HCRTR1,OX1R_HUMAN,76
640,ENSG00000137252,HCRTR2,HCRTR2,OX2R_HUMAN,77
641,ENSG00000126264,HCST,HCST,HCST_HUMAN,1229
642,ENSG00000140287,HDC,HDC,DCHS_HUMAN,438
643,ENSG00000013583,HEBP1,HEBP1,HEBP1_HUMAN,1200
644,ENSG00000010704,HFE,HFE,HFE_HUMAN,945
645,ENSG00000019991,HGF,HGF,HGF_HUMAN,382
646,ENSG00000164161,HHIP,HHIP,HHIP_HUMAN,1100
647,ENSG00000235657,HLA-A,HLA-A,HLAA,6
648,ENSG00000231834,HLA-A,HLA-A,HLAA,6
649,ENSG00000224320,HLA-A,HLA-A,HLAA,6
650,ENSG00000223980,HLA-A,HLA-A,HLAA,6
651,ENSG00000206505,HLA-A,HLA-A,HLAA,6
652,ENSG00000206503,HLA-A,HLA-A,HLAA,6
653,ENSG00000229215,HLA-A,HLA-A,HLAA,6
654,ENSG00000223532,HLA-B,HLA-B,HLAB,7
655,ENSG00000206450,HLA-B,HLA-B,HLAB,7
656,ENSG00000234745,HLA-B,HLA-B,HLAB,7
657,ENSG00000228964,HLA-B,HLA-B,HLAB,7
658,ENSG00000224608,HLA-B,HLA-B,HLAB,7
659,ENSG00000232126,HLA-B,HLA-B,HLAB,7
660,ENSG00000206452,HLA-C,HLA-C,HLAC,8
661,ENSG00000206435,HLA-C,HLA-C,HLAC,8
662,ENSG00000228299,HLA-C,HLA-C,HLAC,8
663,ENSG00000204525,HLA-C,HLA-C,HLAC,8
664,ENSG00000237022,HLA-C,HLA-C,HLAC,8
665,ENSG00000225691,HLA-C,HLA-C,HLAC,8
666,ENSG00000231389,HLA-DPA1,HLA-DPA1,HLADPA1,9
667,ENSG00000223865,HLA-DPB1,HLA-DPB1,HLADPB1,10
668,ENSG00000232629,HLA-DQB2,HLA-DQB2,HLADQB2,11
669,ENSG00000196126,HLA-DRB1,HLA-DRB1,HLADRB1,12
670,ENSG00000229252,HLA-E,HLA-E,HLAE_HUMAN,374
671,ENSG00000236632,HLA-E,HLA-E,HLAE_HUMAN,374
672,ENSG00000206493,HLA-E,HLA-E,HLAE_HUMAN,374
673,ENSG00000230254,HLA-E,HLA-E,HLAE_HUMAN,374
674,ENSG00000204592,HLA-E,HLA-E,HLAE_HUMAN,374
675,ENSG00000233904,HLA-E,HLA-E,HLAE_HUMAN,374
676,ENSG00000225201,HLA-E,HLA-E,HLAE_HUMAN,374
677,ENSG00000204642,HLA-F,HLA-F,HLAF_HUMAN,562
678,ENSG00000229698,HLA-F,HLA-F,HLAF_HUMAN,562
679,ENSG00000237508,HLA-F,HLA-F,HLAF_HUMAN,562
680,ENSG00000235220,HLA-F,HLA-F,HLAF_HUMAN,562
681,ENSG00000206509,HLA-F,HLA-F,HLAF_HUMAN,562
682,ENSG00000137403,HLA-F,HLA-F,HLAF_HUMAN,562
683,ENSG00000233095,HLA-G,HLA-G,HLAG_HUMAN,421
684,ENSG00000206506,HLA-G,HLA-G,HLAG_HUMAN,421
685,ENSG00000237216,HLA-G,HLA-G,HLAG_HUMAN,421
686,ENSG00000235346,HLA-G,HLA-G,HLAG_HUMAN,421
687,ENSG00000276051,HLA-G,HLA-G,HLAG_HUMAN,421
688,ENSG00000230413,HLA-G,HLA-G,HLAG_HUMAN,421
689,ENSG00000235680,HLA-G,HLA-G,HLAG_HUMAN,421
690,ENSG00000204632,HLA-G,HLA-G,HLAG_HUMAN,421
691,ENSG00000196639,HRH1,HRH1,HRH1_HUMAN,617
692,ENSG00000113749,HRH2,HRH2,HRH2_HUMAN,504
693,ENSG00000101180,HRH3,HRH3,HRH3_HUMAN,1270
694,ENSG00000134489,HRH4,HRH4,HRH4_HUMAN,1155
695,ENSG00000108786,HSD17B1,HSD17B1,DHB1_HUMAN,378
696,ENSG00000149084,HSD17B12,HSD17B12,DHB12_HUMAN,949
697,ENSG00000130948,HSD17B3,HSD17B3,DHB3_HUMAN,637
698,ENSG00000025423,HSD17B6,HSD17B6,H17B6_HUMAN,41
699,ENSG00000203857,HSD3B1,HSD3B1,3BHS1_HUMAN,377
700,ENSG00000178394,HTR1A,HTR1A,5HT1A_HUMAN,297
701,ENSG00000135312,HTR1B,HTR1B,5HT1B_HUMAN,537
702,ENSG00000179546,HTR1D,HTR1D,5HT1D_HUMAN,536
703,ENSG00000168830,HTR1E,HTR1E,5HT1E_HUMAN,542
704,ENSG00000179097,HTR1F,HTR1F,5HT1F_HUMAN,575
705,ENSG00000102468,HTR2A,HTR2A,5HT2A_HUMAN,538
706,ENSG00000135914,HTR2B,HTR2B,5HT2B_HUMAN,663
707,ENSG00000147246,HTR2C,HTR2C,5HT2C_HUMAN,540
708,ENSG00000166736,HTR3A,HTR3A,5HT3A_HUMAN,689
709,ENSG00000149305,HTR3B,HTR3B,5HT3B_HUMAN,120
710,ENSG00000178084,HTR3C,HTR3C,5HT3C_HUMAN,1050
711,ENSG00000186090,HTR3D,HTR3D,5HT3D_HUMAN,988
712,ENSG00000186038,HTR3E,HTR3E,5HT3E_HUMAN,1
713,ENSG00000164270,HTR4,HTR4,5HT4R_HUMAN,874
714,ENSG00000157219,HTR5A,HTR5A,5HT5A_HUMAN,698
715,ENSG00000158748,HTR6,HTR6,5HT6R_HUMAN,730
716,ENSG00000148680,HTR7,HTR7,5HT7R_HUMAN,607
717,ENSG00000121351,IAPP,IAPP,IAPP_HUMAN,339
718,ENSG00000090339,ICAM1,ICAM1,ICAM1_HUMAN,252
719,ENSG00000108622,ICAM2,ICAM2,ICAM2_HUMAN,369
720,ENSG00000076662,ICAM3,ICAM3,ICAM3_HUMAN,598
721,ENSG00000105371,ICAM4,ICAM4,ICAM4_HUMAN,899
722,ENSG00000163600,ICOS,ICOS,ICOS_HUMAN,1280
723,ENSG00000160223,ICOSLG,ICOSLG,ICOSL_HUMAN,100
724,ENSG00000119912,IDE,IDE,IDE_HUMAN,386
725,ENSG00000197919,IFNA1,IFNA1,IFNA1_HUMAN,182
728,ENSG00000233816,IFNA13,IFNA13,IFNA1_HUMAN,182
726,ENSG00000197919,IFNA1,IFNA1,IFNA1,13
727,ENSG00000186803,IFNA10,IFNA10,IFN10_HUMAN,184
729,ENSG00000228083,IFNA14,IFNA14,IFN14_HUMAN,188
730,ENSG00000147885,IFNA16,IFNA16,IFN16_HUMAN,240
731,ENSG00000234829,IFNA17,IFNA17,IFN17_HUMAN,189
732,ENSG00000188379,IFNA2,IFNA2,IFNA2_HUMAN,183
733,ENSG00000137080,IFNA21,IFNA21,IFN21_HUMAN,186
734,ENSG00000236637,IFNA4,IFNA4,IFNA4_HUMAN,239
735,ENSG00000147873,IFNA5,IFNA5,IFNA5_HUMAN,187
736,ENSG00000120235,IFNA6,IFNA6,IFNA6_HUMAN,238
737,ENSG00000214042,IFNA7,IFNA7,IFNA7_HUMAN,185
738,ENSG00000120242,IFNA8,IFNA8,IFNA8_HUMAN,596
739,ENSG00000142166,IFNAR1,IFNAR1,INAR1_HUMAN,418
740,ENSG00000159110,IFNAR2,IFNAR2,INAR2_HUMAN,709
741,ENSG00000171855,IFNB1,IFNB1,IFNB_HUMAN,190
742,ENSG00000184995,IFNE,IFNE,IFNE_HUMAN,998
743,ENSG00000111537,IFNG,IFNG,IFNG_HUMAN,191
744,ENSG00000027697,IFNGR1,IFNGR1,INGR1_HUMAN,393
745,ENSG00000262795,IFNGR2,IFNGR2,INGR2_HUMAN,641
746,ENSG00000159128,IFNGR2,IFNGR2,INGR2_HUMAN,641
747,ENSG00000147896,IFNK,IFNK,IFNK_HUMAN,1219
748,ENSG00000182393,IFNL1,IFNL1,IFNL1_HUMAN,1006
749,ENSG00000183709,IFNL2,IFNL2,IFNL2_HUMAN,1012
750,ENSG00000197110,IFNL3,IFNL3,IFNL3_HUMAN,1011
751,ENSG00000185436,IFNLR1,IFNLR1,INLR1_HUMAN,1007
752,ENSG00000177047,IFNW1,IFNW1,IFNW1_HUMAN,237
753,ENSG00000017427,IGF1,IGF1,IGF1_HUMAN,241
754,ENSG00000140443,IGF1R,IGF1R,IGF1R_HUMAN,277
755,ENSG00000167244,IGF2,IGF2,IGF2_HUMAN,178
756,ENSG00000284779,IGF2,,IGF2_HUMAN,178
757,ENSG00000197081,IGF2R,IGF2R,MPRI_HUMAN,350
758,ENSG00000146674,IGFBP3,IGFBP3,IBP3_HUMAN,424
759,ENSG00000188293,IGFL1,IGFL1,IGFL1_HUMAN,968
760,ENSG00000204866,IGFL2,IGFL2,IGFL2_HUMAN,972
761,ENSG00000188624,IGFL3,IGFL3,IGFL3_HUMAN,975
762,ENSG00000126246,IGFLR1,IGFLR1,IGFR1_HUMAN,1161
763,ENSG00000163501,IHH,IHH,IHH_HUMAN,896
764,ENSG00000136634,IL10,IL10,IL10_HUMAN,486
765,ENSG00000110324,IL10RA,IL10RA,I10R1_HUMAN,875
766,ENSG00000243646,IL10RB,IL10RB,I10R2_HUMAN,843
767,ENSG00000095752,IL11,IL11,IL11_HUMAN,463
768,ENSG00000137070,IL11RA,IL11RA,I11RA_HUMAN,897
769,ENSG00000168811,IL12A,IL12A,IL12A_HUMAN,557
770,ENSG00000113302,IL12B,IL12B,IL12B_HUMAN,558
771,ENSG00000096996,IL12RB1,IL12RB1,I12R1_HUMAN,669
772,ENSG00000081985,IL12RB2,IL12RB2,I12R2_HUMAN,1114
773,ENSG00000169194,IL13,IL13,IL13_HUMAN,613
774,ENSG00000131724,IL13RA1,IL13RA1,I13R1_HUMAN,794
775,ENSG00000123496,IL13RA2,IL13RA2,I13R2_HUMAN,898
776,ENSG00000164136,IL15,IL15,IL15_HUMAN,653
777,ENSG00000134470,IL15RA,IL15RA,I15RA_HUMAN,860
778,ENSG00000172349,IL16,IL16,IL16_HUMAN,881
779,ENSG00000112115,IL17A,IL17A,IL17_HUMAN,927
780,ENSG00000124391,IL17C,IL17C,IL17C_HUMAN,1218
781,ENSG00000112116,IL17F,IL17F,IL17F_HUMAN,1097
782,ENSG00000177663,IL17RA,IL17RA,I17RA_HUMAN,1082
783,ENSG00000056736,IL17RB,IL17RB,I17RB_HUMAN,1199
784,ENSG00000163702,IL17RC,IL17RC,I17RC_HUMAN,1021
785,ENSG00000163701,IL17RE,IL17RE,I17RE_HUMAN,1029
786,ENSG00000150782,IL18,IL18,IL18_HUMAN,886
787,ENSG00000115604,IL18R1,IL18R1,IL18R_HUMAN,869
788,ENSG00000115607,IL18RAP,IL18RAP,I18RA_HUMAN,119
789,ENSG00000142224,IL19,IL19,IL19_HUMAN,1239
790,ENSG00000115008,IL1A,IL1A,IL1A_HUMAN,192
791,ENSG00000125538,IL1B,IL1B,IL1B_HUMAN,193
792,ENSG00000136697,IL1F10,IL1F10,IL1FA_HUMAN,1049
793,ENSG00000115594,IL1R1,IL1R1,IL1R1_HUMAN,387
794,ENSG00000115590,IL1R2,IL1R2,IL1R2_HUMAN,535
795,ENSG00000196083,IL1RAP,IL1RAP,IL1AP_HUMAN,1191
796,ENSG00000169306,IL1RAPL1,IL1RAPL1,IRPL1_HUMAN,1215
797,ENSG00000115602,IL1RL1,IL1RL1,ILRL1_HUMAN,810
798,ENSG00000115598,IL1RL2,IL1RL2,ILRL2_HUMAN,1168
799,ENSG00000136689,IL1RN,IL1RN,IL1RA_HUMAN,432
800,ENSG00000109471,IL2,IL2,IL2_HUMAN,782
801,ENSG00000162891,IL20,IL20,IL20_HUMAN,1207
802,ENSG00000016402,IL20RA,IL20RA,I20RA_HUMAN,1241
803,ENSG00000174564,IL20RB,IL20RB,I20RB_HUMAN,977
804,ENSG00000138684,IL21,IL21,IL21_HUMAN,1171
805,ENSG00000103522,IL21R,IL21R,IL21R_HUMAN,1172
806,ENSG00000127318,IL22,IL22,IL22_HUMAN,1147
807,ENSG00000142677,IL22RA1,IL22RA1,I22R1_HUMAN,1018
808,ENSG00000110944,IL23A,IL23A,IL23A_HUMAN,1189
809,ENSG00000162594,IL23R,IL23R,IL23R_HUMAN,956
810,ENSG00000162892,IL24,IL24,IL24_HUMAN,855
811,ENSG00000166090,IL25,IL25,IL25_HUMAN,1151
812,ENSG00000111536,IL26,IL26,IL26_HUMAN,1192
813,ENSG00000197272,IL27,IL27,IL27A_HUMAN,1027
814,ENSG00000104998,IL27RA,IL27RA,I27RA_HUMAN,970
815,ENSG00000134460,IL2RA,IL2RA,IL2RA_HUMAN,195
816,ENSG00000100385,IL2RB,IL2RB,IL2RB_HUMAN,388
817,ENSG00000147168,IL2RG,IL2RG,IL2RG_HUMAN,584
818,ENSG00000164399,IL3,IL3,IL3_HUMAN,295
819,ENSG00000137033,IL33,IL33,IL33_HUMAN,131
820,ENSG00000157368,IL34,IL34,IL34_HUMAN,986
821,ENSG00000136694,IL36A,IL36A,IL36A_HUMAN,1238
822,ENSG00000136696,IL36B,IL36B,IL36B_HUMAN,1213
823,ENSG00000136688,IL36G,IL36G,IL36G_HUMAN,1214
824,ENSG00000136695,IL36RN,IL36RN,I36RA_HUMAN,1227
825,ENSG00000125571,IL37,IL37,IL37_HUMAN,1212
826,ENSG00000185291,IL3RA,IL3RA,IL3RA_HUMAN,529
827,ENSG00000113520,IL4,IL4,IL4_HUMAN,248
828,ENSG00000077238,IL4R,IL4R,IL4RA_HUMAN,501
829,ENSG00000113525,IL5,IL5,IL5_HUMAN,249
830,ENSG00000091181,IL5RA,IL5RA,IL5RA_HUMAN,809
831,ENSG00000136244,IL6,IL6,IL6_HUMAN,251
832,ENSG00000160712,IL6R,IL6R,IL6RA_HUMAN,296
833,ENSG00000134352,IL6ST,IL6ST,IL6RB_HUMAN,648
834,ENSG00000104432,IL7,IL7,IL7_HUMAN,363
835,ENSG00000168685,IL7R,IL7R,IL7RA_HUMAN,417
836,ENSG00000145839,IL9,IL9,IL9_HUMAN,392
837,ENSG00000124334,IL9R,IL9R,IL9R_HUMAN,807
838,ENSG00000123999,INHA,INHA,INHA_HUMAN,247
839,ENSG00000122641,INHBA,INHBA,INHBA_HUMAN,285
840,ENSG00000163083,INHBB,INHBB,INHBB_HUMAN,306
841,ENSG00000175189,INHBC,INHBC,INHBC_HUMAN,765
842,ENSG00000139269,INHBE,INHBE,INHBE_HUMAN,779
843,ENSG00000254647,INS,INS,INS_HUMAN,177
844,ENSG00000248099,INSL3,INSL3,INSL3_HUMAN,733
845,ENSG00000172410,INSL5,INSL5,INSL5_HUMAN,1271
846,ENSG00000171105,INSR,INSR,INSR_HUMAN,255
847,ENSG00000213949,ITGA1,ITGA1,ITA1_HUMAN,772
848,ENSG00000143127,ITGA10,ITGA10,ITA10_HUMAN,106
849,ENSG00000137809,ITGA11,ITGA11,ITA11_HUMAN,1247
850,ENSG00000164171,ITGA2,ITGA2,ITA2_HUMAN,419
851,ENSG00000005961,ITGA2B,ITGA2B,ITA2B_HUMAN,286
852,ENSG00000005884,ITGA3,ITGA3,ITA3_HUMAN,520
853,ENSG00000115232,ITGA4,ITGA4,ITA4_HUMAN,370
854,ENSG00000161638,ITGA5,ITGA5,ITA5_HUMAN,292
855,ENSG00000091409,ITGA6,ITGA6,ITA6_HUMAN,494
856,ENSG00000135424,ITGA7,ITGA7,ITA7_HUMAN,876
857,ENSG00000077943,ITGA8,ITGA8,ITA8_HUMAN,751
858,ENSG00000144668,ITGA9,ITGA9,ITA9_HUMAN,879
859,ENSG00000156886,ITGAD,ITGAD,ITAD_HUMAN,866
860,ENSG00000083457,ITGAE,ITGAE,ITAE_HUMAN,642
861,ENSG00000005844,ITGAL,ITGAL,ITAL_HUMAN,457
862,ENSG00000169896,ITGAM,ITGAM,ITAM_HUMAN,342
863,ENSG00000138448,ITGAV,ITGAV,ITAV_HUMAN,263
864,ENSG00000140678,ITGAX,ITGAX,ITAX_HUMAN,458
865,ENSG00000150093,ITGB1,ITGB1,ITB1_HUMAN,253
866,ENSG00000160255,ITGB2,ITGB2,ITB2_HUMAN,245
867,ENSG00000259207,ITGB3,ITGB3,ITB3_HUMAN,244
868,ENSG00000132470,ITGB4,ITGB4,ITB4_HUMAN,404
869,ENSG00000082781,ITGB5,ITGB5,ITB5_HUMAN,428
870,ENSG00000115221,ITGB6,ITGB6,ITB6_HUMAN,433
871,ENSG00000139626,ITGB7,ITGB7,ITB7_HUMAN,521
872,ENSG00000105855,ITGB8,ITGB8,ITB8_HUMAN,522
873,ENSG00000101384,JAG1,JAG1,JAG1_HUMAN,792
874,ENSG00000184916,JAG2,JAG2,JAG2_HUMAN,1261
875,ENSG00000154721,JAM2,JAM2,JAM2_HUMAN,778
876,ENSG00000166086,JAM3,JAM3,JAM3_HUMAN,1129
877,ENSG00000128052,KDR,KDR,VGFR2_HUMAN,628
878,ENSG00000273794,KIR2DL1,KIR2DL1,KI2L1_HUMAN,681
879,ENSG00000125498,KIR2DL1,KIR2DL1,KI2L1_HUMAN,681
880,ENSG00000278495,KIR2DL1,KIR2DL1,KI2L1_HUMAN,681
881,ENSG00000273510,KIR2DL1,KIR2DL1,KI2L1_HUMAN,681
882,ENSG00000278821,KIR2DL1,KIR2DL1,KI2L1_HUMAN,681
883,ENSG00000277833,KIR2DL1,KIR2DL1,KI2L1_HUMAN,681
884,ENSG00000278738,KIR2DL1,KIR2DL1,KI2L1_HUMAN,681
885,ENSG00000278207,KIR2DL1,KIR2DL1,KI2L1_HUMAN,681
886,ENSG00000275196,KIR2DL1,KIR2DL1,KI2L1_HUMAN,681
887,ENSG00000275276,KIR2DL1,KIR2DL1,KI2L1_HUMAN,681
888,ENSG00000274782,KIR2DL1,KIR2DL1,KI2L1_HUMAN,681
889,ENSG00000278755,KIR2DL1,KIR2DL1,KI2L1_HUMAN,681
890,ENSG00000277616,KIR2DL1,KIR2DL1,KI2L1_HUMAN,681
891,ENSG00000275750,KIR2DL1,KIR2DL1,KI2L1_HUMAN,681
892,ENSG00000274926,KIR2DL1,KIR2DL1,KI2L1_HUMAN,681
893,ENSG00000277356,KIR2DL1,KIR2DL1,KI2L1_HUMAN,681
894,ENSG00000276625,KIR2DL1,KIR2DL1,KI2L1_HUMAN,681
895,ENSG00000276820,KIR2DL1,KIR2DL1,KI2L1_HUMAN,681
896,ENSG00000278805,KIR2DL1,KIR2DL1,KI2L1_HUMAN,681
897,ENSG00000274692,KIR2DL1,KIR2DL1,KI2L1_HUMAN,681
898,ENSG00000284145,KIR2DL1,KIR2DL1,KI2L1_HUMAN,681
899,ENSG00000284530,KIR2DL1,KIR2DL1,KI2L1_HUMAN,681
900,ENSG00000284401,KIR2DL1,KIR2DL1,KI2L1_HUMAN,681
901,ENSG00000284514,KIR2DL1,KIR2DL1,KI2L1_HUMAN,681
902,ENSG00000283723,KIR2DL1,KIR2DL1,KI2L1_HUMAN,681
903,ENSG00000284551,KIR2DL1,KIR2DL1,KI2L1_HUMAN,681
904,ENSG00000284347,KIR2DL1,KIR2DL1,KI2L1_HUMAN,681
905,ENSG00000275522,KIR2DL1,KIR2DL1,KI2L1_HUMAN,681
906,ENSG00000278503,KIR2DL1,KIR2DL1,KI2L1_HUMAN,681
907,ENSG00000284100,KIR2DL1,KIR2DL1,KI2L1_HUMAN,681
908,ENSG00000275080,KIR2DL1,KIR2DL1,KI2L1_HUMAN,681
909,ENSG00000278248,KIR2DL1,KIR2DL1,KI2L1_HUMAN,681
910,ENSG00000276310,KIR2DL1,KIR2DL1,KI2L1_HUMAN,681
911,ENSG00000275623,KIR2DL3,KIR2DL3,KI2L3_HUMAN,682
912,ENSG00000273947,KIR2DL3,KIR2DL3,KI2L3_HUMAN,682
913,ENSG00000278369,KIR2DL3,KIR2DL3,KI2L3_HUMAN,682
914,ENSG00000275008,KIR2DL3,KIR2DL3,KI2L3_HUMAN,682
915,ENSG00000284132,KIR2DL3,KIR2DL3,KI2L3_HUMAN,682
916,ENSG00000284044,KIR2DL3,KIR2DL3,KI2L3_HUMAN,682
917,ENSG00000284504,KIR2DL3,KIR2DL3,KI2L3_HUMAN,682
918,ENSG00000273887,KIR2DL3,KIR2DL3,KI2L3_HUMAN,682
919,ENSG00000284236,KIR2DL3,KIR2DL3,KI2L3_HUMAN,682
920,ENSG00000275658,KIR2DL3,KIR2DL3,KI2L3_HUMAN,682
921,ENSG00000284241,KIR2DL3,KIR2DL3,KI2L3_HUMAN,682
922,ENSG00000243772,KIR2DL3,KIR2DL3,KI2L3_HUMAN,682
923,ENSG00000283996,KIR2DL3,KIR2DL3,KI2L3_HUMAN,682
924,ENSG00000277924,KIR2DL3,KIR2DL3,KI2L3_HUMAN,682
925,ENSG00000277484,KIR2DL3,KIR2DL3,KI2L3_HUMAN,682
926,ENSG00000284333,KIR2DL3,KIR2DL3,KI2L3_HUMAN,682
927,ENSG00000283702,KIR2DL3,KIR2DL3,KI2L3_HUMAN,682
928,ENSG00000278327,KIR2DL3,KIR2DL3,KI2L3_HUMAN,682
929,ENSG00000274830,KIR2DL3,KIR2DL3,KI2L3_HUMAN,682
930,ENSG00000284510,KIR2DL3,KIR2DL3,KI2L3_HUMAN,682
931,ENSG00000283790,KIR2DL3,KIR2DL3,KI2L3_HUMAN,682
932,ENSG00000276459,KIR2DL3,KIR2DL3,KI2L3_HUMAN,682
933,ENSG00000283708,KIR2DL3,KIR2DL3,KI2L3_HUMAN,682
934,ENSG00000274402,KIR2DL3,KIR2DL3,KI2L3_HUMAN,682
935,ENSG00000276218,KIR2DL3,KIR2DL3,KI2L3_HUMAN,682
936,ENSG00000276590,KIR2DL3,KIR2DL3,KI2L3_HUMAN,682
937,ENSG00000274952,KIR2DL3,KIR2DL3,KI2L3_HUMAN,682
938,ENSG00000277317,KIR2DL3,KIR2DL3,KI2L3_HUMAN,682
939,ENSG00000274410,KIR2DL3,KIR2DL3,KI2L3_HUMAN,682
940,ENSG00000274108,KIR2DL3,KIR2DL3,KI2L3_HUMAN,682
941,ENSG00000277554,KIR2DL3,KIR2DL3,KI2L3_HUMAN,682
942,ENSG00000275288,KIR3DL1,KIR3DL1,KI3L1_HUMAN,683
943,ENSG00000284426,KIR3DL1,KIR3DL1,KI3L1_HUMAN,683
944,ENSG00000167633,KIR3DL1,KIR3DL1,KI3L1_HUMAN,683
945,ENSG00000276423,KIR3DL1,KIR3DL1,KI3L1_HUMAN,683
946,ENSG00000274036,KIR3DL1,KIR3DL1,KI3L1_HUMAN,683
947,ENSG00000284342,KIR3DL1,KIR3DL1,KI3L1_HUMAN,683
948,ENSG00000283954,KIR3DL1,KIR3DL1,KI3L1_HUMAN,683
949,ENSG00000275659,KIR3DL1,KIR3DL1,KI3L1_HUMAN,683
950,ENSG00000274920,KIR3DL1,KIR3DL1,KI3L1_HUMAN,683
951,ENSG00000277175,KIR3DL1,KIR3DL1,KI3L1_HUMAN,683
952,ENSG00000274146,KIR3DL1,KIR3DL1,KI3L1_HUMAN,683
953,ENSG00000283827,KIR3DL1,KIR3DL1,KI3L1_HUMAN,683
954,ENSG00000275486,KIR3DL1,KIR3DL1,KI3L1_HUMAN,683
955,ENSG00000278368,KIR3DL1,KIR3DL1,KI3L1_HUMAN,683
956,ENSG00000278079,KIR3DL1,KIR3DL1,KI3L1_HUMAN,683
957,ENSG00000275545,KIR3DL1,KIR3DL1,KI3L1_HUMAN,683
958,ENSG00000273518,KIR3DL1,KIR3DL1,KI3L1_HUMAN,683
959,ENSG00000275717,KIR3DL1,KIR3DL1,KI3L1_HUMAN,683
960,ENSG00000276379,KIR3DL1,KIR3DL1,KI3L1_HUMAN,683
961,ENSG00000275786,KIR3DL1,KIR3DL1,KI3L1_HUMAN,683
962,ENSG00000284177,KIR3DL1,KIR3DL1,KI3L1_HUMAN,683
963,ENSG00000276501,KIR3DL1,KIR3DL1,KI3L1_HUMAN,683
964,ENSG00000277272,KIR3DL1,KIR3DL1,KI3L1_HUMAN,683
965,ENSG00000284093,KIR3DL1,KIR3DL1,KI3L1_HUMAN,683
966,ENSG00000284589,KIR3DL1,KIR3DL1,KI3L1_HUMAN,683
967,ENSG00000283729,KIR3DL1,KIR3DL1,KI3L1_HUMAN,683
968,ENSG00000274948,KIR3DL1,KIR3DL1,KI3L1_HUMAN,683
969,ENSG00000276329,KIR3DL1,KIR3DL1,KI3L1_HUMAN,683
970,ENSG00000278856,KIR3DL1,KIR3DL1,KI3L1_HUMAN,683
971,ENSG00000283731,KIR3DL1,KIR3DL1,KI3L1_HUMAN,683
972,ENSG00000273775,KIR3DL1,KIR3DL1,KI3L1_HUMAN,683
973,ENSG00000278427,KIR3DL1,KIR3DL1,KI3L1_HUMAN,683
974,ENSG00000275629,KIR3DL2,KIR3DL2,KI3L2_HUMAN,684
975,ENSG00000278850,KIR3DL2,KIR3DL2,KI3L2_HUMAN,684
976,ENSG00000278656,KIR3DL2,KIR3DL2,KI3L2_HUMAN,684
977,ENSG00000276424,KIR3DL2,KIR3DL2,KI3L2_HUMAN,684
978,ENSG00000278707,KIR3DL2,KIR3DL2,KI3L2_HUMAN,684
979,ENSG00000273735,KIR3DL2,KIR3DL2,KI3L2_HUMAN,684
980,ENSG00000278710,KIR3DL2,KIR3DL2,KI3L2_HUMAN,684
981,ENSG00000276882,KIR3DL2,KIR3DL2,KI3L2_HUMAN,684
982,ENSG00000278758,KIR3DL2,KIR3DL2,KI3L2_HUMAN,684
983,ENSG00000275511,KIR3DL2,KIR3DL2,KI3L2_HUMAN,684
984,ENSG00000275566,KIR3DL2,KIR3DL2,KI3L2_HUMAN,684
985,ENSG00000277709,KIR3DL2,KIR3DL2,KI3L2_HUMAN,684
986,ENSG00000273911,KIR3DL2,KIR3DL2,KI3L2_HUMAN,684
987,ENSG00000284192,KIR3DL2,KIR3DL2,KI3L2_HUMAN,684
988,ENSG00000284053,KIR3DL2,KIR3DL2,KI3L2_HUMAN,684
989,ENSG00000276739,KIR3DL2,KIR3DL2,KI3L2_HUMAN,684
990,ENSG00000240403,KIR3DL2,KIR3DL2,KI3L2_HUMAN,684
991,ENSG00000278361,KIR3DL2,KIR3DL2,KI3L2_HUMAN,684
992,ENSG00000278442,KIR3DL2,KIR3DL2,KI3L2_HUMAN,684
993,ENSG00000278726,KIR3DL2,KIR3DL2,KI3L2_HUMAN,684
994,ENSG00000276004,KIR3DL2,KIR3DL2,KI3L2_HUMAN,684
995,ENSG00000275626,KIR3DL2,KIR3DL2,KI3L2_HUMAN,684
996,ENSG00000278474,KIR3DL2,KIR3DL2,KI3L2_HUMAN,684
997,ENSG00000275416,KIR3DL2,KIR3DL2,KI3L2_HUMAN,684
998,ENSG00000284101,KIR3DL2,KIR3DL2,KI3L2_HUMAN,684
999,ENSG00000274722,KIR3DL2,KIR3DL2,KI3L2_HUMAN,684
1000,ENSG00000276357,KIR3DL2,KIR3DL2,KI3L2_HUMAN,684
1001,ENSG00000284466,KIR3DL2,KIR3DL2,KI3L2_HUMAN,684
1002,ENSG00000284213,KIR3DL2,KIR3DL2,KI3L2_HUMAN,684
1003,ENSG00000284295,KIR3DL2,KIR3DL2,KI3L2_HUMAN,684
1004,ENSG00000284381,KIR3DL2,KIR3DL2,KI3L2_HUMAN,684
1005,ENSG00000277181,KIR3DL2,KIR3DL2,KI3L2_HUMAN,684
1006,ENSG00000277982,KIR3DL2,KIR3DL2,KI3L2_HUMAN,684
1007,ENSG00000284384,KIR3DL2,KIR3DL2,KI3L2_HUMAN,684
1008,ENSG00000275262,KIR3DL2,KIR3DL2,KI3L2_HUMAN,684
1009,ENSG00000284063,KIR3DL2,KIR3DL2,KI3L2_HUMAN,684
1010,ENSG00000278809,KIR3DL2,KIR3DL2,KI3L2_HUMAN,684
1011,ENSG00000283951,KIR3DL2,KIR3DL2,KI3L2_HUMAN,684
1012,ENSG00000284528,KIR3DL2,KIR3DL2,KI3L2_HUMAN,684
1013,ENSG00000278403,KIR3DL2,KIR3DL2,KI3L2_HUMAN,684
1014,ENSG00000275083,KIR3DL2,KIR3DL2,KI3L2_HUMAN,684
1015,ENSG00000284046,KIR3DL2,KIR3DL2,KI3L2_HUMAN,684
1016,ENSG00000283975,KIR3DL2,KIR3DL2,KI3L2_HUMAN,684
1017,ENSG00000275838,KIR3DL2,KIR3DL2,KI3L2_HUMAN,684
1018,ENSG00000275037,KIR3DS1,KIR3DS1,KI3S1_HUMAN,901
1019,ENSG00000276534,KIR3DS1,KIR3DS1,KI3S1_HUMAN,901
1020,ENSG00000275608,KIR3DS1,KIR3DS1,KI3S1_HUMAN,901
1021,ENSG00000274283,KIR3DS1,KIR3DS1,KI3S1_HUMAN,901
1022,ENSG00000274465,KIR3DS1,KIR3DS1,KI3S1_HUMAN,901
1023,ENSG00000276498,KIR3DS1,KIR3DS1,KI3S1_HUMAN,901
1024,ENSG00000275434,KIR3DS1,KIR3DS1,KI3S1_HUMAN,901
1025,ENSG00000170498,KISS1,KISS1,KISS1_HUMAN,917
1026,ENSG00000116014,KISS1R,KISS1R,KISSR_HUMAN,1074
1027,ENSG00000157404,KIT,KIT,KIT_HUMAN,330
1028,ENSG00000049130,KITLG,KITLG,SCF_HUMAN,471
1029,ENSG00000133116,KL,KL,KLOT_HUMAN,1235
1030,ENSG00000134962,KLB,KLB,KLOTB_HUMAN,1005
1031,ENSG00000111796,KLRB1,KLRB1,KLRB1_HUMAN,854
1032,ENSG00000134545,KLRC1,KLRC1,NKG2A_HUMAN,524
1033,ENSG00000205809,KLRC2,KLRC2,NKG2C_HUMAN,525
1034,ENSG00000205810,KLRC3,KLRC3,NKG2E_HUMAN,840
1035,ENSG00000134539,KLRD1,KLRD1,KLRD1_HUMAN,858
1036,ENSG00000150045,KLRF1,KLRF1,KLRF1_HUMAN,1217
1037,ENSG00000256797,KLRF2,KLRF2,KLRF2_HUMAN,5
1038,ENSG00000139187,KLRG1,KLRG1,KLRG1_HUMAN,1081
1039,ENSG00000188883,KLRG2,KLRG2,KLRG2_HUMAN,0
1040,ENSG00000213809,KLRK1,KLRK1,NKG2D_HUMAN,526
1041,ENSG00000113889,KNG1,KNG1,KNG1_HUMAN,149
1042,ENSG00000183762,KREMEN1,KREMEN1,KREM1_HUMAN,1090
1043,ENSG00000131650,KREMEN2,KREMEN2,KREM2_HUMAN,1024
1044,ENSG00000198910,L1CAM,L1CAM,L1CAM_HUMAN,586
1045,ENSG00000089692,LAG3,LAG3,LAG3_HUMAN,434
1046,ENSG00000167613,LAIR1,LAIR1,LAIR1_HUMAN,961
1047,ENSG00000278154,LAIR1,LAIR1,LAIR1_HUMAN,961
1048,ENSG00000276053,LAIR1,LAIR1,LAIR1_HUMAN,961
1049,ENSG00000274110,LAIR1,LAIR1,LAIR1_HUMAN,961
1050,ENSG00000276163,LAIR1,LAIR1,LAIR1_HUMAN,961
1051,ENSG00000053747,LAMA3,LAMA3,LAMA3_HUMAN,937
1052,ENSG00000135862,LAMC1,LAMC1,LAMC1_HUMAN,340
1053,ENSG00000185896,LAMP1,LAMP1,LAMP1_HUMAN,345
1054,ENSG00000182866,LCK,LCK,LCK_HUMAN,256
1055,ENSG00000148346,LCN2,LCN2,NGAL_HUMAN,799
1056,ENSG00000130164,LDLR,LDLR,LDLR_HUMAN,151
1057,ENSG00000164406,LEAP2,LEAP2,LEAP2_HUMAN,1072
1058,ENSG00000243709,LEFTY1,LEFTY1,LFTY1_HUMAN,108
1059,ENSG00000143768,LEFTY2,LEFTY2,LFTY2_HUMAN,24
1060,ENSG00000174697,LEP,LEP,LEP_HUMAN,657
1061,ENSG00000116678,LEPR,LEPR,LEPR_HUMAN,706
1062,ENSG00000131981,LGALS3,LGALS3,LEG3_HUMAN,423
1063,ENSG00000168961,LGALS9,LGALS9,LEG9_HUMAN,18
1064,ENSG00000205213,LGR4,LGR4,LGR4_HUMAN,1131
1065,ENSG00000139292,LGR5,LGR5,LGR5_HUMAN,104
1066,ENSG00000133067,LGR6,LGR6,LGR6_HUMAN,1173
1067,ENSG00000104826,LHB,LHB,LSHB_HUMAN,166
1068,ENSG00000138039,LHCGR,LHCGR,LSHR_HUMAN,492
1069,ENSG00000128342,LIF,LIF,LIF_HUMAN,389
1070,ENSG00000113594,LIFR,LIFR,LIFR_HUMAN,670
1071,ENSG00000276798,LILRA4,LILRA4,LIRA4_HUMAN,781
1072,ENSG00000239961,LILRA4,LILRA4,LIRA4_HUMAN,781
1073,ENSG00000277092,LILRA4,LILRA4,LIRA4_HUMAN,781
1074,ENSG00000274185,LILRA4,LILRA4,LIRA4_HUMAN,781
1075,ENSG00000104972,LILRB1,LILRB1,LIRB1_HUMAN,1035
1076,ENSG00000277134,LILRB1,LILRB1,LIRB1_HUMAN,1035
1077,ENSG00000274669,LILRB1,LILRB1,LIRB1_HUMAN,1035
1078,ENSG00000276452,LILRB1,LILRB1,LIRB1_HUMAN,1035
1079,ENSG00000277807,LILRB1,LILRB1,LIRB1_HUMAN,1035
1080,ENSG00000274513,LILRB2,LILRB2,LIRB2_HUMAN,1015
1081,ENSG00000131042,LILRB2,LILRB2,LIRB2_HUMAN,1015
1082,ENSG00000276146,LILRB2,LILRB2,LIRB2_HUMAN,1015
1083,ENSG00000277751,LILRB2,LILRB2,LIRB2_HUMAN,1015
1084,ENSG00000275463,LILRB2,LILRB2,LIRB2_HUMAN,1015
1085,ENSG00000278279,LILRB4,LILRB4,LIRB4_HUMAN,1034
1086,ENSG00000276042,LILRB4,LILRB4,LIRB4_HUMAN,1034
1087,ENSG00000186818,LILRB4,LILRB4,LIRB4_HUMAN,1034
1088,ENSG00000275730,LILRB4,LILRB4,LIRB4_HUMAN,1034
1089,ENSG00000278555,LILRB4,LILRB4,LIRB4_HUMAN,1034
1090,ENSG00000107798,LIPA,LIPA,LICH_HUMAN,643
1091,ENSG00000123384,LRP1,LRP1,LRP1_HUMAN,842
1092,ENSG00000134569,LRP4,LRP4,LRP4_HUMAN,99
1093,ENSG00000162337,LRP5,LRP5,LRP5_HUMAN,101
1094,ENSG00000281324,LRP6,LRP6,LRP6_HUMAN,107
1095,ENSG00000070018,LRP6,LRP6,LRP6_HUMAN,107
1096,ENSG00000157193,LRP8,LRP8,LRP8_HUMAN,885
1097,ENSG00000163956,LRPAP1,LRPAP1,AMRP_HUMAN,566
1098,ENSG00000105699,LSR,LSR,LSR_HUMAN,999
1099,ENSG00000226979,LTA,LTA,TNFB_HUMAN,180
1100,ENSG00000230279,LTA,LTA,TNFB_HUMAN,180
1101,ENSG00000223919,LTA,LTA,TNFB_HUMAN,180
1102,ENSG00000226275,LTA,LTA,TNFB_HUMAN,180
1103,ENSG00000238130,LTA,LTA,TNFB_HUMAN,180
1104,ENSG00000173503,LTA,LTA,TNFB_HUMAN,180
1105,ENSG00000231408,LTA,LTA,TNFB_HUMAN,180
1106,ENSG00000111144,LTA4H,LTA4H,LKHA4_HUMAN,314
1107,ENSG00000223448,LTB,LTB,TNFC_HUMAN,836
1108,ENSG00000238114,LTB,LTB,TNFC_HUMAN,836
1109,ENSG00000204487,LTB,LTB,TNFC_HUMAN,836
1110,ENSG00000206437,LTB,LTB,TNFC_HUMAN,836
1111,ENSG00000236925,LTB,LTB,TNFC_HUMAN,836
1112,ENSG00000236237,LTB,LTB,TNFC_HUMAN,836
1113,ENSG00000227507,LTB,LTB,TNFC_HUMAN,836
1114,ENSG00000231314,LTB,LTB,TNFC_HUMAN,836
1115,ENSG00000213903,LTB4R,LTB4R,LT4R1_HUMAN,916
1116,ENSG00000285456,LTB4R,LTB4R,LT4R1_HUMAN,916
1117,ENSG00000285203,LTB4R2,LTB4R2,LT4R2_HUMAN,1188
1118,ENSG00000213906,LTB4R2,LTB4R2,LT4R2_HUMAN,1188
1119,ENSG00000111321,LTBR,LTBR,TNR3_HUMAN,635
1120,ENSG00000213316,LTC4S,LTC4S,LTC4S_HUMAN,938
1121,ENSG00000283887,LTC4S,LTC4S,LTC4S_HUMAN,938
1122,ENSG00000099866,MADCAM1,MADCAM1,MADCA_HUMAN,868
1123,ENSG00000019169,MARCO,MARCO,MARCO_HUMAN,1236
1124,ENSG00000258839,MC1R,MC1R,MSHR_HUMAN,812
1125,ENSG00000185231,MC2R,MC2R,ACTHR_HUMAN,811
1126,ENSG00000124089,MC3R,MC3R,MC3R_HUMAN,665
1127,ENSG00000166603,MC4R,MC4R,MC4R_HUMAN,590
1128,ENSG00000176136,MC5R,MC5R,MC5R_HUMAN,601
1129,ENSG00000128285,MCHR1,MCHR1,MCHR1_HUMAN,1115
1130,ENSG00000152034,MCHR2,MCHR2,MCHR2_HUMAN,1075
1131,ENSG00000110492,MDK,MDK,MK_HUMAN,476
1132,ENSG00000153208,MERTK,MERTK,MERTK_HUMAN,851
1133,ENSG00000105976,MET,MET,MET_HUMAN,289
1134,ENSG00000235233,MICA,MICA,MICA_HUMAN,941
1135,ENSG00000231225,MICA,MICA,MICA_HUMAN,941
1136,ENSG00000204520,MICA,MICA,MICA_HUMAN,941
1137,ENSG00000183214,MICA,MICA,MICA_HUMAN,941
1138,ENSG00000233051,MICA,MICA,MICA_HUMAN,941
1139,ENSG00000234218,MICB,MICB,MICB_HUMAN,940
1140,ENSG00000231372,MICB,MICB,MICB_HUMAN,940
1141,ENSG00000231179,MICB,MICB,MICB_HUMAN,940
1142,ENSG00000224378,MICB,MICB,MICB_HUMAN,940
1143,ENSG00000238289,MICB,MICB,MICB_HUMAN,940
1144,ENSG00000204516,MICB,MICB,MICB_HUMAN,940
1145,ENSG00000206449,MICB,MICB,MICB_HUMAN,940
1146,ENSG00000227772,MICB,MICB,MICB_HUMAN,940
1147,ENSG00000276701,MIF,MIF,MIF_HUMAN,380
1148,ENSG00000240972,MIF,MIF,MIF_HUMAN,380
1149,ENSG00000096395,MLN,MLN,MOTI_HUMAN,361
1150,ENSG00000102539,MLNR,MLNR,MTLR_HUMAN,69
1151,ENSG00000087245,MMP2,MMP2,MMP2_HUMAN,284
1152,ENSG00000117400,MPL,MPL,TPOR_HUMAN,652
1153,ENSG00000260314,MRC1,MRC1,MRC1_HUMAN,493
1154,ENSG00000011028,MRC2,MRC2,MRC2_HUMAN,1226
1155,ENSG00000170255,MRGPRX1,MRGPRX1,MRGX1_HUMAN,1086
1156,ENSG00000183695,MRGPRX2,MRGPRX2,MRGX2_HUMAN,1085
1157,ENSG00000110079,MS4A4A,MS4A4A,M4A4A_HUMAN,1084
1158,ENSG00000173531,MST1,MST1,HGFL_HUMAN,528
1159,ENSG00000164078,MST1R,MST1R,RON_HUMAN,831
1160,ENSG00000138379,MSTN,MSTN,GDF8_HUMAN,45
1161,to_be_reviewed,MT-RNR2,MT-RNR2,HUNIN_HUMAN,1008
1162,ENSG00000168412,MTNR1A,MTNR1A,MTR1A_HUMAN,702
1163,ENSG00000134640,MTNR1B,MTNR1B,MTR1B_HUMAN,716
1164,ENSG00000030304,MUSK,MUSK,MUSK_HUMAN,56
1165,ENSG00000105835,NAMPT,NAMPT,NAMPT_HUMAN,680
1166,ENSG00000149294,NCAM1,NCAM1,NCAM1_HUMAN,368
1167,ENSG00000223833,NCR3,NCR3,NCTR3_HUMAN,50
1168,ENSG00000236979,NCR3,NCR3,NCTR3_HUMAN,50
1169,ENSG00000236315,NCR3,NCR3,NCTR3_HUMAN,50
1170,ENSG00000206430,NCR3,NCR3,NCTR3_HUMAN,50
1171,ENSG00000204475,NCR3,NCR3,NCTR3_HUMAN,50
1172,ENSG00000225211,NCR3,NCR3,NCTR3_HUMAN,50
1173,ENSG00000237808,NCR3,NCR3,NCTR3_HUMAN,50
1174,ENSG00000237103,NCR3,NCR3,NCTR3_HUMAN,50
1175,ENSG00000188211,NCR3LG1,NCR3LG1,NR3L1_HUMAN,959
1176,ENSG00000124479,NDP,NDP,NDP_HUMAN,806
1177,ENSG00000110400,NECTIN1,NECTIN1,PVRL1_HUMAN,908
1178,ENSG00000130202,NECTIN2,NECTIN2,PVRL2_HUMAN,1058
1179,ENSG00000177707,NECTIN3,NECTIN3,PVRL3_HUMAN,1193
1180,ENSG00000143217,NECTIN4,NECTIN4,PVRL4_HUMAN,1091
1181,ENSG00000184613,NELL2,NELL2,NELL2_HUMAN,1108
1182,ENSG00000171208,NETO2,NETO2,NETO2_HUMAN,1022
1183,ENSG00000134259,NGF,NGF,NGF_HUMAN,155
1184,ENSG00000064300,NGFR,NGFR,TNR16_HUMAN,279
1185,ENSG00000197696,NMB,NMB,NMB_HUMAN,301
1186,ENSG00000135577,NMBR,NMBR,NMBR_HUMAN,541
1187,ENSG00000204640,NMS,NMS,NMS_HUMAN,950
1188,ENSG00000109255,NMU,NMU,NMU_HUMAN,710
1189,ENSG00000171596,NMUR1,NMUR1,NMUR1_HUMAN,1170
1190,ENSG00000132911,NMUR2,NMUR2,NMUR2_HUMAN,1143
1191,ENSG00000156574,NODAL,NODAL,NODAL_HUMAN,1104
1192,ENSG00000148400,NOTCH1,NOTCH1,NOTC1_HUMAN,691
1193,ENSG00000134250,NOTCH2,NOTCH2,NOTC2_HUMAN,829
1194,ENSG00000074181,NOTCH3,NOTCH3,NOTC3_HUMAN,1253
1195,ENSG00000235396,NOTCH4,NOTCH4,NOTC4_HUMAN,1109
1196,ENSG00000204301,NOTCH4,NOTCH4,NOTC4_HUMAN,1109
1197,ENSG00000238196,NOTCH4,NOTCH4,NOTC4_HUMAN,1109
1198,ENSG00000232339,NOTCH4,NOTCH4,NOTC4_HUMAN,1109
1199,ENSG00000206312,NOTCH4,NOTCH4,NOTC4_HUMAN,1109
1200,ENSG00000234876,NOTCH4,NOTCH4,NOTC4_HUMAN,1109
1201,ENSG00000223355,NOTCH4,NOTCH4,NOTC4_HUMAN,1109
1202,ENSG00000136999,NOV,NOV,NOV_HUMAN,711
1203,ENSG00000183979,NPB,NPB,NPB_HUMAN,1033
1204,ENSG00000183729,NPBWR1,NPBWR1,NPBW1_HUMAN,704
1205,ENSG00000125522,NPBWR2,NPBWR2,NPBW2_HUMAN,705
1206,ENSG00000277339,NPBWR2,NPBWR2,NPBW2_HUMAN,705
1207,ENSG00000148734,NPFFR1,NPFFR1,NPFF1_HUMAN,1144
1208,ENSG00000175206,NPPA,NPPA,ANF_HUMAN,157
1209,ENSG00000120937,NPPB,NPPB,ANFB_HUMAN,416
1210,ENSG00000163273,NPPC,NPPC,ANFC_HUMAN,499
1211,ENSG00000169418,NPR1,NPR1,ANPRA_HUMAN,401
1212,ENSG00000159899,NPR2,NPR2,ANPRB_HUMAN,456
1213,ENSG00000113389,NPR3,NPR3,ANPRC_HUMAN,420
1214,ENSG00000214285,NPS,NPS,NPS_HUMAN,316
1215,ENSG00000187258,NPSR1,NPSR1,NPSR1_HUMAN,981
1216,ENSG00000105954,NPVF,NPVF,NPVF_HUMAN,1180
1217,ENSG00000183971,NPW,NPW,NPW_HUMAN,1020
1218,ENSG00000164128,NPY1R,NPY1R,NPY1R_HUMAN,517
1219,ENSG00000185149,NPY2R,NPY2R,NPY2R_HUMAN,713
1220,ENSG00000204174,NPY4R,NPY4R,NPY4R_HUMAN,729
1221,ENSG00000164129,NPY5R,NPY5R,NPY5R_HUMAN,920
1222,ENSG00000131408,NR1H2,NR1H2,NR1H2_HUMAN,761
1223,ENSG00000025434,NR1H3,NR1H3,NR1H3_HUMAN,856
1224,ENSG00000012504,NR1H4,NR1H4,NR1H4_HUMAN,1101
1225,ENSG00000144852,NR1I2,NR1I2,NR1I2_HUMAN,103
1226,ENSG00000113580,NR3C1,NR3C1,GCR_HUMAN,228
1227,ENSG00000151623,NR3C2,NR3C2,MCR_HUMAN,283
1228,ENSG00000157168,NRG1,NRG1,NRG1_HUMAN,817
1229,ENSG00000158458,NRG2,NRG2,NRG2_HUMAN,38
1230,ENSG00000185737,NRG3,NRG3,NRG3_HUMAN,777
1231,ENSG00000169752,NRG4,NRG4,NRG4_HUMAN,1048
1232,ENSG00000099250,NRP1,NRP1,NRP1_HUMAN,43
1233,ENSG00000118257,NRP2,NRP2,NRP2_HUMAN,85
1234,ENSG00000171119,NRTN,NRTN,NRTN_HUMAN,1118
1235,ENSG00000165802,NSMF,NSMF,NSMF_HUMAN,983
1236,ENSG00000185652,NTF3,NTF3,NTF3_HUMAN,461
1237,ENSG00000225950,NTF4,NTF4,NTF4_HUMAN,604
1238,ENSG00000065320,NTN1,NTN1,NET1_HUMAN,127
1239,ENSG00000074527,NTN4,NTN4,NET4_HUMAN,1169
1240,ENSG00000198400,NTRK1,NTRK1,NTRK1_HUMAN,235
1241,ENSG00000148053,NTRK2,NTRK2,NTRK2_HUMAN,931
1242,ENSG00000140538,NTRK3,NTRK3,NTRK3_HUMAN,926
1243,ENSG00000133636,NTS,NTS,NEUT_HUMAN,579
1244,ENSG00000101188,NTSR1,NTSR1,NTR1_HUMAN,578
1245,ENSG00000171773,NXNL1,NXNL1,NXNL1_HUMAN,1080
1246,ENSG00000106809,OGN,OGN,MIME_HUMAN,460
1247,ENSG00000127083,OMD,OMD,OMD_HUMAN,1122
1248,ENSG00000116329,OPRD1,OPRD1,OPRD_HUMAN,654
1249,ENSG00000082556,OPRK1,OPRK1,OPRK_HUMAN,655
1250,ENSG00000125510,OPRL1,OPRL1,OPRX_HUMAN,656
1251,ENSG00000277044,OPRL1,OPRL1,OPRX_HUMAN,656
1252,ENSG00000112038,OPRM1,OPRM1,OPRM_HUMAN,619
1253,ENSG00000099985,OSM,OSM,ONCM_HUMAN,373
1254,ENSG00000145623,OSMR,OSMR,OSMR_HUMAN,1113
1255,ENSG00000188729,OSTN,OSTN,OSTN_HUMAN,785
1256,ENSG00000162881,OXER1,OXER1,OXER1_HUMAN,1042
1257,ENSG00000101405,OXT,OXT,NEU1_HUMAN,158
1258,ENSG00000180914,OXTR,OXTR,OXYR_HUMAN,570
1259,ENSG00000171631,P2RY6,P2RY6,P2RY6_HUMAN,904
1260,ENSG00000185624,P4HB,P4HB,PDIA1_HUMAN,268
1261,ENSG00000276977,PDCD1,PDCD1,PDCD1_HUMAN,906
1262,ENSG00000188389,PDCD1,PDCD1,PDCD1_HUMAN,906
1263,ENSG00000197646,PDCD1LG2,PDCD1LG2,PD1L2_HUMAN,1126
1264,ENSG00000197461,PDGFA,PDGFA,PDGFA_HUMAN,224
1265,ENSG00000100311,PDGFB,PDGFB,PDGFB_HUMAN,150
1266,ENSG00000145431,PDGFC,PDGFC,PDGFC_HUMAN,1197
1267,ENSG00000170962,PDGFD,PDGFD,PDGFD_HUMAN,1142
1268,ENSG00000134853,PDGFRA,PDGFRA,PGFRA_HUMAN,407
1269,ENSG00000113721,PDGFRB,PDGFRB,PGFRB_HUMAN,309
1270,ENSG00000101327,PDYN,PDYN,PDYN_HUMAN,162
1271,ENSG00000261371,PECAM1,PECAM1,PECA1_HUMAN,408
1272,ENSG00000181195,PENK,PENK,PENK_HUMAN,161
1273,ENSG00000163737,PF4,PF4,PLF4_HUMAN,213
1274,ENSG00000119630,PGF,PGF,PLGF_HUMAN,720
1275,ENSG00000082175,PGR,PGR,PRGR_HUMAN,258
1276,ENSG00000164040,PGRMC2,PGRMC2,PGRC2_HUMAN,57
1277,ENSG00000085514,PILRA,PILRA,PILRA_HUMAN,1245
1278,ENSG00000188257,PLA2G2A,PLA2G2A,PA2GA_HUMAN,384
1279,ENSG00000122861,PLAU,PLAU,UROK_HUMAN,143
1280,ENSG00000011422,PLAUR,PLAUR,UPAR_HUMAN,826
1281,ENSG00000129219,PLD2,PLD2,PLD2_HUMAN,51
1282,ENSG00000122194,PLG,PLG,PLMN_HUMAN,142
1283,ENSG00000114554,PLXNA1,PLXNA1,PLXA1_HUMAN,1243
1284,ENSG00000076356,PLXNA2,PLXNA2,PLXA2_HUMAN,96
1285,ENSG00000130827,PLXNA3,PLXNA3,PLXA3_HUMAN,742
1286,ENSG00000221866,PLXNA4,PLXNA4,PLXA4_HUMAN,1179
1287,ENSG00000164050,PLXNB1,PLXNB1,PLXB1_HUMAN,68
1288,ENSG00000196576,PLXNB2,PLXNB2,PLXB2_HUMAN,53
1289,ENSG00000198753,PLXNB3,PLXNB3,PLXB3_HUMAN,1249
1290,ENSG00000136040,PLXNC1,PLXNC1,PLXC1_HUMAN,87
1291,ENSG00000004399,PLXND1,PLXND1,PLXD1_HUMAN,1268
1292,ENSG00000183395,PMCH,PMCH,MCH_HUMAN,454
1293,ENSG00000141744,PNMT,PNMT,PNMT_HUMAN,341
1294,ENSG00000168081,PNOC,PNOC,PNOC_HUMAN,870
1295,ENSG00000128567,PODXL,PODXL,PODXL_HUMAN,35
1296,ENSG00000114631,PODXL2,PODXL2,PDXL2_HUMAN,1208
1297,ENSG00000115138,POMC,POMC,COLI_HUMAN,160
1298,ENSG00000186951,PPARA,PPARA,PPARA_HUMAN,841
1299,ENSG00000112033,PPARD,PPARD,PPARD_HUMAN,825
1300,ENSG00000132170,PPARG,PPARG,PPARG_HUMAN,639
1301,ENSG00000163736,PPBP,PPBP,CXCL7_HUMAN,212
1302,ENSG00000196262,PPIA,PPIA,PPIA_HUMAN,788
1303,ENSG00000108849,PPY,PPY,PAHO_HUMAN,176
1304,ENSG00000172179,PRL,PRL,PRL_HUMAN,167
1305,ENSG00000071677,PRLH,PRLH,PRRP_HUMAN,801
1306,ENSG00000119973,PRLHR,PRLHR,PRLHR_HUMAN,718
1307,ENSG00000113494,PRLR,PRLR,PRLR_HUMAN,411
1308,ENSG00000115718,PROC,PROC,PROC_HUMAN,222
1309,ENSG00000101000,PROCR,PROCR,PROCR_HUMAN,1258
1310,ENSG00000143125,PROK1,PROK1,PROK1_HUMAN,780
1311,ENSG00000163421,PROK2,PROK2,PROK2_HUMAN,1175
1312,ENSG00000169618,PROKR1,PROKR1,PKR1_HUMAN,1038
1313,ENSG00000101292,PROKR2,PROKR2,PKR2_HUMAN,1028
1314,ENSG00000184500,PROS1,PROS1,PROS_HUMAN,267
1316,ENSG00000197746,PSAP,PSAP,SAP_HUMAN,274
1317,ENSG00000125650,PSPN,PSPN,PSPN_HUMAN,89
1318,ENSG00000185920,PTCH1,PTCH1,PTC1_HUMAN,873
1319,ENSG00000117425,PTCH2,PTCH2,PTC2_HUMAN,1276
1320,ENSG00000168229,PTGDR,PTGDR,PD2R_HUMAN,859
1321,ENSG00000183134,PTGDR2,PTGDR2,PD2R2_HUMAN,1274
1322,ENSG00000160951,PTGER1,PTGER1,PE2R1_HUMAN,610
1323,ENSG00000125384,PTGER2,PTGER2,PE2R2_HUMAN,675
1324,ENSG00000050628,PTGER3,PTGER3,PE2R3_HUMAN,674
1325,ENSG00000171522,PTGER4,PTGER4,PE2R4_HUMAN,621
1326,ENSG00000148344,PTGES,PTGES,PTGES_HUMAN,40
1327,ENSG00000148334,PTGES2,PTGES2,PGES2_HUMAN,1165
1328,ENSG00000110958,PTGES3,PTGES3,TEBP_HUMAN,907
1329,ENSG00000122420,PTGFR,PTGFR,PF2R_HUMAN,673
1330,ENSG00000160013,PTGIR,PTGIR,PI2R_HUMAN,676
1331,ENSG00000124212,PTGIS,PTGIS,PTGIS_HUMAN,933
1332,ENSG00000106853,PTGR1,PTGR1,PTGR1_HUMAN,900
1333,ENSG00000152266,PTH,PTH,PTHY_HUMAN,172
1334,ENSG00000160801,PTH1R,PTH1R,PTH1R_HUMAN,827
1335,ENSG00000142538,PTH2,PTH2,TIP39_HUMAN,1078
1336,ENSG00000144407,PTH2R,PTH2R,PTH2R_HUMAN,714
1337,ENSG00000087494,PTHLH,PTHLH,PTHR_HUMAN,356
1338,ENSG00000105894,PTN,PTN,PTN_HUMAN,467
1339,ENSG00000081237,PTPRC,PTPRC,PTPRC_HUMAN,288
1340,ENSG00000262418,PTPRC,PTPRC,PTPRC_HUMAN,288
1341,ENSG00000273993,PTPRK,PTPRK,PTPRK_HUMAN,910
1342,ENSG00000152894,PTPRK,PTPRK,PTPRK_HUMAN,910
1343,ENSG00000153233,PTPRR,PTPRR,PTPRR_HUMAN,909
1344,ENSG00000105426,PTPRS,PTPRS,PTPRS_HUMAN,865
1345,ENSG00000060656,PTPRU,PTPRU,PTPRU_HUMAN,1059
1346,ENSG00000106278,PTPRZ1,PTPRZ1,PTPRZ_HUMAN,496
1347,ENSG00000073008,PVR,PVR,PVR_HUMAN,391
1348,ENSG00000131096,PYY,PYY,PYY_HUMAN,321
1349,ENSG00000188710,QRFP,QRFP,OX26_HUMAN,802
1350,ENSG00000186867,QRFPR,QRFPR,QRFPR_HUMAN,1094
1351,ENSG00000164520,RAET1E,RAET1E,N2DL4_HUMAN,1039
1352,ENSG00000203722,RAET1G,RAET1G,RET1G_HUMAN,962
1353,ENSG00000155918,RAET1L,RAET1L,RET1L_HUMAN,957
1354,ENSG00000132329,RAMP1,RAMP1,RAMP1_HUMAN,93
1355,ENSG00000131477,RAMP2,RAMP2,RAMP2_HUMAN,94
1356,ENSG00000122679,RAMP3,RAMP3,RAMP3_HUMAN,95
1357,ENSG00000131759,RARA,RARA,RARA_HUMAN,327
1358,ENSG00000077092,RARB,RARB,RARB_HUMAN,333
1359,ENSG00000172819,RARG,RARG,RARG_HUMAN,371
1360,ENSG00000106538,RARRES2,RARRES2,RARR2_HUMAN,1121
1361,ENSG00000138207,RBP4,RBP4,RET4_HUMAN,209
1362,ENSG00000189056,RELN,RELN,RELN_HUMAN,793
1363,ENSG00000143839,REN,REN,RENI_HUMAN,144
1364,ENSG00000165731,RET,RET,RET_HUMAN,275
1365,ENSG00000104918,RETN,RETN,RETN_HUMAN,1183
1366,ENSG00000137275,RIPK1,RIPK1,RIPK1_HUMAN,871
1367,ENSG00000107018,RLN1,RLN1,REL1_HUMAN,236
1368,ENSG00000107014,RLN2,RLN2,REL2_HUMAN,225
1369,ENSG00000171136,RLN3,RLN3,REL3_HUMAN,1052
1370,ENSG00000026297,RNASET2,RNASET2,RNT2_HUMAN,32
1371,ENSG00000169855,ROBO1,ROBO1,ROBO1_HUMAN,1278
1372,ENSG00000185008,ROBO2,ROBO2,ROBO2_HUMAN,1178
1373,ENSG00000154134,ROBO3,ROBO3,ROBO3_HUMAN,1089
1374,ENSG00000185483,ROR1,ROR1,ROR1_HUMAN,814
1375,ENSG00000169071,ROR2,ROR2,ROR2_HUMAN,815
1376,ENSG00000069667,RORA,RORA,RORA_HUMAN,620
1377,ENSG00000198963,RORB,RORB,RORB_HUMAN,1061
1378,ENSG00000143365,RORC,RORC,RORG_HUMAN,732
1379,ENSG00000047936,ROS1,ROS1,ROS1_HUMAN,300
1380,ENSG00000105372,RPS19,RPS19,RS19_HUMAN,644
1381,ENSG00000169218,RSPO1,RSPO1,RSPO1_HUMAN,943
1382,ENSG00000147655,RSPO2,RSPO2,RSPO2_HUMAN,979
1383,ENSG00000146374,RSPO3,RSPO3,RSPO3_HUMAN,1133
1384,ENSG00000101282,RSPO4,RSPO4,RSPO4_HUMAN,942
1385,ENSG00000171509,RXFP1,RXFP1,RXFP1_HUMAN,1174
1386,ENSG00000133105,RXFP2,RXFP2,RXFP2_HUMAN,1051
1387,ENSG00000277069,RXFP3,RXFP3,RL3R1_HUMAN,1203
1388,ENSG00000182631,RXFP3,RXFP3,RL3R1_HUMAN,1203
1389,ENSG00000173080,RXFP4,RXFP4,RL3R2_HUMAN,1044
1390,ENSG00000186350,RXRA,RXRA,RXRA_HUMAN,444
1391,ENSG00000235712,RXRB,RXRB,RXRB_HUMAN,543
1392,ENSG00000227322,RXRB,RXRB,RXRB_HUMAN,543
1393,ENSG00000204231,RXRB,RXRB,RXRB_HUMAN,543
1394,ENSG00000231321,RXRB,RXRB,RXRB_HUMAN,543
1395,ENSG00000206289,RXRB,RXRB,RXRB_HUMAN,543
1396,ENSG00000228333,RXRB,RXRB,RXRB_HUMAN,543
1397,ENSG00000143171,RXRG,RXRG,RXRG_HUMAN,707
1398,ENSG00000163785,RYK,RYK,RYK_HUMAN,606
1399,ENSG00000267534,S1PR2,S1PR2,S1PR2_HUMAN,116
1400,ENSG00000173432,SAA1,SAA1,SAA1_HUMAN,318
1401,ENSG00000168079,SCARA5,SCARA5,SCAR5_HUMAN,985
1402,ENSG00000161055,SCGB3A1,SCGB3A1,SG3A1_HUMAN,1099
1403,ENSG00000070031,SCT,SCT,SECR_HUMAN,311
1404,ENSG00000274473,SCT,SCT,SECR_HUMAN,311
1405,ENSG00000080293,SCTR,SCTR,SCTR_HUMAN,696
1406,ENSG00000007908,SELE,SELE,LYAM2_HUMAN,413
1407,ENSG00000188404,SELL,SELL,LYAM1_HUMAN,379
1408,ENSG00000174175,SELP,SELP,LYAM3_HUMAN,403
1409,ENSG00000110876,SELPLG,SELPLG,SELPL_HUMAN,890
1410,ENSG00000075213,SEMA3A,SEMA3A,SEM3A_HUMAN,894
1411,ENSG00000075223,SEMA3C,SEMA3C,SEM3C_HUMAN,1123
1412,ENSG00000170381,SEMA3E,SEMA3E,SEM3E_HUMAN,54
1413,ENSG00000001617,SEMA3F,SEMA3F,SEM3F_HUMAN,861
1414,ENSG00000196189,SEMA4A,SEMA4A,SEM4A_HUMAN,1156
1415,ENSG00000168758,SEMA4C,SEMA4C,SEM4C_HUMAN,1141
1416,ENSG00000187764,SEMA4D,SEMA4D,SEM4D_HUMAN,1065
1417,ENSG00000095539,SEMA4G,SEMA4G,SEM4G_HUMAN,1204
1418,ENSG00000112902,SEMA5A,SEMA5A,SEM5A_HUMAN,872
1419,ENSG00000092421,SEMA6A,SEMA6A,SEM6A_HUMAN,1153
1420,ENSG00000137872,SEMA6D,SEMA6D,SEM6D_HUMAN,1031
1421,ENSG00000138623,SEMA7A,SEMA7A,SEM7A_HUMAN,102
1422,ENSG00000104332,SFRP1,SFRP1,SFRP1_HUMAN,1017
1423,ENSG00000145423,SFRP2,SFRP2,SFRP2_HUMAN,1083
1424,ENSG00000106483,SFRP4,SFRP4,SFRP4_HUMAN,960
1425,ENSG00000120057,SFRP5,SFRP5,SFRP5_HUMAN,953
1426,ENSG00000164690,SHH,SHH,SHH_HUMAN,915
1427,ENSG00000185187,SIGIRR,SIGIRR,SIGIR_HUMAN,963
1428,ENSG00000088827,SIGLEC1,SIGLEC1,SN_HUMAN,1140
1429,ENSG00000142512,SIGLEC10,SIGLEC10,SIG10_HUMAN,1087
1430,ENSG00000197046,SIGLEC15,SIGLEC15,SIG15_HUMAN,984
1431,ENSG00000198053,SIRPA,SIRPA,SHPS1_HUMAN,790
1432,ENSG00000101307,SIRPB1,SIRPB1,SIRB1_HUMAN,22
1433,ENSG00000089012,SIRPG,SIRPG,SIRPG_HUMAN,1220
1434,ENSG00000117090,SLAMF1,SLAMF1,SLAF1_HUMAN,862
1435,ENSG00000155380,SLC16A1,SLC16A1,MOT1_HUMAN,752
1436,ENSG00000281917,SLC16A1,SLC16A1,MOT1_HUMAN,752
1437,ENSG00000105281,SLC1A5,SLC1A5,AAAT_HUMAN,918
1438,ENSG00000092096,SLC22A17,SLC22A17,S22AH_HUMAN,1047
1439,ENSG00000139514,SLC7A1,SLC7A1,CTR1_HUMAN,571
1440,ENSG00000187122,SLIT1,SLIT1,SLIT1_HUMAN,98
1441,ENSG00000145147,SLIT2,SLIT2,SLIT2_HUMAN,113
1442,ENSG00000126233,SLURP1,SLURP1,SLUR1_HUMAN,760
1443,ENSG00000128602,SMO,SMO,SMO_HUMAN,1120
1444,ENSG00000137642,SORL1,SORL1,SORL_HUMAN,1057
1445,ENSG00000134243,SORT1,SORT1,SORT_HUMAN,1110
1446,ENSG00000171243,SOSTDC1,SOSTDC1,SOSD1_HUMAN,982
1447,ENSG00000197471,SPN,SPN,LEUK_HUMAN,405
1448,ENSG00000118785,SPP1,SPP1,OSTP_HUMAN,328
1449,ENSG00000134548,SPX,SPX,SPXN_HUMAN,1127
1450,ENSG00000145545,SRD5A1,SRD5A1,S5A1_HUMAN,430
1451,ENSG00000277893,SRD5A2,SRD5A2,S5A2_HUMAN,580
1452,ENSG00000128039,SRD5A3,SRD5A3,PORED_HUMAN,1166
1453,ENSG00000157005,SST,SST,SMS_HUMAN,784
1454,ENSG00000139874,SSTR1,SSTR1,SSR1_HUMAN,572
1455,ENSG00000180616,SSTR2,SSTR2,SSR2_HUMAN,573
1456,ENSG00000278195,SSTR3,SSTR3,SSR3_HUMAN,595
1457,ENSG00000132671,SSTR4,SSTR4,SSR4_HUMAN,583
1458,ENSG00000162009,SSTR5,SSTR5,SSR5_HUMAN,615
1459,ENSG00000137868,STRA6,STRA6,STRA6_HUMAN,1130
1460,ENSG00000196502,SULT1A1,SULT1A1,ST1A1_HUMAN,728
1461,ENSG00000109193,SULT1E1,SULT1E1,ST1E1_HUMAN,724
1462,ENSG00000105398,SULT2A1,SULT2A1,ST2A1_HUMAN,835
1463,ENSG00000099994,SUSD2,SUSD2,SUSD2_HUMAN,1237
1464,ENSG00000006128,TAC1,TAC1,TKN1_HUMAN,453
1465,ENSG00000166863,TAC3,TAC3,TKNK_HUMAN,1240
1466,ENSG00000115353,TACR1,TACR1,NK1R_HUMAN,514
1467,ENSG00000075073,TACR2,TACR2,NK2R_HUMAN,468
1468,ENSG00000169836,TACR3,TACR3,NK3R_HUMAN,554
1472,ENSG00000006638,TBXA2R,TBXA2R,TA2R_HUMAN,475
1473,ENSG00000059377,TBXAS1,TBXAS1,THAS_HUMAN,502
1474,ENSG00000241186,TDGF1,TDGF1,TDGF1_HUMAN,365
1475,ENSG00000120156,TEK,TEK,TIE2_HUMAN,823
1476,ENSG00000091513,TF,TF,TRFE_HUMAN,216
1477,ENSG00000160182,TFF1,TFF1,TFF1_HUMAN,229
1478,ENSG00000106327,TFR2,TFR2,TFR2_HUMAN,1260
1479,ENSG00000072274,TFRC,TFRC,TFR1_HUMAN,215
1480,ENSG00000042832,TG,TG,THYG_HUMAN,171
1481,ENSG00000163235,TGFA,TGFA,TGFA_HUMAN,153
1482,ENSG00000105329,TGFB1,TGFB1,TGFB1_HUMAN,154
1483,ENSG00000092969,TGFB2,TGFB2,TGFB2_HUMAN,787
1484,ENSG00000119699,TGFB3,TGFB3,TGFB3_HUMAN,329
1485,ENSG00000106799,TGFBR1,TGFBR1,TGFR1_HUMAN,634
1486,ENSG00000163513,TGFBR2,TGFBR2,TGFR2_HUMAN,638
1487,ENSG00000069702,TGFBR3,TGFBR3,TGBR3_HUMAN,824
1488,ENSG00000178726,THBD,THBD,TRBM_HUMAN,266
1489,ENSG00000137801,THBS1,THBS1,TSP1_HUMAN,276
1490,ENSG00000186340,THBS2,THBS2,TSP2_HUMAN,623
1491,ENSG00000090534,THPO,THPO,TPO_HUMAN,651
1492,ENSG00000126351,THRA,THRA,THA_HUMAN,334
1493,ENSG00000151090,THRB,THRB,THB_HUMAN,335
1494,ENSG00000154096,THY1,THY1,THY1_HUMAN,230
1495,ENSG00000181847,TIGIT,TIGIT,TIGIT_HUMAN,946
1496,ENSG00000102265,TIMP1,TIMP1,TIMP1_HUMAN,148
1497,ENSG00000101916,TLR8,TLR8,TLR8_HUMAN,1196
1498,ENSG00000149932,TMEM219,TMEM219,TM219_HUMAN,1002
1499,ENSG00000041982,TNC,TNC,TENA_HUMAN,503
1500,ENSG00000228849,TNF,TNF,TNFA_HUMAN,181
1501,ENSG00000206439,TNF,TNF,TNFA_HUMAN,181
1502,ENSG00000232810,TNF,TNF,TNFA_HUMAN,181
1503,ENSG00000223952,TNF,TNF,TNFA_HUMAN,181
1504,ENSG00000228321,TNF,TNF,TNFA_HUMAN,181
1505,ENSG00000204490,TNF,TNF,TNFA_HUMAN,181
1506,ENSG00000230108,TNF,TNF,TNFA_HUMAN,181
1507,ENSG00000228978,TNF,TNF,TNFA_HUMAN,181
1508,ENSG00000104689,TNFRSF10A,TNFRSF10A,TR10A_HUMAN,19
1509,ENSG00000120889,TNFRSF10B,TNFRSF10B,TR10B_HUMAN,42
1510,ENSG00000173535,TNFRSF10C,TNFRSF10C,TR10C_HUMAN,46
1511,ENSG00000173530,TNFRSF10D,TNFRSF10D,TR10D_HUMAN,1231
1512,ENSG00000141655,TNFRSF11A,TNFRSF11A,TNR11_HUMAN,1279
1513,ENSG00000164761,TNFRSF11B,TNFRSF11B,TR11B_HUMAN,26
1514,ENSG00000006327,TNFRSF12A,TNFRSF12A,TNR12_HUMAN,1185
1515,ENSG00000240505,TNFRSF13B,TNFRSF13B,TR13B_HUMAN,47
1516,ENSG00000159958,TNFRSF13C,TNFRSF13C,TR13C_HUMAN,1102
1517,ENSG00000157873,TNFRSF14,TNFRSF14,TNR14_HUMAN,1067
1518,ENSG00000273936,TNFRSF14,TNFRSF14,TNR14_HUMAN,1067
1519,ENSG00000048462,TNFRSF17,TNFRSF17,TNR17_HUMAN,816
1520,ENSG00000186891,TNFRSF18,TNFRSF18,TNR18_HUMAN,1272
1521,ENSG00000067182,TNFRSF1A,TNFRSF1A,TNR1A_HUMAN,442
1522,ENSG00000028137,TNFRSF1B,TNFRSF1B,TNR1B_HUMAN,452
1523,ENSG00000146072,TNFRSF21,TNFRSF21,TNR21_HUMAN,105
1524,ENSG00000215788,TNFRSF25,TNFRSF25,TNR25_HUMAN,1068
1525,ENSG00000186827,TNFRSF4,TNFRSF4,TNR4_HUMAN,679
1526,ENSG00000243509,TNFRSF6B,TNFRSF6B,TNF6B_HUMAN,125
1527,ENSG00000120949,TNFRSF8,TNFRSF8,TNR8_HUMAN,547
1528,ENSG00000049249,TNFRSF9,TNFRSF9,TNR9_HUMAN,837
1529,ENSG00000121858,TNFSF10,TNFSF10,TNF10_HUMAN,731
1530,ENSG00000120659,TNFSF11,TNFSF11,TNF11_HUMAN,44
1531,ENSG00000239697,TNFSF12,TNFSF12,TNF12_HUMAN,71
1532,ENSG00000161955,TNFSF13,TNFSF13,TNF13_HUMAN,110
1533,ENSG00000102524,TNFSF13B,TNFSF13B,TN13B_HUMAN,1265
1534,ENSG00000125735,TNFSF14,TNFSF14,TNF14_HUMAN,73
1535,ENSG00000181634,TNFSF15,TNFSF15,TNF15_HUMAN,117
1536,ENSG00000120337,TNFSF18,TNFSF18,TNF18_HUMAN,1257
1537,ENSG00000117586,TNFSF4,TNFSF4,TNFL4_HUMAN,497
1538,ENSG00000106952,TNFSF8,TNFSF8,TNFL8_HUMAN,600
1539,ENSG00000125657,TNFSF9,TNFSF9,TNFL9_HUMAN,660
1540,ENSG00000277603,TPO,TPO,PERT_HUMAN,265
1541,ENSG00000115705,TPO,TPO,PERT_HUMAN,265
1542,ENSG00000095970,TREM2,TREM2,TREM2_HUMAN,1209
1543,ENSG00000112195,TREML2,TREML2,TRML2_HUMAN,952
1544,ENSG00000170893,TRH,TRH,TRH_HUMAN,455
1545,ENSG00000174417,TRHR,TRHR,TRFR_HUMAN,609
1546,ENSG00000134200,TSHB,TSHB,TSHB_HUMAN,164
1547,ENSG00000165409,TSHR,TSHR,TSHR_HUMAN,412
1548,ENSG00000145777,TSLP,TSLP,TSLP_HUMAN,1071
1549,ENSG00000118271,TTR,TTR,TTHY_HUMAN,210
1550,ENSG00000112041,TULP1,TULP1,TULP1_HUMAN,25
1551,ENSG00000077498,TYR,TYR,TYRO_HUMAN,385
1552,ENSG00000092445,TYRO3,TYRO3,TYRO3_HUMAN,834
1553,ENSG00000011600,TYROBP,TYROBP,TYOBP_HUMAN,78
1554,ENSG00000154127,UBASH3B,UBASH3B,UBS3B_HUMAN,1046
1555,ENSG00000163794,UCN,UCN,UCN1_HUMAN,764
1556,ENSG00000145040,UCN2,UCN2,UCN2_HUMAN,1103
1557,ENSG00000178473,UCN3,UCN3,UCN3_HUMAN,1073
1558,ENSG00000111981,ULBP1,ULBP1,N2DL1_HUMAN,1138
1559,ENSG00000131015,ULBP2,ULBP2,N2DL2_HUMAN,1137
1560,ENSG00000131019,ULBP3,ULBP3,N2DL3_HUMAN,1136
1561,ENSG00000113763,UNC5A,UNC5A,UNC5A_HUMAN,987
1562,ENSG00000107731,UNC5B,UNC5B,UNC5B_HUMAN,1013
1563,ENSG00000182168,UNC5C,UNC5C,UNC5C_HUMAN,118
1564,ENSG00000156687,UNC5D,UNC5D,UNC5D_HUMAN,980
1565,ENSG00000049247,UTS2,UTS2,UTS2_HUMAN,124
1566,ENSG00000188958,UTS2B,UTS2B,UTS2B_HUMAN,989
1567,ENSG00000181408,UTS2R,UTS2R,UR2R_HUMAN,1246
1568,ENSG00000162692,VCAM1,VCAM1,VCAM1_HUMAN,441
1569,ENSG00000111424,VDR,VDR,VDR_HUMAN,347
1570,ENSG00000112715,VEGFA,VEGFA,VEGFA_HUMAN,399
1571,ENSG00000173511,VEGFB,VEGFB,VEGFB_HUMAN,721
1572,ENSG00000150630,VEGFC,VEGFC,VEGFC_HUMAN,722
1573,ENSG00000165197,VEGFD,VEGFD,VEGFD_HUMAN,79
1574,ENSG00000128564,VGF,VGF,VGF_HUMAN,59
1575,ENSG00000146469,VIP,VIP,VIP_HUMAN,174
1576,ENSG00000114812,VIPR1,VIPR1,VIPR1_HUMAN,589
1577,ENSG00000106018,VIPR2,VIPR2,VIPR2_HUMAN,662
1578,ENSG00000147852,VLDLR,VLDLR,VLDLR_HUMAN,804
1579,ENSG00000107738,VSIR,VSIR,GI24_HUMAN,1163
1580,ENSG00000275577,VSTM1,VSTM1,VSTM1_HUMAN,974
1581,ENSG00000274887,VSTM1,VSTM1,VSTM1_HUMAN,974
1582,ENSG00000277607,VSTM1,VSTM1,VSTM1_HUMAN,974
1583,ENSG00000276363,VSTM1,VSTM1,VSTM1_HUMAN,974
1584,ENSG00000276159,VSTM1,VSTM1,VSTM1_HUMAN,974
1585,ENSG00000276066,VSTM1,VSTM1,VSTM1_HUMAN,974
1586,ENSG00000189068,VSTM1,VSTM1,VSTM1_HUMAN,974
1587,ENSG00000275962,VSTM1,VSTM1,VSTM1_HUMAN,974
1588,ENSG00000275330,VSTM1,VSTM1,VSTM1_HUMAN,974
1589,ENSG00000274953,VSTM1,VSTM1,VSTM1_HUMAN,974
1590,ENSG00000109072,VTN,VTN,VTNC_HUMAN,221
1591,ENSG00000110799,VWF,VWF,VWF_HUMAN,232
1592,ENSG00000156076,WIF1,WIF1,WIF1_HUMAN,1273
1593,ENSG00000112761,WISP3,WISP3,WISP3_HUMAN,121
1594,ENSG00000125084,WNT1,WNT1,WNT1_HUMAN,234
1595,ENSG00000135925,WNT10A,WNT10A,WN10A_HUMAN,1145
1596,ENSG00000085741,WNT11,WNT11,WNT11_HUMAN,137
1597,ENSG00000002745,WNT16,WNT16,WNT16_HUMAN,1234
1598,ENSG00000105989,WNT2,WNT2,WNT2_HUMAN,307
1599,ENSG00000134245,WNT2B,WNT2B,WNT2B_HUMAN,1069
1600,ENSG00000277641,WNT3,WNT3,WNT3_HUMAN,773
1601,ENSG00000108379,WNT3,WNT3,WNT3_HUMAN,773
1602,ENSG00000277626,WNT3,WNT3,WNT3_HUMAN,773
1603,ENSG00000154342,WNT3A,WNT3A,WNT3A_HUMAN,774
1604,ENSG00000162552,WNT4,WNT4,WNT4_HUMAN,775
1605,ENSG00000114251,WNT5A,WNT5A,WNT5A_HUMAN,659
1606,ENSG00000111186,WNT5B,WNT5B,WNT5B_HUMAN,1150
1607,ENSG00000115596,WNT6,WNT6,WNT6_HUMAN,1277
1608,ENSG00000154764,WNT7A,WNT7A,WNT7A_HUMAN,37
1609,ENSG00000188064,WNT7B,WNT7B,WNT7B_HUMAN,776
1610,ENSG00000061492,WNT8A,WNT8A,WNT8A_HUMAN,1149
1611,ENSG00000075290,WNT8B,WNT8B,WNT8B_HUMAN,1070
1612,ENSG00000143816,WNT9A,WNT9A,WNT9A_HUMAN,48
1613,ENSG00000158955,WNT9B,WNT9B,WNT9B_HUMAN,49
1614,ENSG00000276799,WNT9B,WNT9B,WNT9B_HUMAN,49
1615,ENSG00000143184,XCL1,XCL1,XCL1_HUMAN,700
1616,ENSG00000143185,XCL2,XCL2,XCL2_HUMAN,1224
1617,ENSG00000173578,XCR1,XCR1,XCR1_HUMAN,688
1618,ENSG00000143324,XPR1,XPR1,XPR1_HUMAN,1228
1619,ENSG00000134684,YARS,YARS,SYYC_HUMAN,753
