id_protein,protein_name,tags,tags_reason,tags_description,protein_multidata_id
0,KLRG2_HUMAN,To_add | To_comment,Receptor_add,Killer cell lectin-like receptor subfamily | Receptor_add (uniprot),0
1,5HT3E_HUMAN,To_add,,,1
2,CO6A6_HUMAN,To_add,,Collagen,2
3,CO6A5_HUMAN,To_add,,Collagen,3
4,CCL3L1,To_add,,,4
5,KLRF2_HUMAN,To_comment,Extracellular_add,,5
6,HLAA,To_add,,,6
7,HLAB,To_add,,,7
8,HLAC,To_add,,,8
9,HLADPA1,To_add,,,9
10,HLADPB1,To_add,,,10
11,HLADQB2,To_add,,,11
12,HLADRB1,To_add,,,12
13,IFNA1,To_add,,,13
14,SUPYN_HUMAN,To_add,,retrovirus,14
15,FZD9_HUMAN,To_comment,Extracellular_add,,15
16,GPR25_HUMAN,To_add,,,16
17,CCL24_HUMAN,To_add,,,17
18,LEG9_HUMAN,To_comment,secretedhigh_add | peripheral_add,Ligand for HAVCR2/TIM3 (uniprot),18
19,TR10A_HUMAN,To_add,,TNF_receptor_add (uniprot),19
20,CORT_HUMAN,To_add,,,20
21,BMR1B_HUMAN,To_add,,,21
22,SIRB1_HUMAN,To_add | To_comment,Receptor_add,Iglike | Receptor_add,22
23,AGRP_HUMAN,To_add,,,23
24,LFTY2_HUMAN,To_add,,,24
25,TULP1_HUMAN,To_add,,,25
26,TR11B_HUMAN,To_add,,,26
27,CCRL2_HUMAN,To_add,,,27
28,GFRA2_HUMAN,To_add,,,28
29,AGRIN_HUMAN,To_add,,,29
30,DLL1_HUMAN,To_add,,,30
31,CXCR6_HUMAN,To_add,,,31
32,RNT2_HUMAN,To_add,,,32
33,CCL21_HUMAN,To_add,,,33
34,ACKR2_HUMAN,To_add,,,34
35,PODXL_HUMAN,To_add,,Migration,35
36,CCL22_HUMAN,To_add,,,36
37,WNT7A_HUMAN,To_add,,,37
38,NRG2_HUMAN,To_add,,,38
39,CXL11_HUMAN,To_add,,,39
40,PTGES_HUMAN,To_add,,,40
41,H17B6_HUMAN,To_add,,,41
42,TR10B_HUMAN,To_add,,TNF_receptor_add (uniprot),42
43,NRP1_HUMAN,To_add,,,43
44,TNF11_HUMAN,To_add,,,44
45,GDF8_HUMAN,To_add,,,45
46,TR10C_HUMAN,To_add,,,46
47,TR13B_HUMAN,To_add,,TNF_family (uniprot),47
48,WNT9A_HUMAN,To_add,,,48
49,WNT9B_HUMAN,To_add,,,49
50,NCTR3_HUMAN,To_comment,Extracellular_add,,50
51,PLD2_HUMAN,To_add,,,51
52,EREG_HUMAN,To_add,,,52
53,PLXB2_HUMAN,To_add,,,53
54,SEM3E_HUMAN,To_add,,,54
55,ANGP2_HUMAN,To_add,,,55
56,MUSK_HUMAN,To_add,,,56
57,PGRC2_HUMAN,To_add,,progesterone receptor (uniprot),57
58,EPHB6_HUMAN,To_remove,,no ensembl,58
59,VGF_HUMAN,To_add,,,59
60,GPR37_HUMAN,To_add,,,60
61,NMDE4_HUMAN,To_add,,,61
62,CCL25_HUMAN,To_add,,,62
63,CCL16_HUMAN,To_add,,,63
64,FGF10_HUMAN,To_add,,,64
65,CP27B_HUMAN,To_add,,,65
66,GPR42_HUMAN,To_add,,,66
67,FFAR2_HUMAN,To_add,,,67
68,PLXB1_HUMAN,To_add,,Migration,68
69,MTLR_HUMAN,To_add,,,69
70,DHH_HUMAN,To_add,,,70
71,TNF12_HUMAN,To_add,,,71
72,GON2_HUMAN,To_add,,,72
73,TNF14_HUMAN,To_add,,,73
74,GALR2_HUMAN,To_add,,,74
75,OREX_HUMAN,To_add | To_comment,secreted_add | extracellular_add,Genecards: hypothalamic neuropeptide precursor protein,75
76,OX1R_HUMAN,To_add,,,76
77,OX2R_HUMAN,To_add,,,77
78,TYOBP_HUMAN,To_add,,complex,78
79,VEGFD_HUMAN,To_add,,,79
80,EFNA2_HUMAN,To_comment,extracellular_add,ligandIUPHAR,80
81,CXL13_HUMAN,To_add,,,81
82,FGF17_HUMAN,To_add,,,82
83,FZD6_HUMAN,To_comment,Extracellular_add,,83
84,GDF9_HUMAN,To_add,,,84
85,NRP2_HUMAN,To_add | To_comment,secretedhigh_add,High affinity receptor for semaphorins | Growthfactor (uniprot),85
86,DSCAM_HUMAN,To_add,,,86
87,PLXC1_HUMAN,To_add | To_comment,transmembrane_add | receptor_add | extracellular_add,"Uniprot: Receptor for SEMA7A, for smallpox semaphorin A39R, vaccinia virus semaphorin A39R and for herpesvirus Sema protein",87
88,CUBN_HUMAN,To_add,,,88
89,PSPN_HUMAN,To_add,,,89
90,GFRA3_HUMAN,To_add,,,90
91,GALR3_HUMAN,To_add,,,91
92,G37L1_HUMAN,To_add,,,92
93,RAMP1_HUMAN,To_add,,complex,93
94,RAMP2_HUMAN,To_add,,complex,94
95,RAMP3_HUMAN,To_add,,,95
96,PLXA2_HUMAN,To_add,,,96
97,FZD7_HUMAN,To_comment,Extracellular_add,,97
98,SLIT1_HUMAN,To_add,,,98
99,LRP4_HUMAN,To_add,,ligandIUPHAR,99
100,ICOSL_HUMAN,To_add|To_comment,Extracellular_add,Iglike,100
101,LRP5_HUMAN,To_add | To_comment,extracellular_add,Component of the Wnt-Fzd-LRP5-LRP6 complex (uniprot),101
102,SEM7A_HUMAN,To_add,,Possible_receptor,102
103,NR1I2_HUMAN,To_add,,,103
104,LGR5_HUMAN,To_add,,,104
105,TNR21_HUMAN,To_add,,,105
106,ITA10_HUMAN,To_add,,Integrin (uniprot),106
107,LRP6_HUMAN,To_add,,,107
108,LFTY1_HUMAN,To_add,,,108
109,RENR_HUMAN,To_add,,,109
110,TNF13_HUMAN,To_add,,,110
111,FGF18_HUMAN,To_add,,,111
112,AL1A2_HUMAN,To_add,,,112
113,SLIT2_HUMAN,To_add,,,113
114,DKK1_HUMAN,To_add,,,114
115,AGRL1_HUMAN,To_add,,,115
116,S1PR2_HUMAN,To_add,,,116
117,TNF15_HUMAN,To_add,,,117
118,UNC5C_HUMAN,To_add,,,118
119,I18RA_HUMAN,To_add,,Iglike,119
120,5HT3B_HUMAN,To_add,,,120
121,WISP3_HUMAN,To_add,,,121
122,GDF11_HUMAN,To_add,,,122
123,BMP10_HUMAN,To_add,,,123
124,UTS2_HUMAN,To_add,,,124
125,TNF6B_HUMAN,To_add,,,125
126,ABCA1_HUMAN,To_add,,,126
127,NET1_HUMAN,To_add,,,127
128,CXL14_HUMAN,To_add,,,128
129,CRTAM_HUMAN,To_add | To_comment,Extracellular_add,Iglike | Possible_receptor,129
130,FGF19_HUMAN,To_add,,,130
131,IL33_HUMAN,To_add,,,131
132,GPR75_HUMAN,To_add,,,132
133,CER1_HUMAN,To_add,,,133
134,GLP2R_HUMAN,To_add,,,134
135,BY55_HUMAN,To_add,,,135
136,BMP15_HUMAN,To_add,,,136
137,WNT11_HUMAN,To_add,,,137
138,AL1A1_HUMAN,To_add,,,138
139,EGFR_HUMAN,To_add,,,139
140,THRB_HUMAN,To_add,,,140
141,FA10_HUMAN,To_add,,,141
142,PLMN_HUMAN,To_add,,,142
143,UROK_HUMAN,To_add,,,143
144,RENI_HUMAN,To_add,,,144
145,ANGT_HUMAN,To_add,,,145
146,CO3_HUMAN,To_add,,,146
147,CO5_HUMAN,To_add,,,147
148,TIMP1_HUMAN,To_add,,,148
149,KNG1_HUMAN,To_add,,,149
150,PDGFB_HUMAN,To_add,,,150
151,LDLR_HUMAN,To_add,,,151
152,EGF_HUMAN,To_add | To_comment,secreted_add | secreted_high| extracellular _add,Uniprot: EGF stimulates the growth of various epidermal and epithelial tissues in vivo and in vitro and of some fibroblasts in cell culture.,152
153,TGFA_HUMAN,To_add,,,153
154,TGFB1_HUMAN,To_add,,,154
155,NGF_HUMAN,To_add,,,155
156,GON1_HUMAN,To_add,,,156
157,ANF_HUMAN,To_add,,,157
158,NEU1_HUMAN,To_add,,,158
159,NEU2_HUMAN,To_add,,,159
160,COLI_HUMAN,To_add,,,160
161,PENK_HUMAN,To_add,,,161
162,PDYN_HUMAN,To_add,,,162
163,GLHA_HUMAN,To_add,,,163
164,TSHB_HUMAN,To_add,,,164
165,FSHB_HUMAN,To_add,,,165
166,LSHB_HUMAN,To_add,,,166
167,PRL_HUMAN,To_add,,,167
168,SOMA_HUMAN,To_add,,,168
169,SOM2_HUMAN,To_add,,,169
170,CALC_HUMAN,To_add,,,170
171,THYG_HUMAN,To_add,,,171
172,PTHY_HUMAN,To_add,,,172
173,GLUC_HUMAN,To_add,,,173
174,VIP_HUMAN,To_add,,,174
175,SLIB_HUMAN,To_add,,,175
176,PAHO_HUMAN,To_add,,,176
177,INS_HUMAN,To_add,,,177
178,IGF2_HUMAN,To_add,,,178
179,GAST_HUMAN,To_add,,,179
180,TNFB_HUMAN,To_add,,,180
181,TNFA_HUMAN,To_add,,,181
182,IFNA1_HUMAN,To_add,,,182
183,IFNA2_HUMAN,To_add,,,183
184,IFN10_HUMAN,To_add,,,184
185,IFNA7_HUMAN,To_add,,,185
186,IFN21_HUMAN,To_add,,,186
187,IFNA5_HUMAN,To_add,,,187
188,IFN14_HUMAN,To_add,,,188
189,IFN17_HUMAN,To_add,,,189
190,IFNB_HUMAN,To_add,,,190
191,IFNG_HUMAN,To_add,,,191
192,IL1A_HUMAN,To_add,,,192
193,IL1B_HUMAN,To_add,,,193
194,EPO_HUMAN,To_add,,,194
195,IL2RA_HUMAN,To_add,,Cytokine_receptor_add (uniprot),195
196,CD8A_HUMAN,To_comment,Receptor_add,,196
197,CO1A1_HUMAN,To_add,,collagen,197
198,CO2A1_HUMAN,To_add,,collagen,198
199,CO3A1_HUMAN,To_add,,collagen,199
200,CO4A1_HUMAN,To_add,,collagen,200
201,APOA1_HUMAN,To_add,,,201
202,APOE_HUMAN,To_add,,,202
203,APOA2_HUMAN,To_add,,,203
204,FIBA_HUMAN,To_add,,,204
205,FIBB_HUMAN,To_add,,,205
206,FIBG_HUMAN,To_add,,,206
207,ACHA_HUMAN,To_add,,,207
208,FINC_HUMAN,To_add,,,208
209,RET4_HUMAN,To_add,,,209
210,TTHY_HUMAN,To_add,,,210
211,ALBU_HUMAN,To_add,,,211
212,CXCL7_HUMAN,To_add,,,212
213,PLF4_HUMAN,To_add,,,213
214,CXL10_HUMAN,To_add,,,214
215,TFR1_HUMAN,To_add,,,215
216,TRFE_HUMAN,To_add,,,216
217,FRIL_HUMAN,To_add,,,217
218,FRIH_HUMAN,To_add,,,218
219,ESR1_HUMAN,To_add,,,219
220,MIS_HUMAN,To_add,,,220
221,VTNC_HUMAN,To_add,,,221
222,PROC_HUMAN,To_add,,,222
223,ANXA1_HUMAN,To_add,,,223
224,PDGFA_HUMAN,To_add,,,224
225,REL2_HUMAN,To_add,,,225
226,APOB_HUMAN,To_add,,,226
227,CSF2_HUMAN,To_add,,,227
228,GCR_HUMAN,To_add,,,228
229,TFF1_HUMAN,To_add,,,229
230,THY1_HUMAN,To_add,,,230
231,HG2A_HUMAN,To_comment,Receptor_add,Chemokine_receptor_add,231
232,VWF_HUMAN,To_add,,,232
233,ERBB2_HUMAN,To_add,,,233
234,WNT1_HUMAN,To_add,,,234
235,NTRK1_HUMAN,To_add,,,235
236,REL1_HUMAN,To_add,,,236
237,IFNW1_HUMAN,To_add,,,237
238,IFNA6_HUMAN,To_add,,,238
239,IFNA4_HUMAN,To_add,,,239
240,IFN16_HUMAN,To_add,,,240
241,IGF1_HUMAN,To_add,,,241
242,A4_HUMAN,To_add,,ligandIUPHAR,242
243,CP17A_HUMAN,To_add,,,243
244,ITB3_HUMAN,To_add,,Migration,244
245,ITB2_HUMAN,To_add,,Integrin (uniprot),245
246,CP11A_HUMAN,To_add,,,246
247,INHA_HUMAN,To_add,,,247
248,IL4_HUMAN,To_add,,,248
249,IL5_HUMAN,To_add,,,249
250,FGF1_HUMAN,To_add,,,250
251,IL6_HUMAN,To_add,,,251
252,ICAM1_HUMAN,To_add | To_comment,,Iglike | ligandIUPHAR,252
253,ITB1_HUMAN,To_add,,Migration,253
254,CO5A2_HUMAN,To_add,,Collagen,254
255,INSR_HUMAN,To_add,,,255
256,LCK_HUMAN,To_comment,Extracellular_add,,256
257,CCKN_HUMAN,To_add,,,257
258,PRGR_HUMAN,To_add,,,258
259,CD2_HUMAN,To_add | To_comment,Receptor_add,Iglike | Receptor_add,259
260,CEAM5_HUMAN,To_comment,Adhesion_add,,260
261,FCER2_HUMAN,To_add,,,261
262,G6PI_HUMAN,To_add,,,262
263,ITAV_HUMAN,To_add | To_comment,Adhesion_add,Migration | Adhesion_add (uniprot),263
264,CRF_HUMAN,To_add,,,264
265,PERT_HUMAN,To_add,,,265
266,TRBM_HUMAN,To_add,,endothelial cell receptor (uniprot),266
267,PROS_HUMAN,To_add,,,267
268,PDIA1_HUMAN,To_add,,,268
269,ASGR2_HUMAN,To_add,,Mediates the endocytosis of plasma glycoproteins (uniprot),269
270,CSF1R_HUMAN,To_add,,,270
271,GP1BA_HUMAN,To_add,,a surface membrane protein of platelets (uniprot),271
272,GRP_HUMAN,To_add,,,272
273,ADRB2_HUMAN,To_add,,,273
274,SAP_HUMAN,To_add,,,274
275,RET_HUMAN,To_add,,,275
276,TSP1_HUMAN,To_add | To_comment,Extracellular_add,Adhesive glycoprotein that mediates cell-to-cell and cell-to-matrix interactions (uniprot),276
277,IGF1R_HUMAN,To_add,,,277
278,CO1A2_HUMAN,To_add,,Collagen,278
279,TNR16_HUMAN,To_add,,TNF_receptor_add (uniprot),279
280,ACM2_HUMAN,To_add,,,280
281,ACM4_HUMAN,To_add,,,281
282,DAF_HUMAN,To_add,,,282
283,MCR_HUMAN,To_add,,,283
284,MMP2_HUMAN,To_add,,,284
285,INHBA_HUMAN,To_add,,,285
286,ITA2B_HUMAN,To_add,,Integrin (uniprot),286
287,CO4A2_HUMAN,To_add,,Collagen,287
288,PTPRC_HUMAN,To_add | To_comment,transmembrane_add | extracellular_add,Uniprot: Protein tyrosine-protein phosphatase required for T-cell activation,288
289,MET_HUMAN,To_add | To_comment,transmembrane_add | receptor_add | extracellular_add,,289
290,ADRB1_HUMAN,To_add,,,290
291,FGF4_HUMAN,To_add,,,291
292,ITA5_HUMAN,To_add,,Integrin (uniprot),292
293,CP3A4_HUMAN,To_add,,,293
294,CP21A_HUMAN,To_add,,,294
295,IL3_HUMAN,To_add,,,295
296,IL6RA_HUMAN,To_add,,,296
297,5HT1A_HUMAN,To_add,,,297
298,ACM5_HUMAN,To_add,,,298
299,ADA2A_HUMAN,To_add,,,299
300,ROS1_HUMAN,To_add,,,300
301,NMB_HUMAN,To_add,,,301
302,FGF2_HUMAN,To_add,,,302
303,DOPO_HUMAN,To_add,,,303
304,CD48_HUMAN,To_comment,Extracellular_add,,304
305,GROA_HUMAN,To_add,,,305
306,INHBB_HUMAN,To_add,,,306
307,WNT2_HUMAN,To_add,,,307
308,CSF1_HUMAN,To_add,,,308
309,PGFRB_HUMAN,To_comment,,Migration,309
310,GIP_HUMAN,To_add,,,310
311,SECR_HUMAN,To_add,,,311
312,LOX5_HUMAN,To_add,,,312
313,CSF3_HUMAN,To_add,,,313
314,LKHA4_HUMAN,To_add,,,314
315,CO4A_HUMAN,To_add,,,315
316,NPS_HUMAN,To_add,,,316
317,CFC1_HUMAN,To_add,,,317
318,SAA1_HUMAN,To_add,,,318
319,ELA_HUMAN,To_add,,,319
320,AA3R_HUMAN,To_add,,,320
321,PYY_HUMAN,To_add,,,321
322,CALCB_HUMAN,To_add,,,322
323,ADX_HUMAN,To_add,,,323
324,IL8_HUMAN,To_add,,,324
325,CCL3_HUMAN,To_add,,,325
326,ANDR_HUMAN,To_add,,,326
327,RARA_HUMAN,To_add,,,327
328,OSTP_HUMAN,To_add,,,328
329,TGFB3_HUMAN,To_add | To_comment,extracellular_add,TGFbeta_family | ligandIUPHAR,329
330,KIT_HUMAN,To_add,,,330
331,CD28_HUMAN,To_add | To_comment,Extracellular_add,Iglike,331
332,FGF6_HUMAN,To_add,,,332
333,RARB_HUMAN,To_add,,,333
334,THA_HUMAN,To_add,,,334
335,THB_HUMAN,To_add,,,335
336,CLUS_HUMAN,To_add,,,336
337,GHR_HUMAN,To_add,,,337
338,CD8B_HUMAN,To_comment,Receptor_add,,338
339,IAPP_HUMAN,To_add,,,339
340,LAMC1_HUMAN,To_add,,laminin,340
341,PNMT_HUMAN,To_add,,,341
342,ITAM_HUMAN,To_add,,Integrin (uniprot),342
343,ACM1_HUMAN,To_add,,,343
344,BCR_HUMAN,To_add,,,344
345,LAMP1_HUMAN,To_add,,,345
346,FGFR1_HUMAN,To_comment,,Migration,346
347,VDR_HUMAN,To_add,,,347
348,FGF3_HUMAN,To_add,,,348
349,CP19A_HUMAN,To_add,,,349
350,MPRI_HUMAN,To_add | To_comment,transmembrane_add | receptor_add | extracellular_add,,350
351,FGF5_HUMAN,To_add,,,351
352,COBA1_HUMAN,To_add,,Collagen,352
353,CO6A1_HUMAN,To_add,,Collagen,353
354,CO6A2_HUMAN,To_add,,Collagen,354
355,CO6A3_HUMAN,To_add,,Collagen,355
356,PTHR_HUMAN,To_add,,,356
357,FCG2A_HUMAN,To_add,,,357
358,BMP2_HUMAN,To_add,,,358
359,BMP4_HUMAN,To_add,,,359
360,CADH1_HUMAN,To_add,,Cadherin,360
361,MOTI_HUMAN,To_add,,,361
362,GP1BB_HUMAN,To_add,,surface membrane protein of platelets (uniprot),362
363,IL7_HUMAN,To_add,,,363
364,CCL4_HUMAN,To_add,,,364
365,TDGF1_HUMAN,To_add,,,365
366,CCL2_HUMAN,To_add,,,366
367,CCL5_HUMAN,To_add,,,367
368,NCAM1_HUMAN,To_add,,,368
369,ICAM2_HUMAN,To_add | To_comment,Extracellular_add,Iglike | ligandIUPHAR,369
370,ITA4_HUMAN,To_add,,Integrin (uniprot),370
371,RARG_HUMAN,To_add,,,371
372,CEAM1_HUMAN,To_comment,Extracellular_add,Migration,372
373,ONCM_HUMAN,To_add,,,373
374,HLAE_HUMAN,To_add | To_comment,Extracellular_add,Iglike,374
375,COBA2_HUMAN,To_add,,Collagen,375
376,ADRB3_HUMAN,To_add,,,376
377,3BHS1_HUMAN,To_add,,,377
378,DHB1_HUMAN,To_add,,,378
379,LYAM1_HUMAN,To_add,,Cell surface adhesion protein (uniprot),379
380,MIF_HUMAN,To_add,,,380
381,CD99_HUMAN,To_add,,Involved in T-cell adhesion (uniprot),381
382,HGF_HUMAN,To_add | To_comment,secreted_add | secreted_high | extracellular_add,"Uniprot: Potent mitogen for mature parenchymal hepatocyte cells, seems to be a hepatotrophic factor, and acts as a growth factor for a broad spectrum of tissues and cell types.",382
383,DRD2_HUMAN,To_add,,,383
384,PA2GA_HUMAN,To_add,,,384
385,TYRO_HUMAN,To_add,,,385
386,IDE_HUMAN,To_add,,,386
387,IL1R1_HUMAN,To_add,,,387
388,IL2RB_HUMAN,To_add,,cytokine_receptor,388
389,LIF_HUMAN,To_add,,,389
390,ALDR_HUMAN,To_add,,,390
391,PVR_HUMAN,To_add,,,391
392,IL9_HUMAN,To_add,,,392
393,INGR1_HUMAN,To_add,,,393
394,EZRI_HUMAN,To_add,,,394
395,CSF2R_HUMAN,To_add,,,395
396,AREG_HUMAN,To_add | To_comment,secreted_add | secreted_high | extracellular_add,"Uniprot: Ligand of the EGF receptor/EGFR. Autocrine growth factor as well as a mitogen for a broad range of target cells including astrocytes, Schwann cells and fibroblasts.",396
397,MCP_HUMAN,To_add,,costimulatory factor (uniprot),397
398,C11B1_HUMAN,To_add,,,398
399,VEGFA_HUMAN,To_add,,,399
400,CD1D_HUMAN,To_add,,,400
401,ANPRA_HUMAN,To_add,,Receptor (uniprot),401
402,CD44_HUMAN,To_add,,,402
403,LYAM3_HUMAN,To_add,,Ca2+-dependent receptor (uniprot),403
404,ITB4_HUMAN,To_add,,Integrin,404
405,LEUK_HUMAN,To_add | To_comment,transmembrane_add | extracellular_add,Uniprot: cell surface sialoprotein,405
406,CBR1_HUMAN,To_add,,,406
407,PGFRA_HUMAN,To_add,,,407
408,PECA1_HUMAN,To_add,,,408
409,CTLA4_HUMAN,To_comment,Extracellular_add,,409
410,DPEP1_HUMAN,To_add,,,410
411,PRLR_HUMAN,To_add,,cytokine_receptor,411
412,TSHR_HUMAN,To_add,,,412
413,LYAM2_HUMAN,To_add,,,413
414,CL3L1_HUMAN,To_add,,,414
415,CD36_HUMAN,To_add,,,415
416,ANFB_HUMAN,To_add,,,416
417,IL7RA_HUMAN,To_add,,,417
418,INAR1_HUMAN,To_add,,,418
419,ITA2_HUMAN,To_add,,Integrin (uniprot),419
420,ANPRC_HUMAN,To_add,,Receptor for the natriuretic peptide hormones (uniprot),420
421,HLAG_HUMAN,To_add | To_comment,Extracellular_add | Receptor_add,Iglike,421
422,ACHB2_HUMAN,To_add,,,422
423,LEG3_HUMAN,To_add,,,423
424,IBP3_HUMAN,To_add,,,424
425,VGFR1_HUMAN,To_add,,Migration,425
426,LOX12_HUMAN,To_add,,,426
427,BMP7_HUMAN,To_add,,,427
428,ITB5_HUMAN,To_add,,Integrin (uniprot),428
429,ADA2B_HUMAN,To_remove,,no ensembl,429
430,S5A1_HUMAN,To_add,,,430
431,PACA_HUMAN,To_add,,,431
432,IL1RA_HUMAN,To_add,,,432
433,ITB6_HUMAN,To_add,,Integrin (uniprot),433
434,LAG3_HUMAN,To_add | To_comment,,Iglike | Possible_receptor,434
435,ADA2C_HUMAN,To_add,,,435
436,CADH2_HUMAN,To_add,,Migration,436
437,C11B2_HUMAN,To_add,,,437
438,DCHS_HUMAN,To_add,,,438
439,EPOR_HUMAN,To_add,,,439
440,LFA3_HUMAN,To_comment,Extracellular_add,,440
441,VCAM1_HUMAN,To_add | To_comment,,Iglike | ligandIUPHAR,441
442,TNR1A_HUMAN,To_add,,,442
443,GGT1_HUMAN,To_add,,,443
444,RXRA_HUMAN,To_add,,,444
445,CEL_HUMAN,To_remove,,no ensembl,445
446,CXCL2_HUMAN,To_add,,,446
447,CXCL3_HUMAN,To_add,,,447
448,CR2_HUMAN,To_add,,Receptor for complement C3Dd (uniprot),448
449,CD22_HUMAN,To_comment,Receptor_add,,449
450,AL5AP_HUMAN,To_add,,,450
451,ACM3_HUMAN,To_add,,,451
452,TNR1B_HUMAN,To_add,,,452
453,TKN1_HUMAN,To_add,,,453
454,MCH_HUMAN,To_add,,,454
455,TRH_HUMAN,To_add,,,455
456,ANPRB_HUMAN,To_add,,,456
457,ITAL_HUMAN,To_comment,Extracellular_add,Integrin,457
458,ITAX_HUMAN,To_add,,Integrin (uniprot),458
459,DDC_HUMAN,To_add,,,459
460,MIME_HUMAN,To_add,,,460
461,NTF3_HUMAN,To_add,,,461
462,EDN2_HUMAN,To_add,,,462
463,IL11_HUMAN,To_add,,,463
464,EFNA1_HUMAN,To_comment,extracellular_add,ligandIUPHAR,464
465,CO9A1_HUMAN,To_add,,Collagen,465
466,CO5A1_HUMAN,To_add,,Collagen,466
467,PTN_HUMAN,To_add,,,467
468,NK2R_HUMAN,To_add,,,468
469,FPR1_HUMAN,To_add,,,469
470,CNR1_HUMAN,To_add,,,470
471,SCF_HUMAN,To_add,,,471
472,EPHA1_HUMAN,To_add,,,472
473,DRD1_HUMAN,To_add,,,473
474,C5AR1_HUMAN,To_add,,,474
475,TA2R_HUMAN,To_add,,,475
476,MK_HUMAN,To_add,,,476
477,FGF7_HUMAN,To_add,,,477
478,FGFR2_HUMAN,To_add,,,478
479,CD72_HUMAN,To_add | To_comment,Extracellular_add,Plays a role in B-cell proliferation and differentiation (uniprot),479
480,ERBB3_HUMAN,To_add,,,480
481,DRD4_HUMAN,To_add,,,481
482,DRD5_HUMAN,To_add,,,482
483,BMP5_HUMAN,To_add,,,483
484,BMP6_HUMAN,To_add,,,484
485,CADH3_HUMAN,To_add,,Cadherin,485
486,IL10_HUMAN,To_add,,,486
487,CCL1_HUMAN,To_add,,,487
488,FGFR4_HUMAN,To_add,,Migration,488
489,GALA_HUMAN,To_add,,,489
490,ADRO_HUMAN,To_add,,,490
491,FGFR3_HUMAN,To_add,,,491
492,LSHR_HUMAN,To_add,,,492
493,MRC1_HUMAN,To_add,,,493
494,ITA6_HUMAN,To_add,,Integrin,494
495,GLRA2_HUMAN,To_add,,,495
496,PTPRZ_HUMAN,To_add,,,496
497,TNFL4_HUMAN,To_add,,ligandIUPHAR,497
498,BDNF_HUMAN,To_add,,,498
499,ANFC_HUMAN,To_add,,,499
500,FSHR_HUMAN,To_add,,,500
501,IL4RA_HUMAN,To_add,,,501
502,THAS_HUMAN,To_add,,,502
503,TENA_HUMAN,To_add,,,503
504,HRH2_HUMAN,To_add,,,504
505,CXCR1_HUMAN,To_add,,,505
506,CXCR2_HUMAN,To_add,,,506
507,CD24_HUMAN,To_add,,cancer antigen,507
508,CO8A2_HUMAN,To_add,,Collagen,508
509,FPR3_HUMAN,To_add,,,509
510,FPR2_HUMAN,To_add,,,510
511,GUC2C_HUMAN,To_add,,,511
512,ADA1D_HUMAN,To_add,,,512
513,EDNRA_HUMAN,To_add,,,513
514,NK1R_HUMAN,To_add,,,514
515,ACKR3_HUMAN,To_comment,Receptor_add,CoReceptor_Acts as coreceptor with CXCR4 for a restricted number of HIV isolates (uniprot),515
516,TNR6_HUMAN,To_add,,,516
517,NPY1R_HUMAN,To_add,,,517
518,CO5A3_HUMAN,To_add,,Collagen,518
519,TNR5_HUMAN,To_comment,Extracellular_add,,519
520,ITA3_HUMAN,To_add,,Integrin,520
521,ITB7_HUMAN,To_add,,Integrin (uniprot),521
522,ITB8_HUMAN,To_add,,Integrin (uniprot),522
523,CNTF_HUMAN,To_add,,ligandIUPHAR,523
524,NKG2A_HUMAN,To_add | To_comment,Extracellular_add,KLR_add (uniprot),524
525,NKG2C_HUMAN,To_add | To_comment,Extracellular_add,KLR_add (uniprot),525
526,NKG2D_HUMAN,To_comment,Extracellular_add,,526
527,CD27_HUMAN,To_add,,Cytokine_receptor_add (uniprot),527
528,HGFL_HUMAN,To_remove,,no ensembl,528
529,IL3RA_HUMAN,To_add,,cytokine_receptor,529
530,CNTFR_HUMAN,To_add,,,530
531,AVR2A_HUMAN,To_add,,complex (uniprot),531
532,DPP4_HUMAN,To_add,,,532
533,GDF1_HUMAN,To_add,,,533
534,CO8A1_HUMAN,To_add,,Collagen,534
535,IL1R2_HUMAN,To_add,,,535
536,5HT1D_HUMAN,To_add,,,536
537,5HT1B_HUMAN,To_add,,,537
538,5HT2A_HUMAN,To_add,,,538
539,CLAT_HUMAN,To_add,,,539
540,5HT2C_HUMAN,To_add,,,540
541,NMBR_HUMAN,To_add,,,541
542,5HT1E_HUMAN,To_add,,,542
543,RXRB_HUMAN,To_add,,,543
544,GRN_HUMAN,To_add,,,544
545,CD34_HUMAN,To_add,,Possible adhesion molecule (uniprot),545
546,CD38_HUMAN,To_add,,moonlights as a receptor in cells of the immune system (uniprot),546
547,TNR8_HUMAN,To_add,,,547
548,AA2AR_HUMAN,To_add,,,548
549,AA2BR_HUMAN,To_add,,,549
550,EPHA2_HUMAN,To_add,,Migration,550
551,EPHA3_HUMAN,To_add,,Migration,551
552,EPHA8_HUMAN,To_add,,,552
553,EPHB2_HUMAN,To_comment,Adhesion_add,,553
554,NK3R_HUMAN,To_add,,,554
555,RABP2_HUMAN,To_add,,,555
556,CO4A5_HUMAN,To_add,,Collagen,556
557,IL12A_HUMAN,To_add,,,557
558,IL12B_HUMAN,To_add,,,558
559,CD40L_HUMAN,To_add,,,559
560,CD6_HUMAN,To_add,,,560
561,BKRB2_HUMAN,To_add,,,561
562,HLAF_HUMAN,To_add,,Iglike,562
563,V2R_HUMAN,To_add,,,563
564,UFO_HUMAN,To_add,,,564
565,ACHA5_HUMAN,To_add,,,565
566,AMRP_HUMAN,To_add,,,566
567,AA1R_HUMAN,To_add,,,567
568,GRPR_HUMAN,To_add,,,568
569,AGTR1_HUMAN,To_add,,,569
570,OXYR_HUMAN,To_add,,,570
571,CTR1_HUMAN,To_add,,,571
572,SSR1_HUMAN,To_add,,,572
573,SSR2_HUMAN,To_add,,,573
574,ACHB4_HUMAN,To_add,,,574
575,5HT1F_HUMAN,To_add,,,575
576,GNRHR_HUMAN,To_add,,,576
577,CALCR_HUMAN,To_add,,,577
578,NTR1_HUMAN,To_add,,,578
579,NEUT_HUMAN,To_add,,,579
580,S5A2_HUMAN,To_add,,,580
581,CD52_HUMAN,To_add,,,581
582,FGF9_HUMAN,To_add,,,582
583,SSR4_HUMAN,To_add,,Migration,583
584,IL2RG_HUMAN,To_add,,cytokine_receptor,584
585,CEAM8_HUMAN,To_comment,Adhesion_add,,585
586,L1CAM_HUMAN,To_add,,,586
587,CCKAR_HUMAN,To_add,,,587
588,GASR_HUMAN,To_add,,,588
589,VIPR1_HUMAN,To_add,,,589
590,MC4R_HUMAN,To_add,,,590
591,CCR1_HUMAN,To_add,,,591
592,CCR7_HUMAN,To_add,,,592
593,ACHA3_HUMAN,To_add,,,593
594,CXCR5_HUMAN,To_add,,,594
595,SSR3_HUMAN,To_add,,,595
596,IFNA8_HUMAN,To_add,,,596
597,IL3RB_HUMAN,To_add,,cytokine_receptor,597
598,ICAM3_HUMAN,To_add | To_comment,Extracellular_add,Iglike,598
599,CD70_HUMAN,To_add | To_comment,secreted_highlight,Cytokine that binds to CD27 (uniprot),599
600,TNFL8_HUMAN,To_add,,ligandIUPHAR,600
601,MC5R_HUMAN,To_add,,,601
602,CADH5_HUMAN,To_add,,Cadherin,602
603,CD80_HUMAN,To_add | To_comment,Extracellular_add,Iglike,603
604,NTF4_HUMAN,To_add,,,604
605,BMP8B_HUMAN,To_add,,,605
606,RYK_HUMAN,To_remove,,no ensembl,606
607,5HT7R_HUMAN,To_add,,,607
608,CNR2_HUMAN,To_add,,,608
609,TRFR_HUMAN,To_add,,,609
610,PE2R1_HUMAN,To_add,,,610
611,CRFR1_HUMAN,To_add,,,611
612,BTC_HUMAN,To_add,,,612
613,IL13_HUMAN,To_add,,,613
614,ADML_HUMAN,To_add,,,614
615,SSR5_HUMAN,To_add,,,615
616,ADA1A_HUMAN,To_add,,,616
617,HRH1_HUMAN,To_add,,,617
618,ADA1B_HUMAN,To_add,,,618
619,OPRM_HUMAN,To_add,,,619
620,RORA_HUMAN,To_add,,,620
621,PE2R4_HUMAN,To_add,,,621
622,APJ_HUMAN,To_add,,,622
623,TSP2_HUMAN,To_add,,,623
624,DRD3_HUMAN,To_add,,,624
625,FBN1_HUMAN,To_add,,,625
626,BASI_HUMAN,To_add,,Possible_receptor,626
627,VGFR3_HUMAN,To_add,,,627
628,VGFR2_HUMAN,To_add,,,628
629,GGT5_HUMAN,To_add,,,629
630,ACHA7_HUMAN,To_add,,,630
631,FLT3_HUMAN,To_add | To_comment,Extracellular_add,Iglike,631
632,BMR1A_HUMAN,To_add | To_comment,Extracellular_add,complex (uniprot),632
633,ACV1B_HUMAN,To_add,,IUPHAR,633
634,TGFR1_HUMAN,To_add,,,634
635,TNR3_HUMAN,To_add,,TNF_receptor_add (uniprot),635
636,ACVL1_HUMAN,To_add,,,636
637,DHB3_HUMAN,To_add,,,637
638,TGFR2_HUMAN,To_add,,,638
639,PPARG_HUMAN,To_add,,,639
640,V1AR_HUMAN,To_add,,,640
641,INGR2_HUMAN,To_add,,,641
642,ITAE_HUMAN,To_add,,Integrin (uniprot),642
643,LICH_HUMAN,To_add,,,643
644,RS19_HUMAN,To_add,,,644
645,COFA1_HUMAN,To_add,,Collagen,645
646,COIA1_HUMAN,To_add,,Collagen,646
647,GDNF_HUMAN,To_add,,,647
648,IL6RB_HUMAN,To_add,,,648
649,CEAM6_HUMAN,To_comment,Adhesion_add,,649
650,TACT_HUMAN,To_add | To_comment,Receptor_add | Extracellular_add,Iglike | Receptor_add,650
651,TPO_HUMAN,To_add,,,651
652,TPOR_HUMAN,To_add,,,652
653,IL15_HUMAN,To_add,,,653
654,OPRD_HUMAN,To_add,,,654
655,OPRK_HUMAN,To_add,,,655
656,OPRX_HUMAN,To_add,,,656
657,LEP_HUMAN,To_add,,,657
658,OX2G_HUMAN,To_comment,Extracellular_add,,658
659,WNT5A_HUMAN,To_add,,,659
660,TNFL9_HUMAN,To_add,,ligandIUPHAR,660
661,PACR_HUMAN,To_add,,,661
662,VIPR2_HUMAN,To_add,,,662
663,5HT2B_HUMAN,To_add,,,663
664,CCR2_HUMAN,To_add,,,664
665,MC3R_HUMAN,To_add,,,665
666,CD86_HUMAN,To_comment,Extracellular_add,,666
667,ASIP_HUMAN,To_add,,,667
668,AK1C3_HUMAN,To_add,,,668
669,I12R1_HUMAN,To_add,,cytokine_receptor,669
670,LIFR_HUMAN,To_add,,,670
671,CXCL5_HUMAN,To_add,,,671
672,GDF5_HUMAN,To_add,,,672
673,PF2R_HUMAN,To_add,,,673
674,PE2R3_HUMAN,To_add,,,674
675,PE2R2_HUMAN,To_add,,,675
676,PI2R_HUMAN,To_add,,,676
677,DCC_HUMAN,To_add,,Iglike,677
678,GLP1R_HUMAN,To_add,,,678
679,TNR4_HUMAN,To_add,,TNF_receptor_add (uniprot),679
680,NAMPT_HUMAN,To_add,,,680
681,KI2L1_HUMAN,To_comment,Extracellular_add,,681
682,KI2L3_HUMAN,To_comment,Extracellular_add,,682
683,KI3L1_HUMAN,To_comment,Extracellular_add,,683
684,KI3L2_HUMAN,To_comment,Extracellular_add,,684
685,ACHA4_HUMAN,To_add,,,685
686,GPR1_HUMAN,To_add,,,686
687,CCR10_HUMAN,To_add,,,687
688,XCR1_HUMAN,To_add,,,688
689,5HT3A_HUMAN,To_add,,,689
690,BAG6_HUMAN,To_add | To_comment,Extracellular_add,complex,690
691,NOTC1_HUMAN,To_add,,,691
692,ASMT_HUMAN,To_add,,,692
693,BKRB1_HUMAN,To_add,,Migration,693
694,GALR1_HUMAN,To_add,,,694
695,GLR_HUMAN,To_add,,,695
696,SCTR_HUMAN,To_add,,,696
697,AL1A3_HUMAN,To_add,,,697
698,5HT5A_HUMAN,To_add,,,698
699,V1BR_HUMAN,To_add,,,699
700,XCL1_HUMAN,To_add,,,700
701,TNFL6_HUMAN,To_add,,,701
702,MTR1A_HUMAN,To_add,,,702
703,SDF1_HUMAN,To_add,,,703
704,NPBW1_HUMAN,To_add,,,704
705,NPBW2_HUMAN,To_add,,,705
706,LEPR_HUMAN,To_comment,Receptor_add,,706
707,RXRG_HUMAN,To_add,,,707
708,GIPR_HUMAN,To_add,,,708
709,INAR2_HUMAN,To_add,,,709
710,NMU_HUMAN,To_add,,,710
711,NOV_HUMAN,To_add,,,711
712,CD97_HUMAN,To_add,,,712
713,NPY2R_HUMAN,To_add,,,713
714,PTH2R_HUMAN,To_add,,,714
715,CX3C1_HUMAN,To_add,,,715
716,MTR1B_HUMAN,To_add,,,716
717,CXCR3_HUMAN,To_add,,,717
718,PRLHR_HUMAN,To_add,,,718
719,GPR15_HUMAN,To_add,,,719
720,PLGF_HUMAN,To_add,,,720
721,VEGFB_HUMAN,To_add,,,721
722,VEGFC_HUMAN,To_add,,,722
723,FLT3L_HUMAN,To_add,,,723
724,ST1E1_HUMAN,To_add,,,724
725,CAMP_HUMAN,To_remove,,no ensembl,725
726,ENTP1_HUMAN,To_add | To_comment,transmembrane_add | extracellular_add,,726
727,AGTR2_HUMAN,To_add,,,727
728,ST1A1_HUMAN,To_add,,,728
729,NPY4R_HUMAN,To_add,,,729
730,5HT6R_HUMAN,To_add,,,730
731,TNF10_HUMAN,To_add,,ligandIUPHAR,731
732,RORG_HUMAN,To_add,,,732
733,INSL3_HUMAN,To_add,,,733
734,GPC3_HUMAN,To_add,,,734
735,CCL11_HUMAN,To_add,,,735
736,CCR3_HUMAN,To_add,,,736
737,CCR4_HUMAN,To_add,,,737
738,CCR5_HUMAN,To_add,,,738
739,CCR6_HUMAN,To_add,,,739
740,CCR8_HUMAN,To_add,,,740
741,CCR9_HUMAN,To_add,,,741
742,PLXA3_HUMAN,To_add,,,742
743,GP143_HUMAN,To_add,,,743
744,AK1D1_HUMAN,To_add,,,744
745,EFNA3_HUMAN,To_comment,extracellular_add,,745
746,EFNA4_HUMAN,To_add,,,746
747,EFNB2_HUMAN,To_add,,ligandIUPHAR,747
748,EFNA5_HUMAN,To_comment,extracellular_add,,748
749,CO4A4_HUMAN,To_add,,Collagen,749
750,COPA_HUMAN,To_add,,,750
751,ITA8_HUMAN,To_add,,Integrin,751
752,MOT1_HUMAN,To_add,,,752
753,SYYC_HUMAN,To_add,,,753
754,EPHB3_HUMAN,To_comment,Adhesion_add,Migration,754
755,EPHA5_HUMAN,To_comment,Adhesion_add,,755
756,EPHB4_HUMAN,To_comment,Adhesion_add,,756
757,EPHB1_HUMAN,To_add,,,757
758,EPHA4_HUMAN,To_add,,,758
759,GAS1_HUMAN,To_add,,,759
760,SLUR1_HUMAN,To_add,,,760
761,NR1H2_HUMAN,To_add,,,761
762,IOD3_HUMAN,To_add,,,762
763,FGF8_HUMAN,To_add,,,763
764,UCN1_HUMAN,To_add,,,764
765,INHBC_HUMAN,To_add,,,765
766,GDF10_HUMAN,To_add,,,766
767,CADH6_HUMAN,To_add,,Cadherin,767
768,CCL23_HUMAN,To_add,,,768
769,CCL18_HUMAN,To_add,,,769
770,FCGRN_HUMAN,To_add,,,770
771,GFRA1_HUMAN,To_add,,,771
772,ITA1_HUMAN,To_add,,Integrin (uniprot),772
773,WNT3_HUMAN,To_add,,,773
774,WNT3A_HUMAN,To_add,,,774
775,WNT4_HUMAN,To_add,,,775
776,WNT7B_HUMAN,To_add,,,776
777,NRG3_HUMAN,To_add,,,777
778,JAM2_HUMAN,To_comment,Adhesion_add,,778
779,INHBE_HUMAN,To_add,,,779
780,PROK1_HUMAN,To_add,,,780
781,LIRA4_HUMAN,To_add,,Iglike,781
782,IL2_HUMAN,To_add,,,782
783,CXCR4_HUMAN,To_add,,,783
784,SMS_HUMAN,To_add,,,784
785,OSTN_HUMAN,To_add,,,785
786,B2MG_HUMAN,To_add,,Iglike,786
787,TGFB2_HUMAN,To_add,,,787
788,PPIA_HUMAN,To_add,,,788
789,CXAR_HUMAN,To_add,,,789
790,SHPS1_HUMAN,To_add | To_comment,Receptor_add | Extracellular_add,Iglike | Receptor_add,790
791,X3CL1_HUMAN,To_add,,,791
792,JAG1_HUMAN,To_add | To_comment,transmembrane_add | extracellular_add,,792
793,RELN_HUMAN,To_add,,,793
794,I13R1_HUMAN,To_add,,cytokine_receptor,794
795,CCL20_HUMAN,To_add,,,795
796,CCL8_HUMAN,To_add,,,796
797,CCL7_HUMAN,To_add,,,797
798,CXCL6_HUMAN,To_add,,,798
799,NGAL_HUMAN,To_add,,,799
800,DLK1_HUMAN,To_add | To_comment,transmembrane_add | extracellular_add,,800
801,PRRP_HUMAN,To_add,,,801
802,OX26_HUMAN,To_add,,,802
803,ARF1_HUMAN,To_add,,,803
804,VLDLR_HUMAN,To_add,,Binds VLDL (uniprot),804
805,EFNB1_HUMAN,To_add | To_comment,transmembrane_add | extracellular_add,Uniprot: Binds to the receptor tyrosine kinases EPHB1 and EPHA1.,805
806,NDP_HUMAN,To_add,,,806
807,IL9R_HUMAN,To_add,,,807
808,CD83_HUMAN,To_add | To_comment,Receptor_add,Iglike | Receptor_add,808
809,IL5RA_HUMAN,To_add,,cytokine_receptor,809
810,ILRL1_HUMAN,To_add,,,810
811,ACTHR_HUMAN,To_add,,,811
812,MSHR_HUMAN,To_add,,,812
813,CO4A3_HUMAN,To_add,,Collagen,813
814,ROR1_HUMAN,To_add,,Iglike,814
815,ROR2_HUMAN,To_add,,,815
816,TNR17_HUMAN,To_add,,,816
817,NRG1_HUMAN,To_add,,,817
818,CO7A1_HUMAN,To_add,,Collagen,818
819,DSG1_HUMAN,To_add,,desmosome junctions,819
820,DSC2_HUMAN,To_add,,desmosome junctions,820
821,GHRHR_HUMAN,To_add,,,821
822,GUC2A_HUMAN,To_add,,,822
823,TIE2_HUMAN,To_add,,,823
824,TGBR3_HUMAN,To_add,,Migration,824
825,PPARD_HUMAN,To_add,,,825
826,UPAR_HUMAN,To_add,,,826
827,PTH1R_HUMAN,To_add,,,827
828,COAA1_HUMAN,To_add,,Collagen,828
829,NOTC2_HUMAN,To_add,,,829
830,ACVR1_HUMAN,To_add,,Receptor for activin. (uniprot),830
831,RON_HUMAN,To_add,,Receptor tyrosine kinase that transduces signals from the extracellular matrix into the cytoplasm by binding to MST1 ligand. (uniprot),831
832,COEA1_HUMAN,To_add,,Collagen,832
833,ACHB3_HUMAN,To_add,,,833
834,TYRO3_HUMAN,To_add,,,834
835,ST2A1_HUMAN,To_add,,,835
836,TNFC_HUMAN,To_add,,ligandIUPHAR,836
837,TNR9_HUMAN,To_add,,TNF_receptor_add (uniprot),837
838,COGA1_HUMAN,To_add,,Collagen,838
839,CXCL9_HUMAN,To_add,,,839
840,NKG2E_HUMAN,To_add,,KLR_add (uniprot),840
841,PPARA_HUMAN,To_add,,,841
842,LRP1_HUMAN,To_add,,,842
843,I10R2_HUMAN,To_add,,cytokine_receptor,843
844,DDR1_HUMAN,To_add,,,844
845,DSC1_HUMAN,To_add,,desmosome junctions,845
846,CD47_HUMAN,To_comment,Receptor_add | Extracellular_add,,846
847,FGL1_HUMAN,To_add,,,847
848,APOBR_HUMAN,To_add,,,848
849,BST2_HUMAN,To_add,,,849
850,CNTN1_HUMAN,To_add,,,850
851,MERTK_HUMAN,To_add,,Iglike,851
852,NMDE1_HUMAN,To_add,,,852
853,AIMP1_HUMAN,To_add,,,853
854,KLRB1_HUMAN,To_add | To_comment,Extracellular_add,KLR_add (uniprot),854
855,IL24_HUMAN,To_add,,,855
856,NR1H3_HUMAN,To_add,,,856
857,NMDE2_HUMAN,To_add,,,857
858,KLRD1_HUMAN,To_add,,KLR_add (uniprot),858
859,PD2R_HUMAN,To_add,,,859
860,I15RA_HUMAN,To_add,,Cytokine_receptor (uniprot),860
861,SEM3F_HUMAN,To_add,,,861
862,SLAF1_HUMAN,To_add,,,862
863,GPR17_HUMAN,To_add,,,863
864,CRFR2_HUMAN,To_add,,,864
865,PTPRS_HUMAN,To_add,,Iglike,865
866,ITAD_HUMAN,To_add,,Integrin,866
867,FZD5_HUMAN,To_comment,Extracellular_add,,867
868,MADCA_HUMAN,To_add | To_comment,extracellular_add,ligandIUPHAR,868
869,IL18R_HUMAN,To_add,,Iglike,869
870,PNOC_HUMAN,To_add,,,870
871,RIPK1_HUMAN,To_comment,Receptor_add,,871
872,SEM5A_HUMAN,To_add | To_comment,,Ligand for receptor PLXNB3. (uniprot),872
873,PTC1_HUMAN,To_add,,,873
874,5HT4R_HUMAN,To_add,,,874
875,I10R1_HUMAN,To_add,,cytokine_receptor,875
876,ITA7_HUMAN,To_add | To_comment,Adhesion_add,Migration | Adhesion_add (uniprot),876
877,AVR2B_HUMAN,To_add,,IUPHAR,877
878,CD166_HUMAN,To_comment,Extracellular_add,,878
879,ITA9_HUMAN,To_add,,Integrin,879
880,BMPR2_HUMAN,To_add,,,880
881,IL16_HUMAN,To_add,,,881
882,CO4A6_HUMAN,To_add,,Collagen,882
883,CO9A3_HUMAN,To_add,,Collagen,883
884,CO9A2_HUMAN,To_add,,Collagen,884
885,LRP8_HUMAN,To_add,,,885
886,IL18_HUMAN,To_add,,,886
887,DAG1_HUMAN,To_add,,,887
888,DSG2_HUMAN,To_add,,desmosome junctions,888
889,IL27B_HUMAN,To_add,,,889
890,SELPL_HUMAN,To_add,,calcium-dependent interactions with E-,890
891,FZD2_HUMAN,To_comment,Extracellular_add,,891
892,GAS6_HUMAN,To_add,,,892
893,CSHL_HUMAN,To_add,,,893
894,SEM3A_HUMAN,To_add,,,894
895,DSC3_HUMAN,To_add,,desmosome junctions,895
896,IHH_HUMAN,To_add,,,896
897,I11RA_HUMAN,To_add,,cytokine_receptor,897
898,I13R2_HUMAN,To_add,,cytokine_receptor,898
899,ICAM4_HUMAN,To_add,,,899
900,PTGR1_HUMAN,To_add,,,900
901,KI3S1_HUMAN,To_add,,,901
902,NMDE3_HUMAN,To_add,,,902
903,COJA1_HUMAN,To_add,,Collagen,903
904,P2RY6_HUMAN,To_add,,,904
905,RAGE_HUMAN,To_comment,Receptor_add,,905
906,PDCD1_HUMAN,To_add | To_comment,Iglike | Receptor | Extracellular_add,Uniprot description,906
907,TEBP_HUMAN,To_add,,,907
908,PVRL1_HUMAN,To_add,,,908
909,PTPRR_HUMAN,To_add,,,909
910,PTPRK_HUMAN,To_add,,Migration,910
911,ERBB4_HUMAN,To_add,,Migration,911
912,EPHA7_HUMAN,To_comment,Adhesion_add,,912
913,ANGP1_HUMAN,To_add,,,913
914,DHC24_HUMAN,To_add,,,914
915,SHH_HUMAN,To_add,,,915
916,LT4R1_HUMAN,To_add,,,916
917,KISS1_HUMAN,To_add,,,917
918,AAAT_HUMAN,To_add,,,918
919,GPR19_HUMAN,To_add,,,919
920,NPY5R_HUMAN,To_add,,,920
921,CD226_HUMAN,To_comment,Extracellular_add,,921
922,EFNB3_HUMAN,To_add,,ligandIUPHAR,922
923,ACHA2_HUMAN,To_add,,,923
924,ACHA6_HUMAN,To_add,,,924
925,ADIPO_HUMAN,To_add,,,925
926,NTRK3_HUMAN,To_add,,Iglike,926
927,IL17_HUMAN,To_add,,,927
928,ACKR1_HUMAN,To_add,,Atypical chemokine receptor (uniprot),928
929,C3AR_HUMAN,To_add,,,929
930,CALRL_HUMAN,To_add,,,930
931,NTRK2_HUMAN,To_add,,,931
932,CCL14_HUMAN,To_add,,,932
933,PTGIS_HUMAN,To_add,,,933
934,GUC2B_HUMAN,To_add,,,934
935,CCL15_HUMAN,To_add,,,935
936,AMHR2_HUMAN,To_add,,receptor complex (uniprot),936
937,LAMA3_HUMAN,To_add,,laminin,937
938,LTC4S_HUMAN,To_add,,,938
939,COOA1_HUMAN,To_add,,Collagen,939
940,MICB_HUMAN,To_comment,Extracellular_add,,940
941,MICA_HUMAN,To_add,,,941
942,RSPO4_HUMAN,To_add,,,942
943,RSPO1_HUMAN,To_add,,,943
944,COSA1_HUMAN,To_add,,Collagen,944
945,HFE_HUMAN,To_add,,HLA,945
946,TIGIT_HUMAN,To_comment,Extracellular_add,,946
947,ERFE_HUMAN,To_add,,,947
948,CDON_HUMAN,To_add,,,948
949,DHB12_HUMAN,To_add,,,949
950,NMS_HUMAN,To_add,,,950
951,COL12_HUMAN,To_add,,Scavenger receptor (uniprot),951
952,TRML2_HUMAN,To_add,,,952
953,SFRP5_HUMAN,To_add,,,953
954,ARTN_HUMAN,To_add,,,954
955,CODA1_HUMAN,To_add,,Collagen,955
956,IL23R_HUMAN,To_add,,,956
957,RET1L_HUMAN,To_add,,,957
958,CD276_HUMAN,To_add | To_comment,,Iglike | Possible_receptor,958
959,NR3L1_HUMAN,To_comment,Extracellular_add,,959
960,SFRP4_HUMAN,To_add,,,960
961,LAIR1_HUMAN,To_add,,,961
962,RET1G_HUMAN,To_add,,,962
963,SIGIR_HUMAN,To_add,,Iglike,963
964,GDF6_HUMAN,To_add,,,964
965,FDX2_HUMAN,To_add,,,965
966,CSPG4_HUMAN,To_add,,Migration,966
967,CLC2A_HUMAN,To_comment,Extracellular_add,,967
968,IGFL1_HUMAN,To_add,,,968
969,EPGN_HUMAN,To_add,,,969
970,I27RA_HUMAN,To_add,,cytokine_receptor,970
971,GP15L_HUMAN,To_add,,,971
972,IGFL2_HUMAN,To_add,,,972
973,ENHO_HUMAN,To_add,,,973
974,VSTM1_HUMAN,To_add | To_comment,Receptor_add,Iglike| Receptor_add,974
975,IGFL3_HUMAN,To_add,,,975
976,VCC1_HUMAN,To_add,,,976
977,I20RB_HUMAN,To_add,,cytokine_receptor,977
978,GFRAL_HUMAN,To_add | To_comment,transmembrane_add | receptor_add | extracellular_add,Uniprot:Brainstem-restricted receptor for GDF15,978
979,RSPO2_HUMAN,To_add,,,979
980,UNC5D_HUMAN,To_add,,,980
981,NPSR1_HUMAN,To_add,,,981
982,SOSD1_HUMAN,To_add,,,982
983,NSMF_HUMAN,To_add,,,983
984,SIG15_HUMAN,To_add | To_comment,Adhesion_add,Iglike,984
985,SCAR5_HUMAN,To_add,,,985
986,IL34_HUMAN,To_add,,,986
987,UNC5A_HUMAN,To_add,,,987
988,5HT3D_HUMAN,To_add,,,988
989,UTS2B_HUMAN,To_add,,,989
990,CTSR4_HUMAN,To_add,,,990
991,ADM2_HUMAN,To_add,,,991
992,GDF7_HUMAN,To_add,,,992
993,TAFA5_HUMAN,To_add,,,993
994,TAFA1_HUMAN,To_add,,,994
995,BMP8A_HUMAN,To_add,,,995
996,BTLA_HUMAN,To_add,extracellular_add,ligandIUPHAR,996
997,ADR2_HUMAN,To_add,,,997
998,IFNE_HUMAN,To_add,,,998
999,LSR_HUMAN,To_add,,,999
1000,CTSRD_HUMAN,To_add,,,1000
1001,CTSR3_HUMAN,To_add,,,1001
1002,TM219_HUMAN,To_add,,,1002
1003,AGRG3_HUMAN,To_add,,,1003
1004,GPHB5_HUMAN,To_add,,,1004
1005,KLOTB_HUMAN,To_add,,,1005
1006,IFNL1_HUMAN,To_add,,,1006
1007,INLR1_HUMAN,To_add,,cytokine_receptor,1007
1008,HUNIN_HUMAN,To_remove,,no ensembl,1008
1009,CORA1_HUMAN,To_add,,Collagen,1009
1010,AGRG5_HUMAN,To_add,,,1010
1011,IFNL3_HUMAN,To_add,,,1011
1012,IFNL2_HUMAN,To_add,,,1012
1013,UNC5B_HUMAN,To_add,,,1013
1014,CADM3_HUMAN,To_add,,,1014
1015,LIRB2_HUMAN,To_add,,Iglike,1015
1016,FGRL1_HUMAN,To_add,,Iglike,1016
1017,SFRP1_HUMAN,To_add,,,1017
1018,I22R1_HUMAN,To_add,,cytokine_receptor,1018
1019,CD177_HUMAN,To_comment,Adhesion_add,,1019
1020,NPW_HUMAN,To_add,,,1020
1021,I17RC_HUMAN,To_add,,,1021
1022,NETO2_HUMAN,To_add,,Accessory subunit of neuronal kainate-sensitive glutamate receptors,1022
1023,DGLB_HUMAN,To_add,,,1023
1024,KREM2_HUMAN,To_add,,,1024
1025,CTSR1_HUMAN,To_add,,,1025
1026,ACV1C_HUMAN,To_add,,Receptor for activin AB,1026
1027,IL27A_HUMAN,To_add,,,1027
1028,PKR2_HUMAN,To_add,,,1028
1029,I17RE_HUMAN,To_add,,,1029
1030,COMA1_HUMAN,To_add,,Collagen,1030
1031,SEM6D_HUMAN,To_add,,Possible_receptor,1031
1032,CADM4_HUMAN,To_add,,Iglike,1032
1033,NPB_HUMAN,To_add,,,1033
1034,LIRB4_HUMAN,To_add,,,1034
1035,LIRB1_HUMAN,To_add,,,1035
1036,CC4L_HUMAN,To_add,,,1036
1037,PXL2B_HUMAN,To_add,,,1037
1038,PKR1_HUMAN,To_add,,,1038
1039,N2DL4_HUMAN,To_add,,Binds and activates the KLRK1/NKG2D receptor (uniprot),1039
1040,MO2R1_HUMAN,To_add,,,1040
1041,HAVR2_HUMAN,To_add | To_comment,Receptor_add | Extracellular_add,Iglike. Cell surface receptor implicated in modulating innate and adaptive immune responses (uniprot),1041
1042,OXER1_HUMAN,To_add,,,1042
1043,GP152_HUMAN,To_add,,,1043
1044,RL3R2_HUMAN,To_add,,,1044
1045,GP151_HUMAN,To_add,,,1045
1046,UBS3B_HUMAN,To_add,,,1046
1047,S22AH_HUMAN,To_add,,,1047
1048,NRG4_HUMAN,To_add,,,1048
1049,IL1FA_HUMAN,To_add,,,1049
1050,5HT3C_HUMAN,To_add,,,1050
1051,RXFP2_HUMAN,To_add,,,1051
1052,REL3_HUMAN,To_add,,,1052
1053,GPR98_HUMAN,To_add,,,1053
1054,CLC2B_HUMAN,To_add | To_comment,Extracellular_add,member of the C-type lectin/C-type lectin-like domain (CTL/CTLD) superfamily. NK cell signalling. Reviewed in PMID:24987108,1054
1055,FAM3C_HUMAN,To_add,,,1055
1056,CCL17_HUMAN,To_add,,,1056
1057,SORL_HUMAN,To_add,,Likely to be a multifunctional endocytic receptor (uniprot),1057
1058,PVRL2_HUMAN,To_comment,Extracellular_add,,1058
1059,PTPRU_HUMAN,To_add,,,1059
1060,ESR2_HUMAN,To_add,,,1060
1061,RORB_HUMAN,To_add,,,1061
1062,SFRP3_HUMAN,To_add,,,1062
1063,EDA_HUMAN,To_add,,,1063
1064,GHSR_HUMAN,To_add,,,1064
1065,SEM4D_HUMAN,To_add,,,1065
1066,GSLG1_HUMAN,To_add | To_comment,transmembrane_add | extracellular_add,Uniprot: Binds E-selectin,1066
1067,TNR14_HUMAN,To_add,,TNF_receptor_add (uniprot),1067
1068,TNR25_HUMAN,To_add,,,1068
1069,WNT2B_HUMAN,To_add,,,1069
1070,WNT8B_HUMAN,To_add,,,1070
1071,TSLP_HUMAN,To_add,,,1071
1072,LEAP2_HUMAN,To_add,,,1072
1073,UCN3_HUMAN,To_add,,,1073
1074,KISSR_HUMAN,To_add,,,1074
1075,MCHR2_HUMAN,To_add,,,1075
1076,ADR1_HUMAN,To_add,,,1076
1077,COQA1_HUMAN,To_add,,Collagen,1077
1078,TIP39_HUMAN,To_add,,,1078
1079,ESAM_HUMAN,To_add,,,1079
1080,NXNL1_HUMAN,To_add,,,1080
1081,KLRG1_HUMAN,To_add,,,1081
1082,I17RA_HUMAN,To_add,,,1082
1083,SFRP2_HUMAN,To_add,,,1083
1084,M4A4A_HUMAN,To_add,,May be involved in signal transduction as a component of a multimeric receptor complex. (uniprot),1084
1085,MRGX2_HUMAN,To_add,,,1085
1086,MRGX1_HUMAN,To_add,,,1086
1087,SIG10_HUMAN,To_add,,Sialic acid-binding Ig-like,1087
1088,TAFA4_HUMAN,To_add,,,1088
1089,ROBO3_HUMAN,To_add,,Iglike,1089
1090,KREM1_HUMAN,To_add,,,1090
1091,PVRL4_HUMAN,To_add,,,1091
1092,COLA1_HUMAN,To_add,,Collagen,1092
1093,CTSR2_HUMAN,To_add,,,1093
1094,QRFPR_HUMAN,To_add,,,1094
1095,GP101_HUMAN,To_add,,,1095
1096,GNRR2_HUMAN,To_remove,,no ensembl,1096
1097,IL17F_HUMAN,To_add,,,1097
1098,FCRL4_HUMAN,To_add,,,1098
1099,SG3A1_HUMAN,To_add,,,1099
1100,HHIP_HUMAN,To_add,,,1100
1101,NR1H4_HUMAN,To_add,,,1101
1102,TR13C_HUMAN,To_add,,TNF_receptor_add (uniprot),1102
1103,UCN2_HUMAN,To_add,,,1103
1104,NODAL_HUMAN,To_add,,,1104
1105,GPHA2_HUMAN,To_add,,,1105
1106,CSF3R_HUMAN,To_add,,,1106
1107,HBEGF_HUMAN,To_add,,,1107
1108,NELL2_HUMAN,To_add,,,1108
1109,NOTC4_HUMAN,To_add,,,1109
1110,SORT_HUMAN,To_add,,,1110
1111,GPER1_HUMAN,To_add,,,1111
1112,CCL13_HUMAN,To_add,,,1112
1113,OSMR_HUMAN,To_add,,cytokine_receptor,1113
1114,I12R2_HUMAN,To_add,,cytokine_receptor,1114
1115,MCHR1_HUMAN,To_add,,,1115
1116,COCA1_HUMAN,To_add,,Collagen,1116
1117,CCL19_HUMAN,To_add,,,1117
1118,NRTN_HUMAN,To_add,,,1118
1119,CML1_HUMAN,To_add,,,1119
1120,SMO_HUMAN,To_add,,Interacts with DLG5 (uniprot),1120
1121,RARR2_HUMAN,To_add,,,1121
1122,OMD_HUMAN,To_add,,,1122
1123,SEM3C_HUMAN,To_add,,,1123
1124,GDF15_HUMAN,To_add,,,1124
1125,DHRS9_HUMAN,To_add,,,1125
1126,PD1L2_HUMAN,To_comment,Extracellular_add,,1126
1127,SPXN_HUMAN,To_add,,,1127
1128,BOC_HUMAN,To_add,,,1128
1129,JAM3_HUMAN,To_add,,,1129
1130,STRA6_HUMAN,To_add,,,1130
1131,LGR4_HUMAN,To_add,,,1131
1132,AMNLS_HUMAN,To_add,,,1132
1133,RSPO3_HUMAN,To_add,,,1133
1134,CADM1_HUMAN,To_comment,Extracellular_add,,1134
1135,ACE2_HUMAN,To_add,,,1135
1136,N2DL3_HUMAN,To_comment,Extracellular_add,,1136
1137,N2DL2_HUMAN,To_add,,,1137
1138,N2DL1_HUMAN,To_comment,Receptor_add | Extracellular_add,,1138
1139,CD244_HUMAN,To_comment,Extracellular_add,,1139
1140,SN_HUMAN,To_add,,Sialic acid-binding Ig-like,1140
1141,SEM4C_HUMAN,To_comment,Receptor_add,,1141
1142,PDGFD_HUMAN,To_add,,,1142
1143,NMUR2_HUMAN,To_add,,,1143
1144,NPFF1_HUMAN,To_add,,,1144
1145,WN10A_HUMAN,To_add,,,1145
1146,FGF23_HUMAN,To_add,,,1146
1147,IL22_HUMAN,To_add,,,1147
1148,GFRA4_HUMAN,To_add,,,1148
1149,WNT8A_HUMAN,To_add,,,1149
1150,WNT5B_HUMAN,To_add,,,1150
1151,IL25_HUMAN,To_add,,,1151
1152,CXL16_HUMAN,To_add,,,1152
1153,SEM6A_HUMAN,To_add,,Possible_receptor,1153
1154,CLC4M_HUMAN,To_add,,,1154
1155,HRH4_HUMAN,To_add,,,1155
1156,SEM4A_HUMAN,To_add,,,1156
1157,FZD8_HUMAN,To_comment,Extracellular_add,,1157
1158,DPEP2_HUMAN,To_add,,,1158
1159,DPEP3_HUMAN,To_add,,,1159
1160,E41L1_HUMAN,To_add,,,1160
1161,IGFR1_HUMAN,To_add,,,1161
1162,ANTR1_HUMAN,To_add,,,1162
1163,GI24_HUMAN,To_add,,,1163
1164,CTSRB_HUMAN,To_add,,,1164
1165,PGES2_HUMAN,To_add,,,1165
1166,PORED_HUMAN,To_add,,,1166
1167,TNR27_HUMAN,To_add,,TNF_receptor_add (uniprot),1167
1168,ILRL2_HUMAN,To_add,,Iglike,1168
1169,NET4_HUMAN,To_add,,,1169
1170,NMUR1_HUMAN,To_add,,,1170
1171,IL21_HUMAN,To_add,,,1171
1172,IL21R_HUMAN,To_add,,cytokine_receptor,1172
1173,LGR6_HUMAN,To_add,,,1173
1174,RXFP1_HUMAN,To_add,,,1174
1175,PROK2_HUMAN,To_add,,,1175
1176,CRLF2_HUMAN,To_add,,,1176
1177,GPR35_HUMAN,To_add,,,1177
1178,ROBO2_HUMAN,To_add | To_comment,Receptor_add,Iglike | Receptor_add,1178
1179,PLXA4_HUMAN,To_add,,,1179
1180,NPVF_HUMAN,To_add,,,1180
1181,FGF22_HUMAN,To_add,,,1181
1182,CELR2_HUMAN,To_add,,,1182
1183,RETN_HUMAN,To_add,,,1183
1184,CD209_HUMAN,To_add,,,1184
1185,TNR12_HUMAN,To_add,,TNF_receptor_add (uniprot),1185
1186,FGF20_HUMAN,To_add,,,1186
1187,ACKR4_HUMAN,To_add,,,1187
1188,LT4R2_HUMAN,To_add,,,1188
1189,IL23A_HUMAN,To_add,,,1189
1190,FZD3_HUMAN,To_comment,Extracellular_add,,1190
1191,IL1AP_HUMAN,To_add,,,1191
1192,IL26_HUMAN,To_add,,,1192
1193,PVRL3_HUMAN,To_comment,Extracellular_add,,1193
1194,GDF3_HUMAN,To_add,,,1194
1195,DLL4_HUMAN,To_comment,extracellular_add,ligandIUPHAR,1195
1196,TLR8_HUMAN,To_add,,TLR (uniprot),1196
1197,PDGFC_HUMAN,To_add,,,1197
1198,CCL28_HUMAN,To_add,,,1198
1199,I17RB_HUMAN,To_add,,,1199
1200,HEBP1_HUMAN,To_add | To_comment,transmembrane_add | extracellular_add,"Genecards: This protein includes a natural chemoattractant peptide of 21 amino acids at the N-terminus, which is a natural ligand for formyl peptide receptor-like receptor 2 (FPRL2) ",1200
1201,CLTR2_HUMAN,To_add,,,1201
1202,FGF21_HUMAN,To_add,,,1202
1203,RL3R1_HUMAN,To_add,,,1203
1204,SEM4G_HUMAN,To_add,,Possible_receptor,1204
1205,DLL3_HUMAN,To_add | To_comment,transmembrane_add | extracellular_add,,1205
1206,CELR3_HUMAN,To_add,,,1206
1207,IL20_HUMAN,To_add,,,1207
1208,PDXL2_HUMAN,To_add,,Acts as a ligand for vascular selectins. (uniprot),1208
1209,TREM2_HUMAN,To_add,,,1209
1210,GPC5D_HUMAN,To_add,,,1210
1211,GPC5B_HUMAN,To_add,,,1211
1212,IL37_HUMAN,To_add,,,1212
1213,IL36B_HUMAN,To_add,,,1213
1214,IL36G_HUMAN,To_add,,,1214
1215,IRPL1_HUMAN,To_add,,,1215
1216,PD1L1_HUMAN,To_comment,extracellular_add,ligandIUPHAR,1216
1217,KLRF1_HUMAN,To_add | To_comment,Extracellular_add,KLR_add (uniprot),1217
1218,IL17C_HUMAN,To_add,,,1218
1219,IFNK_HUMAN,To_add,,,1219
1220,SIRPG_HUMAN,To_add,,Iglike,1220
1221,COKA1_HUMAN,To_add,,Collagen,1221
1222,C5AR2_HUMAN,To_add,,,1222
1223,GALP_HUMAN,To_add,,,1223
1224,XCL2_HUMAN,To_add,,,1224
1225,CLCF1_HUMAN,To_add,,,1225
1226,MRC2_HUMAN,To_add,,May play a role as endocytotic lectin receptor displaying calcium-dependent lectin activity. (uniprot),1226
1227,I36RA_HUMAN,To_add,,,1227
1228,XPR1_HUMAN,To_add,,,1228
1229,HCST_HUMAN,To_add,,Transmembrane adapter protein (uniprot),1229
1230,DHCR7_HUMAN,To_add,,,1230
1231,TR10D_HUMAN,To_add,,TNF_receptor_add (uniprot),1231
1232,DKK2_HUMAN,To_add,,,1232
1233,GHRL_HUMAN,To_add,,,1233
1234,WNT16_HUMAN,To_add,,,1234
1235,KLOT_HUMAN,To_add,,,1235
1236,MARCO_HUMAN,To_add,,Pattern recognition receptor (PRR) (uniprot),1236
1237,SUSD2_HUMAN,To_add,,,1237
1238,IL36A_HUMAN,To_add,,,1238
1239,IL19_HUMAN,To_add,,,1239
1240,TKNK_HUMAN,To_add,,,1240
1241,I20RA_HUMAN,To_add,,cytokine_receptor,1241
1242,CLC2D_HUMAN,To_comment,Extracellular_add,,1242
1243,PLXA1_HUMAN,To_add,,,1243
1244,GDF2_HUMAN,To_add,,,1244
1245,PILRA_HUMAN,To_add,,,1245
1246,UR2R_HUMAN,To_add,,,1246
1247,ITA11_HUMAN,To_add,,Integrin (uniprot),1247
1248,CADH7_HUMAN,To_add,,Cadherin,1248
1249,PLXB3_HUMAN,To_add,,,1249
1250,FZD4_HUMAN,To_comment,Extracellular_add,,1250
1251,FZD10_HUMAN,To_comment,Extracellular_add,,1251
1252,APEL_HUMAN,To_add,,,1252
1253,NOTC3_HUMAN,To_add,,,1253
1254,ALK_HUMAN,To_add,,,1254
1255,COHA1_HUMAN,To_add,,Collagen,1255
1256,EDAR_HUMAN,To_add,,TNF_receptor_add (uniprot),1256
1257,TNF18_HUMAN,To_add,,cytokine,1257
1258,PROCR_HUMAN,To_add,,,1258
1259,FZD1_HUMAN,To_comment,Extracellular_add,,1259
1260,TFR2_HUMAN,To_add,,,1260
1261,JAG2_HUMAN,To_add | To_comment,transmembrane_add | extracellular_add,Uniprot:Putative Notch ligand involved in the mediation of Notch signaling.,1261
1262,CCL26_HUMAN,To_add,,,1262
1263,ANGP4_HUMAN,To_add,,,1263
1264,CLTR1_HUMAN,To_add,,,1264
1265,TN13B_HUMAN,To_add,,,1265
1266,GPR55_HUMAN,To_add,,,1266
1267,DGLA_HUMAN,To_add,,,1267
1268,PLXD1_HUMAN,To_add,,,1268
1269,CCL27_HUMAN,To_add,,,1269
1270,HRH3_HUMAN,To_add,,,1270
1271,INSL5_HUMAN,To_add,,,1271
1272,TNR18_HUMAN,To_add,,,1272
1273,WIF1_HUMAN,To_add,,,1273
1274,PD2R2_HUMAN,To_add,,,1274
1275,JAM1_HUMAN,To_comment,Extracellular_add,,1275
1276,PTC2_HUMAN,To_add,,,1276
1277,WNT6_HUMAN,To_add,,,1277
1278,ROBO1_HUMAN,To_add,,,1278
1279,TNR11_HUMAN,To_add,,,1279
1280,ICOS_HUMAN,To_comment,Receptor_add,,1280
