id_protein,protein_name,tags,tags_reason,tags_description,protein_multidata_id
0,5HT3E_HUMAN,To_add,,,0
1,CGB1_HUMAN,TO ANNOTATE,TO ANNOTATE,TO ANNOTATE,1
2,CO6A6_HUMAN,To_add,,Collagen,2
3,CO6A5_HUMAN,To_add,,Collagen,3
4,CCL3L1,To_add,,,4
5,KLRF2_HUMAN,To_comment,Extracellular_add,,5
6,APRIO_HUMAN,TO ANNOTATE,TO ANNOTATE,TO ANNOTATE,6
7,HLAA,To_add,,,7
8,HLAB,To_add,,,8
9,HLAC,To_add,,,9
10,IFNA1,To_add,,,10
11,SUPYN_HUMAN,To_add,,retrovirus,11
12,FZD9_HUMAN,To_comment,Extracellular_add,,12
13,CCL24_HUMAN,To_add,,,13
14,LEG9_HUMAN,To_comment,secretedhigh_add | peripheral_add,Ligand for HAVCR2/TIM3 (uniprot),14
15,TR10A_HUMAN,To_add,,TNF_receptor_add (uniprot),15
16,GRM8_HUMAN,TO ANNOTATE,TO ANNOTATE,TO ANNOTATE,16
17,CORT_HUMAN,To_add,,,17
18,BMR1B_HUMAN,To_add,,,18
19,SIRB1_HUMAN,To_add | To_comment,Receptor_add,Iglike | Receptor_add,19
20,AGRP_HUMAN,To_add,,,20
21,PAR3_HUMAN,TO ANNOTATE,TO ANNOTATE,TO ANNOTATE,21
22,LFTY2_HUMAN,To_add,,,22
23,TULP1_HUMAN,To_add,,,23
24,TR11B_HUMAN,To_add,,,24
25,EAA5_HUMAN,TO ANNOTATE,TO ANNOTATE,TO ANNOTATE,25
26,CCRL2_HUMAN,To_add,,,26
27,GFRA2_HUMAN,To_add,,,27
28,AGRIN_HUMAN,To_add,,,28
29,NCHL1_HUMAN,TO ANNOTATE,TO ANNOTATE,TO ANNOTATE,29
30,DLL1_HUMAN,To_add,,,30
31,CXCR6_HUMAN,To_add,,,31
32,RNT2_HUMAN,To_add,,,32
33,CCL21_HUMAN,To_add,,,33
34,ACKR2_HUMAN,To_add,,,34
35,PODXL_HUMAN,To_add,,Migration,35
36,CCL22_HUMAN,To_add,,,36
37,WNT7A_HUMAN,To_add,,,37
38,NRG2_HUMAN,To_add,,,38
39,AGRB1_HUMAN,TO ANNOTATE,TO ANNOTATE,TO ANNOTATE,39
40,CXL11_HUMAN,To_add,,,40
41,PTGES_HUMAN,TO ANNOTATE,TO ANNOTATE,TO ANNOTATE,41
42,H17B6_HUMAN,TO ANNOTATE,TO ANNOTATE,TO ANNOTATE,42
43,TR10B_HUMAN,To_add,,TNF_receptor_add (uniprot),43
44,GBRD_HUMAN,TO ANNOTATE,TO ANNOTATE,TO ANNOTATE,44
45,NRP1_HUMAN,To_add,,,45
46,TNF11_HUMAN,To_add,,,46
47,GDF8_HUMAN,To_add,,,47
48,TR10C_HUMAN,To_add,,,48
49,TR13B_HUMAN,To_add,,TNF_family (uniprot),49
50,WNT9A_HUMAN,To_add,,,50
51,WNT9B_HUMAN,To_add,,,51
52,TX1B3_HUMAN,TO ANNOTATE,TO ANNOTATE,TO ANNOTATE,52
53,NCTR3_HUMAN,To_comment,Extracellular_add,,53
54,EREG_HUMAN,To_add,,,54
55,PLXB2_HUMAN,To_add,,,55
56,SEM3E_HUMAN,To_add,,,56
57,ANGP2_HUMAN,To_add,,,57
58,NPFF_HUMAN,TO ANNOTATE,TO ANNOTATE,TO ANNOTATE,58
59,MUSK_HUMAN,To_add,,,59
60,EPHB6_HUMAN,To_remove,,no ensembl,60
61,GRM6_HUMAN,TO ANNOTATE,TO ANNOTATE,TO ANNOTATE,61
62,GPR37_HUMAN,To_add,,,62
63,NMDE4_HUMAN,TO ANNOTATE,TO ANNOTATE,TO ANNOTATE,63
64,CCL25_HUMAN,To_add,,,64
65,CCL16_HUMAN,To_add,,,65
66,FGF10_HUMAN,To_add,,,66
67,CP27B_HUMAN,TO ANNOTATE,TO ANNOTATE,TO ANNOTATE,67
68,FLRT2_HUMAN,TO ANNOTATE,TO ANNOTATE,TO ANNOTATE,68
69,PLXB1_HUMAN,To_add,,Migration,69
70,MTLR_HUMAN,To_add,,,70
71,GPR39_HUMAN,TO ANNOTATE,TO ANNOTATE,TO ANNOTATE,71
72,LRRT2_HUMAN,TO ANNOTATE,TO ANNOTATE,TO ANNOTATE,72
73,DHH_HUMAN,To_add,,,73
74,GRID2_HUMAN,TO ANNOTATE,TO ANNOTATE,TO ANNOTATE,74
75,TNF12_HUMAN,To_add,,,75
76,GON2_HUMAN,To_add,,,76
77,TNF14_HUMAN,To_add,,,77
78,GALR2_HUMAN,To_add,,,78
79,OREX_HUMAN,To_add | To_comment,secreted_add | extracellular_add,Genecards: hypothalamic neuropeptide precursor protein,79
80,OX1R_HUMAN,To_add,,,80
81,OX2R_HUMAN,To_add,,,81
82,TYOBP_HUMAN,To_add,,complex,82
83,VEGFD_HUMAN,To_add,,,83
84,EFNA2_HUMAN,To_comment,extracellular_add,ligandIUPHAR,84
85,CXL13_HUMAN,To_add,,,85
86,AGRB2_HUMAN,TO ANNOTATE,TO ANNOTATE,TO ANNOTATE,86
87,AGRB3_HUMAN,TO ANNOTATE,TO ANNOTATE,TO ANNOTATE,87
88,FGF17_HUMAN,To_add,,,88
89,FZD6_HUMAN,To_comment,Extracellular_add,,89
90,GDF9_HUMAN,To_add,,,90
91,NRP2_HUMAN,To_add | To_comment,secretedhigh_add,High affinity receptor for semaphorins | Growthfactor (uniprot),91
92,DSCAM_HUMAN,To_add,,,92
93,PLXC1_HUMAN,To_add | To_comment,transmembrane_add | receptor_add | extracellular_add,"Uniprot: Receptor for SEMA7A, for smallpox semaphorin A39R, vaccinia virus semaphorin A39R and for herpesvirus Sema protein",93
94,CUBN_HUMAN,To_add,,,94
95,PSPN_HUMAN,To_add,,,95
96,GFRA3_HUMAN,To_add,,,96
97,GALR3_HUMAN,To_add,,,97
98,ETBR2_HUMAN,To_add,,,98
99,RAMP1_HUMAN,To_add,,complex,99
100,RAMP2_HUMAN,To_add,,complex,100
101,RAMP3_HUMAN,To_add,,,101
102,PLXA2_HUMAN,To_add,,,102
103,FZD7_HUMAN,To_comment,Extracellular_add,,103
104,SLIT1_HUMAN,To_add,,,104
105,LRP4_HUMAN,To_add,,ligandIUPHAR,105
106,ICOSL_HUMAN,To_add|To_comment,Extracellular_add,Iglike,106
107,LRP5_HUMAN,To_add | To_comment,extracellular_add,Component of the Wnt-Fzd-LRP5-LRP6 complex (uniprot),107
108,SEM7A_HUMAN,To_add,,Possible_receptor,108
109,NR1I2_HUMAN,To_add,,,109
110,LGR5_HUMAN,To_add,,,110
111,TNR21_HUMAN,To_add,,,111
112,ITA10_HUMAN,To_add,,Integrin (uniprot),112
113,LRP6_HUMAN,To_add,,,113
114,LFTY1_HUMAN,To_add,,,114
115,RENR_HUMAN,To_add,,,115
116,TNF13_HUMAN,To_add,,,116
117,GABR2_HUMAN,TO ANNOTATE,TO ANNOTATE,TO ANNOTATE,117
118,C1QRF_HUMAN,TO ANNOTATE,TO ANNOTATE,TO ANNOTATE,118
119,AL1A2_HUMAN,TO ANNOTATE,TO ANNOTATE,TO ANNOTATE,119
120,SLIT2_HUMAN,To_add,,,120
121,DKK1_HUMAN,To_add,,,121
122,AGRL1_HUMAN,TO ANNOTATE,TO ANNOTATE,TO ANNOTATE,122
123,GLSK_HUMAN,TO ANNOTATE,TO ANNOTATE,TO ANNOTATE,123
124,SLIK3_HUMAN,TO ANNOTATE,TO ANNOTATE,TO ANNOTATE,124
125,CSTN1_HUMAN,TO ANNOTATE,TO ANNOTATE,TO ANNOTATE,125
126,SLIK5_HUMAN,TO ANNOTATE,TO ANNOTATE,TO ANNOTATE,126
127,S1PR2_HUMAN,To_add,,,127
128,TNF15_HUMAN,To_add,,,128
129,UNC5C_HUMAN,To_add,,,129
130,I18RA_HUMAN,To_add,,Iglike,130
131,5HT3B_HUMAN,To_add,,,131
132,MPZL1_HUMAN,TO ANNOTATE,TO ANNOTATE,TO ANNOTATE,132
133,GDF11_HUMAN,To_add,,,133
134,BMP10_HUMAN,To_add,,,134
135,UTS2_HUMAN,To_add,,,135
136,TNF6B_HUMAN,To_add,,,136
137,ABCA1_HUMAN,To_add,,,137
138,AGRL2_HUMAN,TO ANNOTATE,TO ANNOTATE,TO ANNOTATE,138
139,NET1_HUMAN,To_add,,,139
140,NTR2_HUMAN,TO ANNOTATE,TO ANNOTATE,TO ANNOTATE,140
141,CXL14_HUMAN,To_add,,,141
142,CRTAM_HUMAN,To_add | To_comment,Extracellular_add,Iglike | Possible_receptor,142
143,FGF19_HUMAN,To_add,,,143
144,IL33_HUMAN,To_add,,,144
145,GPR75_HUMAN,To_add,,,145
146,CER1_HUMAN,To_add,,,146
147,GLP2R_HUMAN,To_add,,,147
148,BY55_HUMAN,To_add,,,148
149,BMP15_HUMAN,To_add,,,149
150,WNT11_HUMAN,To_add,,,150
151,AL1A1_HUMAN,TO ANNOTATE,TO ANNOTATE,TO ANNOTATE,151
152,EGFR_HUMAN,To_add,,,152
153,THRB_HUMAN,To_add,,,153
154,FA10_HUMAN,To_add,,,154
155,PLMN_HUMAN,To_add,,,155
156,UROK_HUMAN,To_add,,,156
157,RENI_HUMAN,To_add,,,157
158,ANGT_HUMAN,To_add,,,158
159,CO3_HUMAN,To_add,,,159
160,CO5_HUMAN,To_add,,,160
161,KNG1_HUMAN,To_add,,,161
162,PDGFB_HUMAN,To_add,,,162
163,EGF_HUMAN,To_add | To_comment,secreted_add | secreted_high| extracellular _add,Uniprot: EGF stimulates the growth of various epidermal and epithelial tissues in vivo and in vitro and of some fibroblasts in cell culture.,163
164,TGFA_HUMAN,To_add,,,164
165,TGFB1_HUMAN,To_add,,,165
166,NGF_HUMAN,To_add,,,166
167,GON1_HUMAN,To_add,,,167
168,ANF_HUMAN,To_add,,,168
169,NEU1_HUMAN,To_add,,,169
170,NEU2_HUMAN,To_add,,,170
171,COLI_HUMAN,To_add,,,171
172,PENK_HUMAN,To_add,,,172
173,PDYN_HUMAN,To_add,,,173
174,GLHA_HUMAN,To_add,,,174
175,TSHB_HUMAN,To_add,,,175
176,FSHB_HUMAN,To_add,,,176
177,LSHB_HUMAN,To_add,,,177
178,PRL_HUMAN,To_add,,,178
179,SOMA_HUMAN,To_add,,,179
180,SOM2_HUMAN,To_add,,,180
181,CALC_HUMAN,To_add,,,181
182,THYG_HUMAN,To_add,,,182
183,PTHY_HUMAN,To_add,,,183
184,GLUC_HUMAN,To_add,,,184
185,VIP_HUMAN,To_add,,,185
186,SLIB_HUMAN,To_add,,,186
187,PAHO_HUMAN,TO ANNOTATE,TO ANNOTATE,TO ANNOTATE,187
188,NPY_HUMAN,TO ANNOTATE,TO ANNOTATE,TO ANNOTATE,188
189,INS_HUMAN,To_add,,,189
190,IGF2_HUMAN,To_add,,,190
191,GAST_HUMAN,To_add,,,191
192,TNFB_HUMAN,To_add,,,192
193,TNFA_HUMAN,To_add,,,193
194,IFNA2_HUMAN,To_add,,,194
195,IFN10_HUMAN,To_add,,,195
196,IFNA7_HUMAN,To_add,,,196
197,IFN21_HUMAN,To_add,,,197
198,IFNA5_HUMAN,To_add,,,198
199,IFN14_HUMAN,To_add,,,199
200,IFN17_HUMAN,To_add,,,200
201,IFNB_HUMAN,To_add,,,201
202,IFNG_HUMAN,To_add,,,202
203,IL1A_HUMAN,To_add,,,203
204,IL1B_HUMAN,To_add,,,204
205,EPO_HUMAN,To_add,,,205
206,IL2RA_HUMAN,To_add,,Cytokine_receptor_add (uniprot),206
207,CD8A_HUMAN,To_comment,Receptor_add,,207
208,PIGR_HUMAN,TO ANNOTATE,TO ANNOTATE,TO ANNOTATE,208
209,CO1A1_HUMAN,To_add,,collagen,209
210,CO2A1_HUMAN,To_add,,collagen,210
211,CO3A1_HUMAN,To_add,,collagen,211
212,CO4A1_HUMAN,To_add,,collagen,212
213,APOA1_HUMAN,To_add,,,213
214,APOE_HUMAN,To_add,,,214
215,APOA2_HUMAN,To_add,,,215
216,FIBA_HUMAN,To_add,,,216
217,FIBB_HUMAN,To_add,,,217
218,FIBG_HUMAN,To_add,,,218
219,ACHA_HUMAN,To_add,,,219
220,FINC_HUMAN,To_add,,,220
221,RET4_HUMAN,To_add,,,221
222,ALBU_HUMAN,To_add,,,222
223,CXCL7_HUMAN,To_add,,,223
224,PLF4_HUMAN,To_add,,,224
225,CXL10_HUMAN,To_add,,,225
226,TFR1_HUMAN,To_add,,,226
227,TRFE_HUMAN,To_add,,,227
228,FRIL_HUMAN,To_add,,,228
229,FRIH_HUMAN,To_add,,,229
230,ESR1_HUMAN,To_add,,,230
231,MIS_HUMAN,To_add,,,231
232,VTNC_HUMAN,To_add,,,232
233,PROC_HUMAN,To_add,,,233
234,ANXA1_HUMAN,To_add,,,234
235,PDGFA_HUMAN,To_add,,,235
236,REL2_HUMAN,To_add,,,236
237,APOB_HUMAN,To_add,,,237
238,CSF2_HUMAN,To_add,,,238
239,GCR_HUMAN,To_add,,,239
240,THY1_HUMAN,To_add,,,240
241,HG2A_HUMAN,To_comment,Receptor_add,Chemokine_receptor_add,241
242,VWF_HUMAN,To_add,,,242
243,ERBB2_HUMAN,To_add,,,243
244,WNT1_HUMAN,To_add,,,244
245,NTRK1_HUMAN,To_add,,,245
246,REL1_HUMAN,TO ANNOTATE,TO ANNOTATE,TO ANNOTATE,246
247,IFNW1_HUMAN,To_add,,,247
248,IFNA6_HUMAN,To_add,,,248
249,IFNA4_HUMAN,To_add,,,249
250,IFN16_HUMAN,To_add,,,250
251,IGF1_HUMAN,To_add,,,251
252,A4_HUMAN,To_add,,ligandIUPHAR,252
253,CP17A_HUMAN,TO ANNOTATE,TO ANNOTATE,TO ANNOTATE,253
254,ITB3_HUMAN,To_add,,Migration,254
255,ITB2_HUMAN,To_add,,Integrin (uniprot),255
256,CP11A_HUMAN,TO ANNOTATE,TO ANNOTATE,TO ANNOTATE,256
257,INHA_HUMAN,To_add,,,257
258,IL4_HUMAN,To_add,,,258
259,IL5_HUMAN,To_add,,,259
260,FGF1_HUMAN,To_add,,,260
261,IL6_HUMAN,To_add,,,261
262,EDN1_HUMAN,TO ANNOTATE,TO ANNOTATE,TO ANNOTATE,262
263,ICAM1_HUMAN,To_add | To_comment,,Iglike | ligandIUPHAR,263
264,ITB1_HUMAN,To_add,,Migration,264
265,CO5A2_HUMAN,To_add,,Collagen,265
266,INSR_HUMAN,To_add,,,266
267,LCK_HUMAN,To_comment,Extracellular_add,,267
268,CCKN_HUMAN,To_add,,,268
269,PRGR_HUMAN,To_add,,,269
270,CD2_HUMAN,To_add | To_comment,Receptor_add,Iglike | Receptor_add,270
271,CEAM5_HUMAN,To_comment,Adhesion_add,,271
272,FCER2_HUMAN,To_add,,,272
273,ITAV_HUMAN,To_add | To_comment,Adhesion_add,Migration | Adhesion_add (uniprot),273
274,CRF_HUMAN,To_add,,,274
275,PERT_HUMAN,TO ANNOTATE,TO ANNOTATE,TO ANNOTATE,275
276,TRBM_HUMAN,To_add,,endothelial cell receptor (uniprot),276
277,PDIA1_HUMAN,To_add,,,277
278,CSF1R_HUMAN,To_add,,,278
279,GP1BA_HUMAN,To_add,,a surface membrane protein of platelets (uniprot),279
280,GRP_HUMAN,To_add,,,280
281,ACHG_HUMAN,TO ANNOTATE,TO ANNOTATE,TO ANNOTATE,281
282,ADRB2_HUMAN,To_add,,,282
283,SAP_HUMAN,To_add,,,283
284,RET_HUMAN,To_add,,,284
285,TSP1_HUMAN,To_add | To_comment,Extracellular_add,Adhesive glycoprotein that mediates cell-to-cell and cell-to-matrix interactions (uniprot),285
286,IGF1R_HUMAN,To_add,,,286
287,CO1A2_HUMAN,To_add,,Collagen,287
288,TNR16_HUMAN,To_add,,TNF_receptor_add (uniprot),288
289,ACM2_HUMAN,To_add,,,289
290,ACM4_HUMAN,To_add,,,290
291,DAF_HUMAN,To_add,,,291
292,MCR_HUMAN,To_add,,,292
293,MMP2_HUMAN,To_add,,,293
294,CATG_HUMAN,TO ANNOTATE,TO ANNOTATE,TO ANNOTATE,294
295,INHBA_HUMAN,To_add,,,295
296,ITA2B_HUMAN,To_add,,Integrin (uniprot),296
297,CO4A2_HUMAN,To_add,,Collagen,297
298,PTPRC_HUMAN,To_add | To_comment,transmembrane_add | extracellular_add,Uniprot: Protein tyrosine-protein phosphatase required for T-cell activation,298
299,MET_HUMAN,To_add | To_comment,transmembrane_add | receptor_add | extracellular_add,,299
300,ADRB1_HUMAN,To_add,,,300
301,FGF4_HUMAN,To_add,,,301
302,ITA5_HUMAN,To_add,,Integrin (uniprot),302
303,CP3A4_HUMAN,TO ANNOTATE,TO ANNOTATE,TO ANNOTATE,303
304,CP21A_HUMAN,TO ANNOTATE,TO ANNOTATE,TO ANNOTATE,304
305,IL3_HUMAN,To_add,,,305
306,IL6RA_HUMAN,To_add,,,306
307,5HT1A_HUMAN,To_add,,,307
308,ACM5_HUMAN,To_add,,,308
309,ADA2A_HUMAN,To_add,,,309
310,NMB_HUMAN,To_add,,,310
311,FGF2_HUMAN,To_add,,,311
312,DOPO_HUMAN,To_add,,,312
313,CD48_HUMAN,To_comment,Extracellular_add,,313
314,GROA_HUMAN,To_add,,,314
315,INHBB_HUMAN,To_add,,,315
316,WNT2_HUMAN,To_add,,,316
317,CSF1_HUMAN,To_add,,,317
318,PGFRB_HUMAN,To_comment,,Migration,318
319,GIP_HUMAN,To_add,,,319
320,SECR_HUMAN,To_add,,,320
321,LOX5_HUMAN,To_add,,,321
322,CSF3_HUMAN,To_add,,,322
323,LKHA4_HUMAN,TO ANNOTATE,TO ANNOTATE,TO ANNOTATE,323
324,CO4A_HUMAN,To_add,,,324
325,NPS_HUMAN,To_add,,,325
326,CFC1_HUMAN,To_add,,,326
327,SAA1_HUMAN,To_add,,,327
328,ELA_HUMAN,To_add,,,328
329,AA3R_HUMAN,To_add,,,329
330,CGB3_HUMAN,TO ANNOTATE,TO ANNOTATE,TO ANNOTATE,330
331,CGB7_HUMAN,TO ANNOTATE,TO ANNOTATE,TO ANNOTATE,331
332,PYY_HUMAN,TO ANNOTATE,TO ANNOTATE,TO ANNOTATE,332
333,CALCB_HUMAN,To_add,,,333
334,ADX_HUMAN,TO ANNOTATE,TO ANNOTATE,TO ANNOTATE,334
335,IL8_HUMAN,To_add,,,335
336,CCL3_HUMAN,To_add,,,336
337,ANDR_HUMAN,To_add,,,337
338,RARA_HUMAN,TO ANNOTATE,TO ANNOTATE,TO ANNOTATE,338
339,OSTP_HUMAN,To_add,,,339
340,PTPRF_HUMAN,TO ANNOTATE,TO ANNOTATE,TO ANNOTATE,340
341,TGFB3_HUMAN,To_add | To_comment,extracellular_add,TGFbeta_family | ligandIUPHAR,341
342,KIT_HUMAN,To_add,,,342
343,CD28_HUMAN,To_add | To_comment,Extracellular_add,Iglike,343
344,FGF6_HUMAN,To_add,,,344
345,RARB_HUMAN,TO ANNOTATE,TO ANNOTATE,TO ANNOTATE,345
346,THA_HUMAN,To_add,,,346
347,THB_HUMAN,To_add,,,347
348,CLUS_HUMAN,To_add,,,348
349,GHR_HUMAN,To_add,,,349
350,CD8B_HUMAN,To_comment,Receptor_add,,350
351,IAPP_HUMAN,To_add,,,351
352,LAMC1_HUMAN,To_add,,laminin,352
353,PNMT_HUMAN,TO ANNOTATE,TO ANNOTATE,TO ANNOTATE,353
354,ITAM_HUMAN,To_add,,Integrin (uniprot),354
355,ACM1_HUMAN,To_add,,,355
356,ACHB_HUMAN,TO ANNOTATE,TO ANNOTATE,TO ANNOTATE,356
357,BCR_HUMAN,To_add,,,357
358,FGFR1_HUMAN,To_comment,,Migration,358
359,VDR_HUMAN,To_add,,,359
360,FGF3_HUMAN,To_add,,,360
361,CP19A_HUMAN,TO ANNOTATE,TO ANNOTATE,TO ANNOTATE,361
362,MPRI_HUMAN,To_add | To_comment,transmembrane_add | receptor_add | extracellular_add,,362
363,FGF5_HUMAN,To_add,,,363
364,COBA1_HUMAN,To_add,,Collagen,364
365,CO6A1_HUMAN,To_add,,Collagen,365
366,CO6A2_HUMAN,To_add,,Collagen,366
367,CO6A3_HUMAN,To_add,,Collagen,367
368,PTHR_HUMAN,To_add,,,368
369,BMP2_HUMAN,To_add,,,369
370,BMP4_HUMAN,To_add,,,370
371,CADH1_HUMAN,To_add,,Cadherin,371
372,MOTI_HUMAN,To_add,,,372
373,GP1BB_HUMAN,To_add,,surface membrane protein of platelets (uniprot),373
374,IL7_HUMAN,To_add,,,374
375,CCL4_HUMAN,To_add,,,375
376,TDGF1_HUMAN,To_add,,,376
377,CCL2_HUMAN,To_add,,,377
378,CCL5_HUMAN,To_add,,,378
379,NCAM1_HUMAN,To_add,,,379
380,ICAM2_HUMAN,To_add | To_comment,Extracellular_add,Iglike | ligandIUPHAR,380
381,ITA4_HUMAN,To_add,,Integrin (uniprot),381
382,RARG_HUMAN,TO ANNOTATE,TO ANNOTATE,TO ANNOTATE,382
383,CEAM1_HUMAN,To_comment,Extracellular_add,Migration,383
384,ONCM_HUMAN,To_add,,,384
385,HLAE_HUMAN,To_add | To_comment,Extracellular_add,Iglike,385
386,COBA2_HUMAN,To_add,,Collagen,386
387,ADRB3_HUMAN,To_add,,,387
388,3BHS1_HUMAN,TO ANNOTATE,TO ANNOTATE,TO ANNOTATE,388
389,DHB1_HUMAN,TO ANNOTATE,TO ANNOTATE,TO ANNOTATE,389
390,EDN3_HUMAN,TO ANNOTATE,TO ANNOTATE,TO ANNOTATE,390
391,LYAM1_HUMAN,To_add,,Cell surface adhesion protein (uniprot),391
392,CD99_HUMAN,To_add,,Involved in T-cell adhesion (uniprot),392
393,HGF_HUMAN,To_add | To_comment,secreted_add | secreted_high | extracellular_add,"Uniprot: Potent mitogen for mature parenchymal hepatocyte cells, seems to be a hepatotrophic factor, and acts as a growth factor for a broad spectrum of tissues and cell types.",393
394,DRD2_HUMAN,To_add,,,394
395,PA2GA_HUMAN,To_add,,,395
396,TYRO_HUMAN,TO ANNOTATE,TO ANNOTATE,TO ANNOTATE,396
397,IL1R1_HUMAN,To_add,,,397
398,IL2RB_HUMAN,To_add,,cytokine_receptor,398
399,GBRA1_HUMAN,TO ANNOTATE,TO ANNOTATE,TO ANNOTATE,399
400,LIF_HUMAN,To_add,,,400
401,ALDR_HUMAN,TO ANNOTATE,TO ANNOTATE,TO ANNOTATE,401
402,PVR_HUMAN,To_add,,,402
403,IL9_HUMAN,To_add,,,403
404,INGR1_HUMAN,To_add,,,404
405,EZRI_HUMAN,To_add,,,405
406,CSF2R_HUMAN,To_add,,,406
407,AREG_HUMAN,To_add | To_comment,secreted_add | secreted_high | extracellular_add,"Uniprot: Ligand of the EGF receptor/EGFR. Autocrine growth factor as well as a mitogen for a broad range of target cells including astrocytes, Schwann cells and fibroblasts.",407
408,MCP_HUMAN,To_add,,costimulatory factor (uniprot),408
409,C11B1_HUMAN,TO ANNOTATE,TO ANNOTATE,TO ANNOTATE,409
410,VEGFA_HUMAN,To_add,,,410
411,CD1D_HUMAN,To_add,,,411
412,ANPRA_HUMAN,To_add,,Receptor (uniprot),412
413,CD44_HUMAN,To_add,,,413
414,LYAM3_HUMAN,To_add,,Ca2+-dependent receptor (uniprot),414
415,ITB4_HUMAN,To_add,,Integrin,415
416,LEUK_HUMAN,To_add | To_comment,transmembrane_add | extracellular_add,Uniprot: cell surface sialoprotein,416
417,CBR1_HUMAN,TO ANNOTATE,TO ANNOTATE,TO ANNOTATE,417
418,PGFRA_HUMAN,To_add,,,418
419,PECA1_HUMAN,To_add,,,419
420,CTLA4_HUMAN,To_comment,Extracellular_add,,420
421,DPEP1_HUMAN,To_add,,,421
422,PRLR_HUMAN,To_add,,cytokine_receptor,422
423,TSHR_HUMAN,To_add,,,423
424,LYAM2_HUMAN,To_add,,,424
425,CD36_HUMAN,To_add,,,425
426,IL7RA_HUMAN,To_add,,,426
427,INAR1_HUMAN,To_add,,,427
428,ITA2_HUMAN,To_add,,Integrin (uniprot),428
429,CXA1_HUMAN,TO ANNOTATE,TO ANNOTATE,TO ANNOTATE,429
430,HLAG_HUMAN,To_add | To_comment,Extracellular_add | Receptor_add,Iglike,430
431,TPH1_HUMAN,TO ANNOTATE,TO ANNOTATE,TO ANNOTATE,431
432,ACHB2_HUMAN,To_add,,,432
433,LEG3_HUMAN,To_add,,,433
434,IBP3_HUMAN,To_add,,,434
435,VGFR1_HUMAN,To_add,,Migration,435
436,LOX12_HUMAN,TO ANNOTATE,TO ANNOTATE,TO ANNOTATE,436
437,BMP7_HUMAN,To_add,,,437
438,ITB5_HUMAN,To_add,,Integrin (uniprot),438
439,ADA2B_HUMAN,To_remove,,no ensembl,439
440,S5A1_HUMAN,TO ANNOTATE,TO ANNOTATE,TO ANNOTATE,440
441,GBRG2_HUMAN,TO ANNOTATE,TO ANNOTATE,TO ANNOTATE,441
442,PACA_HUMAN,To_add,,,442
443,IL1RA_HUMAN,To_add,,,443
444,ITB6_HUMAN,To_add,,Integrin (uniprot),444
445,LAG3_HUMAN,To_add | To_comment,,Iglike | Possible_receptor,445
446,ADA2C_HUMAN,To_add,,,446
447,SDC1_HUMAN,TO ANNOTATE,TO ANNOTATE,TO ANNOTATE,447
448,CADH2_HUMAN,To_add,,Migration,448
449,C11B2_HUMAN,TO ANNOTATE,TO ANNOTATE,TO ANNOTATE,449
450,DCHS_HUMAN,TO ANNOTATE,TO ANNOTATE,TO ANNOTATE,450
451,EPOR_HUMAN,To_add,,,451
452,LFA3_HUMAN,To_comment,Extracellular_add,,452
453,VCAM1_HUMAN,To_add | To_comment,,Iglike | ligandIUPHAR,453
454,TNR1A_HUMAN,To_add,,,454
455,GGT1_HUMAN,To_add,,,455
456,RXRA_HUMAN,TO ANNOTATE,TO ANNOTATE,TO ANNOTATE,456
457,CEL_HUMAN,To_remove,,no ensembl,457
458,CXCL2_HUMAN,To_add,,,458
459,CXCL3_HUMAN,To_add,,,459
460,CR2_HUMAN,To_add,,Receptor for complement C3Dd (uniprot),460
461,CD22_HUMAN,To_comment,Receptor_add,,461
462,AL5AP_HUMAN,To_add,,,462
463,ACM3_HUMAN,To_add,,,463
464,TNR1B_HUMAN,To_add,,,464
465,TKN1_HUMAN,To_add,,,465
466,MCH_HUMAN,To_add,,,466
467,TRH_HUMAN,To_add,,,467
468,ITAL_HUMAN,To_comment,Extracellular_add,Integrin,468
469,ITAX_HUMAN,To_add,,Integrin (uniprot),469
470,DDC_HUMAN,TO ANNOTATE,TO ANNOTATE,TO ANNOTATE,470
471,NTF3_HUMAN,To_add,,,471
472,EDN2_HUMAN,TO ANNOTATE,TO ANNOTATE,TO ANNOTATE,472
473,IL11_HUMAN,To_add,,,473
474,EFNA1_HUMAN,To_comment,extracellular_add,ligandIUPHAR,474
475,CO9A1_HUMAN,To_add,,Collagen,475
476,CO5A1_HUMAN,To_add,,Collagen,476
477,PTN_HUMAN,To_add,,,477
478,NK2R_HUMAN,To_add,,,478
479,FPR1_HUMAN,To_add,,,479
480,CNR1_HUMAN,To_add,,,480
481,SCF_HUMAN,To_add,,,481
482,5NTD_HUMAN,TO ANNOTATE,TO ANNOTATE,TO ANNOTATE,482
483,EPHA1_HUMAN,To_add,,,483
484,DRD1_HUMAN,To_add,,,484
485,C5AR1_HUMAN,To_add,,,485
486,TA2R_HUMAN,To_add,,,486
487,MK_HUMAN,To_add,,,487
488,FGF7_HUMAN,To_add,,,488
489,FGFR2_HUMAN,To_add,,,489
490,CD72_HUMAN,To_add | To_comment,Extracellular_add,Plays a role in B-cell proliferation and differentiation (uniprot),490
491,ERBB3_HUMAN,To_add,,,491
492,DRD4_HUMAN,To_add,,,492
493,DRD5_HUMAN,To_add,,,493
494,TGM2_HUMAN,TO ANNOTATE,TO ANNOTATE,TO ANNOTATE,494
495,BMP5_HUMAN,To_add,,,495
496,BMP6_HUMAN,To_add,,,496
497,CADH3_HUMAN,To_add,,Cadherin,497
498,IL10_HUMAN,To_add,,,498
499,CCL1_HUMAN,To_add,,,499
500,FGFR4_HUMAN,To_add,,Migration,500
501,GALA_HUMAN,To_add,,,501
502,ADRO_HUMAN,TO ANNOTATE,TO ANNOTATE,TO ANNOTATE,502
503,FGFR3_HUMAN,To_add,,,503
504,LSHR_HUMAN,To_add,,,504
505,MRC1_HUMAN,To_add,,,505
506,ITA6_HUMAN,To_add,,Integrin,506
507,GLRA1_HUMAN,TO ANNOTATE,TO ANNOTATE,TO ANNOTATE,507
508,GLRA2_HUMAN,TO ANNOTATE,TO ANNOTATE,TO ANNOTATE,508
509,CBLN1_HUMAN,TO ANNOTATE,TO ANNOTATE,TO ANNOTATE,509
510,PTPRD_HUMAN,TO ANNOTATE,TO ANNOTATE,TO ANNOTATE,510
511,PTPRZ_HUMAN,To_add,,,511
512,TNFL4_HUMAN,To_add,,ligandIUPHAR,512
513,BDNF_HUMAN,To_add,,,513
514,FSHR_HUMAN,To_add,,,514
515,SC6A2_HUMAN,TO ANNOTATE,TO ANNOTATE,TO ANNOTATE,515
516,LAMA2_HUMAN,TO ANNOTATE,TO ANNOTATE,TO ANNOTATE,516
517,IL4RA_HUMAN,To_add,,,517
518,EDNRB_HUMAN,TO ANNOTATE,TO ANNOTATE,TO ANNOTATE,518
519,THAS_HUMAN,TO ANNOTATE,TO ANNOTATE,TO ANNOTATE,519
520,TENA_HUMAN,To_add,,,520
521,HRH2_HUMAN,To_add,,,521
522,CXCR1_HUMAN,To_add,,,522
523,CXCR2_HUMAN,To_add,,,523
524,CD24_HUMAN,To_add,,cancer antigen,524
525,CO8A2_HUMAN,To_add,,Collagen,525
526,FPR3_HUMAN,To_add,,,526
527,FPR2_HUMAN,To_add,,,527
528,ADA1D_HUMAN,To_add,,,528
529,EDNRA_HUMAN,TO ANNOTATE,TO ANNOTATE,TO ANNOTATE,529
530,NK1R_HUMAN,To_add,,,530
531,ACKR3_HUMAN,To_comment,Receptor_add,CoReceptor_Acts as coreceptor with CXCR4 for a restricted number of HIV isolates (uniprot),531
532,PAR1_HUMAN,TO ANNOTATE,TO ANNOTATE,TO ANNOTATE,532
533,TNR6_HUMAN,To_add,,,533
534,NPY1R_HUMAN,TO ANNOTATE,TO ANNOTATE,TO ANNOTATE,534
535,CO5A3_HUMAN,To_add,,Collagen,535
536,TNR5_HUMAN,To_comment,Extracellular_add,,536
537,ITA3_HUMAN,To_add,,Integrin,537
538,ITB7_HUMAN,To_add,,Integrin (uniprot),538
539,ITB8_HUMAN,To_add,,Integrin (uniprot),539
540,CNTF_HUMAN,To_add,,ligandIUPHAR,540
541,NKG2A_HUMAN,To_add | To_comment,Extracellular_add,KLR_add (uniprot),541
542,NKG2C_HUMAN,To_add | To_comment,Extracellular_add,KLR_add (uniprot),542
543,NKG2D_HUMAN,To_comment,Extracellular_add,,543
544,CD27_HUMAN,To_add,,Cytokine_receptor_add (uniprot),544
545,HGFL_HUMAN,To_remove,,no ensembl,545
546,IL3RA_HUMAN,To_add,,cytokine_receptor,546
547,CNTFR_HUMAN,To_add,,,547
548,AVR2A_HUMAN,To_add,,complex (uniprot),548
549,DPP4_HUMAN,To_add,,,549
550,GDF1_HUMAN,To_add,,,550
551,CO8A1_HUMAN,To_add,,Collagen,551
552,IL1R2_HUMAN,To_add,,,552
553,5HT1D_HUMAN,To_add,,,553
554,5HT1B_HUMAN,To_add,,,554
555,5HT2A_HUMAN,To_add,,,555
556,CLAT_HUMAN,TO ANNOTATE,TO ANNOTATE,TO ANNOTATE,556
557,5HT2C_HUMAN,To_add,,,557
558,NMBR_HUMAN,To_add,,,558
559,GBRB3_HUMAN,TO ANNOTATE,TO ANNOTATE,TO ANNOTATE,559
560,5HT1E_HUMAN,To_add,,,560
561,RXRB_HUMAN,TO ANNOTATE,TO ANNOTATE,TO ANNOTATE,561
562,CD34_HUMAN,To_add,,Possible adhesion molecule (uniprot),562
563,CD38_HUMAN,To_add,,moonlights as a receptor in cells of the immune system (uniprot),563
564,TNR8_HUMAN,To_add,,,564
565,CD1B_HUMAN,TO ANNOTATE,TO ANNOTATE,TO ANNOTATE,565
566,AA2AR_HUMAN,To_add,,,566
567,AA2BR_HUMAN,To_add,,,567
568,EPHA2_HUMAN,To_add,,Migration,568
569,EPHA3_HUMAN,To_add,,Migration,569
570,EPHA8_HUMAN,To_add,,,570
571,EPHB2_HUMAN,To_comment,Adhesion_add,,571
572,NK3R_HUMAN,To_add,,,572
573,RABP2_HUMAN,TO ANNOTATE,TO ANNOTATE,TO ANNOTATE,573
574,CO4A5_HUMAN,To_add,,Collagen,574
575,IL12A_HUMAN,To_add,,,575
576,IL12B_HUMAN,To_add,,,576
577,CD40L_HUMAN,To_add,,,577
578,CD6_HUMAN,To_add,,,578
579,BKRB2_HUMAN,To_add,,,579
580,HLAF_HUMAN,To_add,,Iglike,580
581,V2R_HUMAN,To_add,,,581
582,UFO_HUMAN,To_add,,,582
583,SC6A1_HUMAN,TO ANNOTATE,TO ANNOTATE,TO ANNOTATE,583
584,ACHA5_HUMAN,To_add,,,584
585,AMRP_HUMAN,To_add,,,585
586,AA1R_HUMAN,To_add,,,586
587,GRPR_HUMAN,To_add,,,587
588,AGTR1_HUMAN,To_add,,,588
589,OXYR_HUMAN,To_add,,,589
590,SSR1_HUMAN,To_add,,,590
591,SSR2_HUMAN,To_add,,,591
592,ACHB4_HUMAN,To_add,,,592
593,5HT1F_HUMAN,To_add,,,593
594,GNRHR_HUMAN,To_add,,,594
595,CALCR_HUMAN,To_add,,,595
596,NTR1_HUMAN,TO ANNOTATE,TO ANNOTATE,TO ANNOTATE,596
597,NEUT_HUMAN,To_add,,,597
598,S5A2_HUMAN,TO ANNOTATE,TO ANNOTATE,TO ANNOTATE,598
599,CD52_HUMAN,To_add,,,599
600,FGF9_HUMAN,To_add,,,600
601,SSR4_HUMAN,To_add,,Migration,601
602,SC6A6_HUMAN,TO ANNOTATE,TO ANNOTATE,TO ANNOTATE,602
603,GBRA5_HUMAN,TO ANNOTATE,TO ANNOTATE,TO ANNOTATE,603
604,SC6A4_HUMAN,TO ANNOTATE,TO ANNOTATE,TO ANNOTATE,604
605,IL2RG_HUMAN,To_add,,cytokine_receptor,605
606,CEAM8_HUMAN,To_comment,Adhesion_add,,606
607,L1CAM_HUMAN,To_add,,,607
608,CCKAR_HUMAN,To_add,,,608
609,GASR_HUMAN,To_add,,,609
610,VIPR1_HUMAN,To_add,,,610
611,MC4R_HUMAN,To_add,,,611
612,CCR1_HUMAN,To_add,,,612
613,CCR7_HUMAN,To_add,,,613
614,ACHA3_HUMAN,To_add,,,614
615,CXCR5_HUMAN,To_add,,,615
616,SSR3_HUMAN,To_add,,,616
617,IFNA8_HUMAN,To_add,,,617
618,IL3RB_HUMAN,To_add,,cytokine_receptor,618
619,ICAM3_HUMAN,To_add | To_comment,Extracellular_add,Iglike,619
620,CD70_HUMAN,To_add | To_comment,secreted_highlight,Cytokine that binds to CD27 (uniprot),620
621,TNFL8_HUMAN,To_add,,ligandIUPHAR,621
622,MC5R_HUMAN,To_add,,,622
623,CADH5_HUMAN,To_add,,Cadherin,623
624,CD80_HUMAN,To_add | To_comment,Extracellular_add,Iglike,624
625,NTF4_HUMAN,To_add,,,625
626,SDC2_HUMAN,TO ANNOTATE,TO ANNOTATE,TO ANNOTATE,626
627,GLYC_HUMAN,TO ANNOTATE,TO ANNOTATE,TO ANNOTATE,627
628,GLYM_HUMAN,TO ANNOTATE,TO ANNOTATE,TO ANNOTATE,628
629,GBRA3_HUMAN,TO ANNOTATE,TO ANNOTATE,TO ANNOTATE,629
630,RYK_HUMAN,To_remove,,no ensembl,630
631,5HT7R_HUMAN,To_add,,,631
632,CNR2_HUMAN,To_add,,,632
633,TRFR_HUMAN,To_add,,,633
634,PE2R1_HUMAN,To_add,,,634
635,CRFR1_HUMAN,To_add,,,635
636,BTC_HUMAN,To_add,,,636
637,IL13_HUMAN,To_add,,,637
638,SFTPD_HUMAN,TO ANNOTATE,TO ANNOTATE,TO ANNOTATE,638
639,ADML_HUMAN,To_add,,,639
640,SSR5_HUMAN,To_add,,,640
641,ADA1A_HUMAN,To_add,,,641
642,HRH1_HUMAN,To_add,,,642
643,ADA1B_HUMAN,To_add,,,643
644,OPRM_HUMAN,To_add,,,644
645,RORA_HUMAN,To_add,,,645
646,PE2R4_HUMAN,To_add,,,646
647,APJ_HUMAN,To_add,,,647
648,TSP2_HUMAN,To_add,,,648
649,DRD3_HUMAN,To_add,,,649
650,FBN1_HUMAN,To_add,,,650
651,BASI_HUMAN,To_add,,Possible_receptor,651
652,VGFR3_HUMAN,To_add,,,652
653,VGFR2_HUMAN,To_add,,,653
654,GGT5_HUMAN,TO ANNOTATE,TO ANNOTATE,TO ANNOTATE,654
655,CXA5_HUMAN,TO ANNOTATE,TO ANNOTATE,TO ANNOTATE,655
656,CXG1_HUMAN,TO ANNOTATE,TO ANNOTATE,TO ANNOTATE,656
657,ACHA7_HUMAN,To_add,,,657
658,FLT3_HUMAN,To_add | To_comment,Extracellular_add,Iglike,658
659,BMR1A_HUMAN,To_add | To_comment,Extracellular_add,complex (uniprot),659
660,ACV1B_HUMAN,To_add,,IUPHAR,660
661,TGFR1_HUMAN,To_add,,,661
662,TNR3_HUMAN,To_add,,TNF_receptor_add (uniprot),662
663,ACVL1_HUMAN,To_add,,,663
664,DHB3_HUMAN,TO ANNOTATE,TO ANNOTATE,TO ANNOTATE,664
665,TGFR2_HUMAN,To_add,,,665
666,PPARG_HUMAN,To_add,,,666
667,V1AR_HUMAN,To_add,,,667
668,INGR2_HUMAN,To_add,,,668
669,ITAE_HUMAN,To_add,,Integrin (uniprot),669
670,LICH_HUMAN,TO ANNOTATE,TO ANNOTATE,TO ANNOTATE,670
671,COFA1_HUMAN,To_add,,Collagen,671
672,COIA1_HUMAN,To_add,,Collagen,672
673,GRIK1_HUMAN,TO ANNOTATE,TO ANNOTATE,TO ANNOTATE,673
674,GDNF_HUMAN,To_add,,,674
675,IL6RB_HUMAN,To_add,,,675
676,CEAM6_HUMAN,To_comment,Adhesion_add,,676
677,TACT_HUMAN,To_add | To_comment,Receptor_add | Extracellular_add,Iglike | Receptor_add,677
678,TPO_HUMAN,To_add,,,678
679,TPOR_HUMAN,To_add,,,679
680,IL15_HUMAN,To_add,,,680
681,OPRD_HUMAN,To_add,,,681
682,OPRK_HUMAN,To_add,,,682
683,OPRX_HUMAN,To_add,,,683
684,LEP_HUMAN,To_add,,,684
685,OX2G_HUMAN,To_comment,Extracellular_add,,685
686,WNT5A_HUMAN,To_add,,,686
687,PTGDS_HUMAN,TO ANNOTATE,TO ANNOTATE,TO ANNOTATE,687
688,TNFL9_HUMAN,To_add,,ligandIUPHAR,688
689,PACR_HUMAN,TO ANNOTATE,TO ANNOTATE,TO ANNOTATE,689
690,VIPR2_HUMAN,To_add,,,690
691,GRM5_HUMAN,TO ANNOTATE,TO ANNOTATE,TO ANNOTATE,691
692,5HT2B_HUMAN,To_add,,,692
693,CCR2_HUMAN,To_add,,,693
694,MC3R_HUMAN,To_add,,,694
695,CD86_HUMAN,To_comment,Extracellular_add,,695
696,ASIP_HUMAN,To_add,,,696
697,GRIA1_HUMAN,TO ANNOTATE,TO ANNOTATE,TO ANNOTATE,697
698,GRIA2_HUMAN,TO ANNOTATE,TO ANNOTATE,TO ANNOTATE,698
699,GRIA3_HUMAN,TO ANNOTATE,TO ANNOTATE,TO ANNOTATE,699
700,AK1C3_HUMAN,TO ANNOTATE,TO ANNOTATE,TO ANNOTATE,700
701,I12R1_HUMAN,To_add,,cytokine_receptor,701
702,LIFR_HUMAN,To_add,,,702
703,CXCL5_HUMAN,To_add,,,703
704,EAA1_HUMAN,TO ANNOTATE,TO ANNOTATE,TO ANNOTATE,704
705,EAA2_HUMAN,TO ANNOTATE,TO ANNOTATE,TO ANNOTATE,705
706,EAA3_HUMAN,TO ANNOTATE,TO ANNOTATE,TO ANNOTATE,706
707,GDF5_HUMAN,To_add,,,707
708,PF2R_HUMAN,To_add,,,708
709,PE2R3_HUMAN,To_add,,,709
710,PE2R2_HUMAN,To_add,,,710
711,PI2R_HUMAN,To_add,,,711
712,MUC18_HUMAN,TO ANNOTATE,TO ANNOTATE,TO ANNOTATE,712
713,DCC_HUMAN,To_add,,Iglike,713
714,GLP1R_HUMAN,To_add,,,714
715,TNR4_HUMAN,To_add,,TNF_receptor_add (uniprot),715
716,KI2L1_HUMAN,To_comment,Extracellular_add,,716
717,KI2L3_HUMAN,To_comment,Extracellular_add,,717
718,KI3L1_HUMAN,To_comment,Extracellular_add,,718
719,KI3L2_HUMAN,To_comment,Extracellular_add,,719
720,ACHA4_HUMAN,To_add,,,720
721,GPR1_HUMAN,To_add,,,721
722,CCR10_HUMAN,To_add,,,722
723,XCR1_HUMAN,To_add,,,723
724,5HT3A_HUMAN,To_add,,,724
725,BAG6_HUMAN,To_add | To_comment,Extracellular_add,complex,725
726,NOTC1_HUMAN,To_add,,,726
727,ASMT_HUMAN,TO ANNOTATE,TO ANNOTATE,TO ANNOTATE,727
728,BKRB1_HUMAN,To_add,,Migration,728
729,GALR1_HUMAN,To_add,,,729
730,GBRA2_HUMAN,TO ANNOTATE,TO ANNOTATE,TO ANNOTATE,730
731,GBRB2_HUMAN,TO ANNOTATE,TO ANNOTATE,TO ANNOTATE,731
732,GLR_HUMAN,To_add,,,732
733,SCTR_HUMAN,To_add,,,733
734,AL1A3_HUMAN,TO ANNOTATE,TO ANNOTATE,TO ANNOTATE,734
735,5HT5A_HUMAN,To_add,,,735
736,V1BR_HUMAN,To_add,,,736
737,XCL1_HUMAN,To_add,,,737
738,TNFL6_HUMAN,To_add,,,738
739,SC6A8_HUMAN,TO ANNOTATE,TO ANNOTATE,TO ANNOTATE,739
740,MTR1A_HUMAN,To_add,,,740
741,GRIA4_HUMAN,TO ANNOTATE,TO ANNOTATE,TO ANNOTATE,741
742,SDF1_HUMAN,To_add,,,742
743,S6A12_HUMAN,TO ANNOTATE,TO ANNOTATE,TO ANNOTATE,743
744,S6A11_HUMAN,TO ANNOTATE,TO ANNOTATE,TO ANNOTATE,744
745,SC6A9_HUMAN,TO ANNOTATE,TO ANNOTATE,TO ANNOTATE,745
746,NPBW1_HUMAN,To_add,,,746
747,NPBW2_HUMAN,To_add,,,747
748,GLRB_HUMAN,TO ANNOTATE,TO ANNOTATE,TO ANNOTATE,748
749,GBRA4_HUMAN,TO ANNOTATE,TO ANNOTATE,TO ANNOTATE,749
750,LEPR_HUMAN,To_comment,Receptor_add,,750
751,RXRG_HUMAN,TO ANNOTATE,TO ANNOTATE,TO ANNOTATE,751
752,GIPR_HUMAN,To_add,,,752
753,INAR2_HUMAN,To_add,,,753
754,NMU_HUMAN,To_add,,,754
755,EAA4_HUMAN,TO ANNOTATE,TO ANNOTATE,TO ANNOTATE,755
756,CD97_HUMAN,To_add,,,756
757,NPY2R_HUMAN,TO ANNOTATE,TO ANNOTATE,TO ANNOTATE,757
758,PTH2R_HUMAN,To_add,,,758
759,CX3C1_HUMAN,To_add,,,759
760,MTR1B_HUMAN,To_add,,,760
761,CXCR3_HUMAN,To_add,,,761
762,PRLHR_HUMAN,To_add,,,762
763,GPR15_HUMAN,To_add,,,763
764,PLGF_HUMAN,To_add,,,764
765,VEGFB_HUMAN,To_add,,,765
766,VEGFC_HUMAN,To_add,,,766
767,FLT3L_HUMAN,To_add,,,767
768,ST1E1_HUMAN,TO ANNOTATE,TO ANNOTATE,TO ANNOTATE,768
769,ENTP1_HUMAN,To_add | To_comment,transmembrane_add | extracellular_add,,769
770,AGTR2_HUMAN,To_add,,,770
771,ST1A1_HUMAN,TO ANNOTATE,TO ANNOTATE,TO ANNOTATE,771
772,NPY4R_HUMAN,TO ANNOTATE,TO ANNOTATE,TO ANNOTATE,772
773,5HT6R_HUMAN,To_add,,,773
774,TNF10_HUMAN,To_add,,ligandIUPHAR,774
775,RORG_HUMAN,To_add,,,775
776,INSL3_HUMAN,To_add,,,776
777,GPC3_HUMAN,To_add,,,777
778,CCL11_HUMAN,To_add,,,778
779,CCR3_HUMAN,To_add,,,779
780,CCR4_HUMAN,To_add,,,780
781,CCR5_HUMAN,To_add,,,781
782,CCR6_HUMAN,To_add,,,782
783,CCR8_HUMAN,To_add,,,783
784,CCR9_HUMAN,To_add,,,784
785,PLXA3_HUMAN,To_add,,,785
786,GP143_HUMAN,To_add,,,786
787,AK1D1_HUMAN,TO ANNOTATE,TO ANNOTATE,TO ANNOTATE,787
788,EFNA3_HUMAN,To_comment,extracellular_add,,788
789,EFNA4_HUMAN,To_add,,,789
790,EFNB2_HUMAN,To_add,,ligandIUPHAR,790
791,EFNA5_HUMAN,To_comment,extracellular_add,,791
792,CO4A4_HUMAN,To_add,,Collagen,792
793,ITA8_HUMAN,To_add,,Integrin,793
794,MOT1_HUMAN,To_add,,,794
795,VMAT1_HUMAN,TO ANNOTATE,TO ANNOTATE,TO ANNOTATE,795
796,EPHB3_HUMAN,To_comment,Adhesion_add,Migration,796
797,EPHA5_HUMAN,To_comment,Adhesion_add,,797
798,EPHB4_HUMAN,To_comment,Adhesion_add,,798
799,EPHB1_HUMAN,To_add,,,799
800,EPHA4_HUMAN,To_add,,,800
801,GAS1_HUMAN,To_add,,,801
802,NR1H2_HUMAN,To_add,,,802
803,IOD3_HUMAN,To_add,,,803
804,FGF8_HUMAN,To_add,,,804
805,UCN1_HUMAN,To_add,,,805
806,INHBC_HUMAN,To_add,,,806
807,GDF10_HUMAN,To_add,,,807
808,CADH6_HUMAN,To_add,,Cadherin,808
809,CCL23_HUMAN,To_add,,,809
810,CCL18_HUMAN,To_add,,,810
811,FCGRN_HUMAN,To_add,,,811
812,GFRA1_HUMAN,To_add,,,812
813,ITA1_HUMAN,To_add,,Integrin (uniprot),813
814,WNT3_HUMAN,To_add,,,814
815,WNT3A_HUMAN,To_add,,,815
816,WNT4_HUMAN,To_add,,,816
817,WNT7B_HUMAN,To_add,,,817
818,NRG3_HUMAN,To_add,,,818
819,JAM2_HUMAN,To_comment,Adhesion_add,,819
820,INHBE_HUMAN,To_add,,,820
821,PROK1_HUMAN,To_add,,,821
822,NRX1B_HUMAN,TO ANNOTATE,TO ANNOTATE,TO ANNOTATE,822
823,NRX2B_HUMAN,TO ANNOTATE,TO ANNOTATE,TO ANNOTATE,823
824,LIRA4_HUMAN,To_add,,Iglike,824
825,IL2_HUMAN,To_add,,,825
826,CXCR4_HUMAN,To_add,,,826
827,SMS_HUMAN,To_add,,,827
828,B2MG_HUMAN,To_add,,Iglike,828
829,TGFB2_HUMAN,To_add,,,829
830,PPIA_HUMAN,To_add,,,830
831,SHPS1_HUMAN,To_add | To_comment,Receptor_add | Extracellular_add,Iglike | Receptor_add,831
832,GBRE_HUMAN,TO ANNOTATE,TO ANNOTATE,TO ANNOTATE,832
833,OLR1_HUMAN,TO ANNOTATE,TO ANNOTATE,TO ANNOTATE,833
834,X3CL1_HUMAN,To_add,,,834
835,JAG1_HUMAN,To_add | To_comment,transmembrane_add | extracellular_add,,835
836,RELN_HUMAN,To_add,,,836
837,I13R1_HUMAN,To_add,,cytokine_receptor,837
838,CCL20_HUMAN,To_add,,,838
839,CCL8_HUMAN,To_add,,,839
840,CCL7_HUMAN,To_add,,,840
841,CXCL6_HUMAN,To_add,,,841
842,NGAL_HUMAN,To_add,,,842
843,DLK1_HUMAN,To_add | To_comment,transmembrane_add | extracellular_add,,843
844,PRRP_HUMAN,To_add,,,844
845,OX26_HUMAN,TO ANNOTATE,TO ANNOTATE,TO ANNOTATE,845
846,VLDLR_HUMAN,To_add,,Binds VLDL (uniprot),846
847,EFNB1_HUMAN,To_add | To_comment,transmembrane_add | extracellular_add,Uniprot: Binds to the receptor tyrosine kinases EPHB1 and EPHA1.,847
848,NDP_HUMAN,To_add,,,848
849,IL9R_HUMAN,To_add,,,849
850,IL5RA_HUMAN,To_add,,cytokine_receptor,850
851,ILRL1_HUMAN,To_add,,,851
852,ACTHR_HUMAN,To_add,,,852
853,MSHR_HUMAN,To_add,,,853
854,CO4A3_HUMAN,To_add,,Collagen,854
855,SC6A3_HUMAN,TO ANNOTATE,TO ANNOTATE,TO ANNOTATE,855
856,ROR1_HUMAN,To_add,,Iglike,856
857,ROR2_HUMAN,To_add,,,857
858,TNR17_HUMAN,To_add,,,858
859,NRG1_HUMAN,To_add,,,859
860,CO7A1_HUMAN,To_add,,Collagen,860
861,DSG1_HUMAN,To_add,,desmosome junctions,861
862,DSC2_HUMAN,To_add,,desmosome junctions,862
863,GHRHR_HUMAN,To_add,,,863
864,TIE2_HUMAN,To_add,,,864
865,TGBR3_HUMAN,To_add,,Migration,865
866,PPARD_HUMAN,To_add,,,866
867,UPAR_HUMAN,To_add,,,867
868,PTH1R_HUMAN,To_add,,,868
869,COAA1_HUMAN,To_add,,Collagen,869
870,NOTC2_HUMAN,To_add,,,870
871,ACVR1_HUMAN,To_add,,Receptor for activin. (uniprot),871
872,ACHE_HUMAN,TO ANNOTATE,TO ANNOTATE,TO ANNOTATE,872
873,RON_HUMAN,To_add,,Receptor tyrosine kinase that transduces signals from the extracellular matrix into the cytoplasm by binding to MST1 ligand. (uniprot),873
874,DCE2_HUMAN,TO ANNOTATE,TO ANNOTATE,TO ANNOTATE,874
875,NMDZ1_HUMAN,TO ANNOTATE,TO ANNOTATE,TO ANNOTATE,875
876,COEA1_HUMAN,To_add,,Collagen,876
877,ACHB3_HUMAN,To_add,,,877
878,VMAT2_HUMAN,TO ANNOTATE,TO ANNOTATE,TO ANNOTATE,878
879,TYRO3_HUMAN,To_add,,,879
880,APLP2_HUMAN,TO ANNOTATE,TO ANNOTATE,TO ANNOTATE,880
881,ST2A1_HUMAN,TO ANNOTATE,TO ANNOTATE,TO ANNOTATE,881
882,TNFC_HUMAN,To_add,,ligandIUPHAR,882
883,ACHD_HUMAN,TO ANNOTATE,TO ANNOTATE,TO ANNOTATE,883
884,TNR9_HUMAN,To_add,,TNF_receptor_add (uniprot),884
885,COGA1_HUMAN,To_add,,Collagen,885
886,CXCL9_HUMAN,To_add,,,886
887,NKG2E_HUMAN,To_add,,KLR_add (uniprot),887
888,PPARA_HUMAN,To_add,,,888
889,I10R2_HUMAN,To_add,,cytokine_receptor,889
890,DSC1_HUMAN,To_add,,desmosome junctions,890
891,CD47_HUMAN,To_comment,Receptor_add | Extracellular_add,,891
892,FGL1_HUMAN,To_add,,,892
893,APOBR_HUMAN,To_add,,,893
894,BST2_HUMAN,To_add,,,894
895,CNTN1_HUMAN,To_add,,,895
896,MERTK_HUMAN,To_add,,Iglike,896
897,NMDE1_HUMAN,TO ANNOTATE,TO ANNOTATE,TO ANNOTATE,897
898,KLRB1_HUMAN,To_add | To_comment,Extracellular_add,KLR_add (uniprot),898
899,GRIK2_HUMAN,TO ANNOTATE,TO ANNOTATE,TO ANNOTATE,899
900,GRIK3_HUMAN,TO ANNOTATE,TO ANNOTATE,TO ANNOTATE,900
901,IL24_HUMAN,To_add,,,901
902,NR1H3_HUMAN,To_add,,,902
903,NMDE2_HUMAN,TO ANNOTATE,TO ANNOTATE,TO ANNOTATE,903
904,KLRD1_HUMAN,To_add,,KLR_add (uniprot),904
905,GRM1_HUMAN,TO ANNOTATE,TO ANNOTATE,TO ANNOTATE,905
906,PD2R_HUMAN,To_add,,,906
907,I15RA_HUMAN,To_add,,Cytokine_receptor (uniprot),907
908,SEM3F_HUMAN,To_add,,,908
909,GPR17_HUMAN,To_add,,,909
910,CRFR2_HUMAN,To_add,,,910
911,PTPRS_HUMAN,To_add,,Iglike,911
912,ITAD_HUMAN,To_add,,Integrin,912
913,FZD5_HUMAN,To_comment,Extracellular_add,,913
914,MADCA_HUMAN,To_add | To_comment,extracellular_add,ligandIUPHAR,914
915,IL18R_HUMAN,To_add,,Iglike,915
916,PNOC_HUMAN,To_add,,,916
917,SEM5A_HUMAN,To_add | To_comment,,Ligand for receptor PLXNB3. (uniprot),917
918,PTC1_HUMAN,TO ANNOTATE,TO ANNOTATE,TO ANNOTATE,918
919,5HT4R_HUMAN,To_add,,,919
920,I10R1_HUMAN,To_add,,cytokine_receptor,920
921,ITA7_HUMAN,To_add | To_comment,Adhesion_add,Migration | Adhesion_add (uniprot),921
922,AVR2B_HUMAN,To_add,,IUPHAR,922
923,CD166_HUMAN,To_comment,Extracellular_add,,923
924,ITA9_HUMAN,To_add,,Integrin,924
925,BMPR2_HUMAN,To_add,,,925
926,CO4A6_HUMAN,To_add,,Collagen,926
927,CO9A3_HUMAN,To_add,,Collagen,927
928,CO9A2_HUMAN,To_add,,Collagen,928
929,LRP8_HUMAN,To_add,,,929
930,IL18_HUMAN,To_add,,,930
931,DAG1_HUMAN,TO ANNOTATE,TO ANNOTATE,TO ANNOTATE,931
932,DSG2_HUMAN,To_add,,desmosome junctions,932
933,IL27B_HUMAN,To_add,,,933
934,SELPL_HUMAN,To_add,,calcium-dependent interactions with E-,934
935,FZD2_HUMAN,To_comment,Extracellular_add,,935
936,GAS6_HUMAN,To_add,,,936
937,GRM2_HUMAN,TO ANNOTATE,TO ANNOTATE,TO ANNOTATE,937
938,S29A2_HUMAN,TO ANNOTATE,TO ANNOTATE,TO ANNOTATE,938
939,SEM3A_HUMAN,To_add,,,939
940,DSC3_HUMAN,To_add,,desmosome junctions,940
941,IHH_HUMAN,To_add,,,941
942,I11RA_HUMAN,To_add,,cytokine_receptor,942
943,I13R2_HUMAN,To_add,,cytokine_receptor,943
944,ICAM4_HUMAN,To_add,,,944
945,GRM7_HUMAN,TO ANNOTATE,TO ANNOTATE,TO ANNOTATE,945
946,GRM3_HUMAN,TO ANNOTATE,TO ANNOTATE,TO ANNOTATE,946
947,GRM4_HUMAN,TO ANNOTATE,TO ANNOTATE,TO ANNOTATE,947
948,PTGR1_HUMAN,TO ANNOTATE,TO ANNOTATE,TO ANNOTATE,948
949,KI3S1_HUMAN,To_add,,,949
950,NMDE3_HUMAN,TO ANNOTATE,TO ANNOTATE,TO ANNOTATE,950
951,COJA1_HUMAN,To_add,,Collagen,951
952,PDCD1_HUMAN,To_add | To_comment,Iglike | Receptor | Extracellular_add,Uniprot description,952
953,TEBP_HUMAN,TO ANNOTATE,TO ANNOTATE,TO ANNOTATE,953
954,PVRL1_HUMAN,To_add,,,954
955,ERBB4_HUMAN,To_add,,Migration,955
956,EPHA7_HUMAN,To_comment,Adhesion_add,,956
957,ANGP1_HUMAN,To_add,,,957
958,DHC24_HUMAN,TO ANNOTATE,TO ANNOTATE,TO ANNOTATE,958
959,SHH_HUMAN,To_add,,,959
960,LT4R1_HUMAN,To_add,,,960
961,KISS1_HUMAN,TO ANNOTATE,TO ANNOTATE,TO ANNOTATE,961
962,AAAT_HUMAN,To_add,,,962
963,NPY5R_HUMAN,TO ANNOTATE,TO ANNOTATE,TO ANNOTATE,963
964,CD226_HUMAN,To_comment,Extracellular_add,,964
965,EFNB3_HUMAN,To_add,,ligandIUPHAR,965
966,ACHA2_HUMAN,To_add,,,966
967,ACHA6_HUMAN,To_add,,,967
968,ADIPO_HUMAN,To_add,,,968
969,GRIK4_HUMAN,TO ANNOTATE,TO ANNOTATE,TO ANNOTATE,969
970,NTRK3_HUMAN,To_add,,Iglike,970
971,GBRA6_HUMAN,TO ANNOTATE,TO ANNOTATE,TO ANNOTATE,971
972,GRIK5_HUMAN,TO ANNOTATE,TO ANNOTATE,TO ANNOTATE,972
973,IL17_HUMAN,To_add,,,973
974,ACKR1_HUMAN,To_add,,Atypical chemokine receptor (uniprot),974
975,VACHT_HUMAN,TO ANNOTATE,TO ANNOTATE,TO ANNOTATE,975
976,C3AR_HUMAN,To_add,,,976
977,CALRL_HUMAN,To_add,,,977
978,NTRK2_HUMAN,To_add,,,978
979,CCL14_HUMAN,To_add,,,979
980,PTGIS_HUMAN,TO ANNOTATE,TO ANNOTATE,TO ANNOTATE,980
981,CCL15_HUMAN,To_add,,,981
982,AMHR2_HUMAN,To_add,,receptor complex (uniprot),982
983,LAMA3_HUMAN,To_add,,laminin,983
984,LTC4S_HUMAN,TO ANNOTATE,TO ANNOTATE,TO ANNOTATE,984
985,COOA1_HUMAN,To_add,,Collagen,985
986,MICB_HUMAN,To_comment,Extracellular_add,,986
987,MICA_HUMAN,To_add,,,987
988,RSPO4_HUMAN,To_add,,,988
989,RSPO1_HUMAN,To_add,,,989
990,COSA1_HUMAN,To_add,,Collagen,990
991,HFE_HUMAN,To_add,,HLA,991
992,TIGIT_HUMAN,To_comment,Extracellular_add,,992
993,CDON_HUMAN,To_add,,,993
994,DHB12_HUMAN,TO ANNOTATE,TO ANNOTATE,TO ANNOTATE,994
995,NMS_HUMAN,TO ANNOTATE,TO ANNOTATE,TO ANNOTATE,995
996,TRML2_HUMAN,To_add,,,996
997,SFRP5_HUMAN,To_add,,,997
998,ARTN_HUMAN,To_add,,,998
999,CODA1_HUMAN,To_add,,Collagen,999
1000,IL23R_HUMAN,To_add,,,1000
1001,C1QL3_HUMAN,TO ANNOTATE,TO ANNOTATE,TO ANNOTATE,1001
1002,RET1L_HUMAN,To_add,,,1002
1003,CD276_HUMAN,To_add | To_comment,,Iglike | Possible_receptor,1003
1004,NR3L1_HUMAN,To_comment,Extracellular_add,,1004
1005,VASN_HUMAN,TO ANNOTATE,TO ANNOTATE,TO ANNOTATE,1005
1006,SFRP4_HUMAN,To_add,,,1006
1007,LAIR1_HUMAN,To_add,,,1007
1008,RET1G_HUMAN,To_add,,,1008
1009,SIGIR_HUMAN,To_add,,Iglike,1009
1010,GDF6_HUMAN,To_add,,,1010
1011,TEN4_HUMAN,TO ANNOTATE,TO ANNOTATE,TO ANNOTATE,1011
1012,CGB2_HUMAN,TO ANNOTATE,TO ANNOTATE,TO ANNOTATE,1012
1013,FDX2_HUMAN,TO ANNOTATE,TO ANNOTATE,TO ANNOTATE,1013
1014,LRFN4_HUMAN,TO ANNOTATE,TO ANNOTATE,TO ANNOTATE,1014
1015,CSPG4_HUMAN,To_add,,Migration,1015
1016,CLC2A_HUMAN,To_comment,Extracellular_add,,1016
1017,IGFL1_HUMAN,To_add,,,1017
1018,EPGN_HUMAN,To_add,,,1018
1019,I27RA_HUMAN,To_add,,cytokine_receptor,1019
1020,CJ099_HUMAN,To_add,,,1020
1021,IGFL2_HUMAN,To_add,,,1021
1022,IGFL3_HUMAN,To_add,,,1022
1023,PI16_HUMAN,TO ANNOTATE,TO ANNOTATE,TO ANNOTATE,1023
1024,I20RB_HUMAN,To_add,,cytokine_receptor,1024
1025,RSPO2_HUMAN,To_add,,,1025
1026,UNC5D_HUMAN,To_add,,,1026
1027,NPSR1_HUMAN,To_add,,,1027
1028,SOSD1_HUMAN,To_add,,,1028
1029,NSMF_HUMAN,To_add,,,1029
1030,SIG15_HUMAN,To_add | To_comment,Adhesion_add,Iglike,1030
1031,SCAR5_HUMAN,To_add,,,1031
1032,IL34_HUMAN,To_add,,,1032
1033,UNC5A_HUMAN,To_add,,,1033
1034,5HT3D_HUMAN,To_add,,,1034
1035,UTS2B_HUMAN,To_add,,,1035
1036,S29A4_HUMAN,TO ANNOTATE,TO ANNOTATE,TO ANNOTATE,1036
1037,CTSR4_HUMAN,To_add,,,1037
1038,ADM2_HUMAN,To_add,,,1038
1039,GDF7_HUMAN,To_add,,,1039
1040,F19A5_HUMAN,To_add,,,1040
1041,F19A1_HUMAN,To_add,,,1041
1042,C1QL2_HUMAN,TO ANNOTATE,TO ANNOTATE,TO ANNOTATE,1042
1043,BMP8A_HUMAN,To_add,,,1043
1044,BTLA_HUMAN,To_add,extracellular_add,ligandIUPHAR,1044
1045,AGRG6_HUMAN,TO ANNOTATE,TO ANNOTATE,TO ANNOTATE,1045
1046,LRRT1_HUMAN,TO ANNOTATE,TO ANNOTATE,TO ANNOTATE,1046
1047,ADR2_HUMAN,To_add,,,1047
1048,LRRT4_HUMAN,TO ANNOTATE,TO ANNOTATE,TO ANNOTATE,1048
1049,LRRT3_HUMAN,TO ANNOTATE,TO ANNOTATE,TO ANNOTATE,1049
1050,IFNE_HUMAN,To_add,,,1050
1051,CTSRD_HUMAN,To_add,,,1051
1052,CTSR3_HUMAN,To_add,,,1052
1053,TM219_HUMAN,To_add,,,1053
1054,JAML_HUMAN,TO ANNOTATE,TO ANNOTATE,TO ANNOTATE,1054
1055,GPHB5_HUMAN,To_add,,,1055
1056,KLOTB_HUMAN,To_add,,,1056
1057,C1QL4_HUMAN,TO ANNOTATE,TO ANNOTATE,TO ANNOTATE,1057
1058,IFNL1_HUMAN,To_add,,,1058
1059,INLR1_HUMAN,To_add,,cytokine_receptor,1059
1060,HUNIN_HUMAN,To_remove,,no ensembl,1060
1061,SLIK4_HUMAN,TO ANNOTATE,TO ANNOTATE,TO ANNOTATE,1061
1062,TPH2_HUMAN,TO ANNOTATE,TO ANNOTATE,TO ANNOTATE,1062
1063,CORA1_HUMAN,To_add,,Collagen,1063
1064,IFNL3_HUMAN,To_add,,,1064
1065,IFNL2_HUMAN,To_add,,,1065
1066,UNC5B_HUMAN,To_add,,,1066
1067,NLGNX_HUMAN,TO ANNOTATE,TO ANNOTATE,TO ANNOTATE,1067
1068,KI2LA_HUMAN,TO ANNOTATE,TO ANNOTATE,TO ANNOTATE,1068
1069,CADM3_HUMAN,To_add,,,1069
1070,NLGN1_HUMAN,TO ANNOTATE,TO ANNOTATE,TO ANNOTATE,1070
1071,LIRB2_HUMAN,To_add,,Iglike,1071
1072,SFRP1_HUMAN,To_add,,,1072
1073,I22R1_HUMAN,To_add,,cytokine_receptor,1073
1074,CD177_HUMAN,To_comment,Adhesion_add,,1074
1075,NPW_HUMAN,To_add,,,1075
1076,I17RC_HUMAN,To_add,,,1076
1077,DGLB_HUMAN,To_add,,,1077
1078,KREM2_HUMAN,TO ANNOTATE,TO ANNOTATE,TO ANNOTATE,1078
1079,VGLU3_HUMAN,TO ANNOTATE,TO ANNOTATE,TO ANNOTATE,1079
1080,CTSR1_HUMAN,To_add,,,1080
1081,ACV1C_HUMAN,To_add,,Receptor for activin AB,1081
1082,IL27A_HUMAN,To_add,,,1082
1083,PKR2_HUMAN,To_add,,,1083
1084,I17RE_HUMAN,To_add,,,1084
1085,COMA1_HUMAN,To_add,,Collagen,1085
1086,SEM6D_HUMAN,To_add,,Possible_receptor,1086
1087,NLGNY_HUMAN,TO ANNOTATE,TO ANNOTATE,TO ANNOTATE,1087
1088,NLGN2_HUMAN,TO ANNOTATE,TO ANNOTATE,TO ANNOTATE,1088
1089,CADM4_HUMAN,To_add,,Iglike,1089
1090,NPB_HUMAN,To_add,,,1090
1091,LIRB4_HUMAN,To_add,,,1091
1092,LIRB1_HUMAN,To_add,,,1092
1093,PXL2B_HUMAN,TO ANNOTATE,TO ANNOTATE,TO ANNOTATE,1093
1094,PKR1_HUMAN,To_add,,,1094
1095,N2DL4_HUMAN,To_add,,Binds and activates the KLRK1/NKG2D receptor (uniprot),1095
1096,MO2R1_HUMAN,To_add,,,1096
1097,HAVR2_HUMAN,To_add | To_comment,Receptor_add | Extracellular_add,Iglike. Cell surface receptor implicated in modulating innate and adaptive immune responses (uniprot),1097
1098,OXER1_HUMAN,To_add,,,1098
1099,RL3R2_HUMAN,To_add,,,1099
1100,GP151_HUMAN,To_add,,,1100
1101,UBS3B_HUMAN,TO ANNOTATE,TO ANNOTATE,TO ANNOTATE,1101
1102,S22AH_HUMAN,To_add,,,1102
1103,NRG4_HUMAN,To_add,,,1103
1104,IL1FA_HUMAN,To_add,,,1104
1105,5HT3C_HUMAN,To_add,,,1105
1106,RXFP2_HUMAN,To_add,,,1106
1107,REL3_HUMAN,To_add,,,1107
1108,CLC2B_HUMAN,To_add | To_comment,Extracellular_add,member of the C-type lectin/C-type lectin-like domain (CTL/CTLD) superfamily. NK cell signalling. Reviewed in PMID:24987108,1108
1109,CCL17_HUMAN,To_add,,,1109
1110,LPAR1_HUMAN,TO ANNOTATE,TO ANNOTATE,TO ANNOTATE,1110
1111,SORL_HUMAN,To_add,,Likely to be a multifunctional endocytic receptor (uniprot),1111
1112,PVRL2_HUMAN,To_comment,Extracellular_add,,1112
1113,ESR2_HUMAN,To_add,,,1113
1114,RORB_HUMAN,To_add,,,1114
1115,SFRP3_HUMAN,To_add,,,1115
1116,NRCAM_HUMAN,TO ANNOTATE,TO ANNOTATE,TO ANNOTATE,1116
1117,GHSR_HUMAN,TO ANNOTATE,TO ANNOTATE,TO ANNOTATE,1117
1118,SEM4D_HUMAN,To_add,,,1118
1119,GSLG1_HUMAN,To_add | To_comment,transmembrane_add | extracellular_add,Uniprot: Binds E-selectin,1119
1120,TNR14_HUMAN,To_add,,TNF_receptor_add (uniprot),1120
1121,TNR25_HUMAN,To_add,,,1121
1122,WNT2B_HUMAN,To_add,,,1122
1123,WNT8B_HUMAN,To_add,,,1123
1124,TSLP_HUMAN,To_add,,,1124
1125,UCN3_HUMAN,To_add,,,1125
1126,KISSR_HUMAN,TO ANNOTATE,TO ANNOTATE,TO ANNOTATE,1126
1127,MCHR2_HUMAN,To_add,,,1127
1128,ADR1_HUMAN,To_add,,,1128
1129,COQA1_HUMAN,To_add,,Collagen,1129
1130,TIP39_HUMAN,To_add,,,1130
1131,ESAM_HUMAN,To_add,,,1131
1132,NXNL1_HUMAN,To_add,,,1132
1133,KLRG1_HUMAN,To_add,,,1133
1134,NTCP4_HUMAN,TO ANNOTATE,TO ANNOTATE,TO ANNOTATE,1134
1135,I17RA_HUMAN,To_add,,,1135
1136,SFRP2_HUMAN,To_add,,,1136
1137,SIG10_HUMAN,To_add,,Sialic acid-binding Ig-like,1137
1138,F19A4_HUMAN,To_add,,,1138
1139,ROBO3_HUMAN,To_add,,Iglike,1139
1140,KREM1_HUMAN,TO ANNOTATE,TO ANNOTATE,TO ANNOTATE,1140
1141,LRFN5_HUMAN,TO ANNOTATE,TO ANNOTATE,TO ANNOTATE,1141
1142,PVRL4_HUMAN,To_add,,,1142
1143,COLA1_HUMAN,To_add,,Collagen,1143
1144,CTSR2_HUMAN,To_add,,,1144
1145,QRFPR_HUMAN,TO ANNOTATE,TO ANNOTATE,TO ANNOTATE,1145
1146,GNRR2_HUMAN,To_remove,,no ensembl,1146
1147,IL17F_HUMAN,To_add,,,1147
1148,AGRA2_HUMAN,TO ANNOTATE,TO ANNOTATE,TO ANNOTATE,1148
1149,SLIK1_HUMAN,TO ANNOTATE,TO ANNOTATE,TO ANNOTATE,1149
1150,HHIP_HUMAN,To_add,,,1150
1151,PAR4_HUMAN,TO ANNOTATE,TO ANNOTATE,TO ANNOTATE,1151
1152,NR1H4_HUMAN,To_add,,,1152
1153,TAAR1_HUMAN,TO ANNOTATE,TO ANNOTATE,TO ANNOTATE,1153
1154,TR13C_HUMAN,To_add,,TNF_receptor_add (uniprot),1154
1155,UCN2_HUMAN,To_add,,,1155
1156,NODAL_HUMAN,To_add,,,1156
1157,GPHA2_HUMAN,To_add,,,1157
1158,CSF3R_HUMAN,To_add,,,1158
1159,HBEGF_HUMAN,To_add,,,1159
1160,DCE1_HUMAN,TO ANNOTATE,TO ANNOTATE,TO ANNOTATE,1160
1161,NELL2_HUMAN,To_add,,,1161
1162,NOTC4_HUMAN,To_add,,,1162
1163,SORT_HUMAN,To_add,,,1163
1164,GPER1_HUMAN,To_add,,,1164
1165,CCL13_HUMAN,To_add,,,1165
1166,OSMR_HUMAN,To_add,,cytokine_receptor,1166
1167,I12R2_HUMAN,To_add,,cytokine_receptor,1167
1168,MCHR1_HUMAN,To_add,,,1168
1169,COCA1_HUMAN,To_add,,Collagen,1169
1170,CCL19_HUMAN,To_add,,,1170
1171,NRTN_HUMAN,To_add,,,1171
1172,CML1_HUMAN,To_add,,,1172
1173,S29A1_HUMAN,TO ANNOTATE,TO ANNOTATE,TO ANNOTATE,1173
1174,RARR2_HUMAN,To_add,,,1174
1175,OMD_HUMAN,To_add,,,1175
1176,SEM3C_HUMAN,To_add,,,1176
1177,DHRS9_HUMAN,TO ANNOTATE,TO ANNOTATE,TO ANNOTATE,1177
1178,PD1L2_HUMAN,To_comment,Extracellular_add,,1178
1179,CSTN3_HUMAN,TO ANNOTATE,TO ANNOTATE,TO ANNOTATE,1179
1180,SPXN_HUMAN,To_add,,,1180
1181,BOC_HUMAN,To_add,,,1181
1182,JAM3_HUMAN,To_add,,,1182
1183,STRA6_HUMAN,To_add,,,1183
1184,LGR4_HUMAN,To_add,,,1184
1185,AMNLS_HUMAN,To_add,,,1185
1186,RSPO3_HUMAN,To_add,,,1186
1187,CADM1_HUMAN,To_comment,Extracellular_add,,1187
1188,S29A3_HUMAN,TO ANNOTATE,TO ANNOTATE,TO ANNOTATE,1188
1189,N2DL3_HUMAN,To_comment,Extracellular_add,,1189
1190,N2DL2_HUMAN,To_add,,,1190
1191,N2DL1_HUMAN,To_comment,Receptor_add | Extracellular_add,,1191
1192,RTN4R_HUMAN,TO ANNOTATE,TO ANNOTATE,TO ANNOTATE,1192
1193,CD244_HUMAN,To_comment,Extracellular_add,,1193
1194,SN_HUMAN,To_add,,Sialic acid-binding Ig-like,1194
1195,SEM4C_HUMAN,To_comment,Receptor_add,,1195
1196,PDGFD_HUMAN,To_add,,,1196
1197,NMUR2_HUMAN,To_add,,,1197
1198,NPFF1_HUMAN,TO ANNOTATE,TO ANNOTATE,TO ANNOTATE,1198
1199,WN10A_HUMAN,To_add,,,1199
1200,SC5A7_HUMAN,TO ANNOTATE,TO ANNOTATE,TO ANNOTATE,1200
1201,FGF23_HUMAN,To_add,,,1201
1202,IL22_HUMAN,To_add,,,1202
1203,GFRA4_HUMAN,To_add,,,1203
1204,SLIK2_HUMAN,TO ANNOTATE,TO ANNOTATE,TO ANNOTATE,1204
1205,WNT8A_HUMAN,To_add,,,1205
1206,WNT5B_HUMAN,To_add,,,1206
1207,IL25_HUMAN,To_add,,,1207
1208,CXL16_HUMAN,To_add,,,1208
1209,SEM6A_HUMAN,To_add,,Possible_receptor,1209
1210,CLC4M_HUMAN,To_add,,,1210
1211,HRH4_HUMAN,To_add,,,1211
1212,SEM4A_HUMAN,To_add,,,1212
1213,FZD8_HUMAN,To_comment,Extracellular_add,,1213
1214,DPEP2_HUMAN,TO ANNOTATE,TO ANNOTATE,TO ANNOTATE,1214
1215,DPEP3_HUMAN,TO ANNOTATE,TO ANNOTATE,TO ANNOTATE,1215
1216,CSTN2_HUMAN,TO ANNOTATE,TO ANNOTATE,TO ANNOTATE,1216
1217,E41L1_HUMAN,To_add,,,1217
1218,VIAAT_HUMAN,TO ANNOTATE,TO ANNOTATE,TO ANNOTATE,1218
1219,SLIK6_HUMAN,TO ANNOTATE,TO ANNOTATE,TO ANNOTATE,1219
1220,IGFR1_HUMAN,To_add,,,1220
1221,VISTA_HUMAN,TO ANNOTATE,TO ANNOTATE,TO ANNOTATE,1221
1222,CTSRB_HUMAN,TO ANNOTATE,TO ANNOTATE,TO ANNOTATE,1222
1223,PGES2_HUMAN,TO ANNOTATE,TO ANNOTATE,TO ANNOTATE,1223
1224,PORED_HUMAN,TO ANNOTATE,TO ANNOTATE,TO ANNOTATE,1224
1225,AGRL3_HUMAN,TO ANNOTATE,TO ANNOTATE,TO ANNOTATE,1225
1226,ILRL2_HUMAN,To_add,,Iglike,1226
1227,NET4_HUMAN,To_add,,,1227
1228,NMUR1_HUMAN,To_add,,,1228
1229,IL21_HUMAN,To_add,,,1229
1230,IL21R_HUMAN,To_add,,cytokine_receptor,1230
1231,LPAR2_HUMAN,TO ANNOTATE,TO ANNOTATE,TO ANNOTATE,1231
1232,LGR6_HUMAN,To_add,,,1232
1233,RXFP1_HUMAN,To_add,,,1233
1234,PROK2_HUMAN,To_add,,,1234
1235,CRLF2_HUMAN,To_add,,,1235
1236,LRC4C_HUMAN,TO ANNOTATE,TO ANNOTATE,TO ANNOTATE,1236
1237,ROBO2_HUMAN,To_add | To_comment,Receptor_add,Iglike | Receptor_add,1237
1238,PLXA4_HUMAN,To_add,,,1238
1239,FGF22_HUMAN,To_add,,,1239
1240,CD248_HUMAN,TO ANNOTATE,TO ANNOTATE,TO ANNOTATE,1240
1241,NRX3B_HUMAN,TO ANNOTATE,TO ANNOTATE,TO ANNOTATE,1241
1242,CD209_HUMAN,To_add,,,1242
1243,TNR12_HUMAN,To_add,,TNF_receptor_add (uniprot),1243
1244,FGF20_HUMAN,To_add,,,1244
1245,ACKR4_HUMAN,To_add,,,1245
1246,LT4R2_HUMAN,To_add,,,1246
1247,CD320_HUMAN,TO ANNOTATE,TO ANNOTATE,TO ANNOTATE,1247
1248,IL23A_HUMAN,To_add,,,1248
1249,FZD3_HUMAN,To_comment,Extracellular_add,,1249
1250,IL1AP_HUMAN,To_add,,,1250
1251,IL26_HUMAN,To_add,,,1251
1252,C1QR1_HUMAN,TO ANNOTATE,TO ANNOTATE,TO ANNOTATE,1252
1253,PVRL3_HUMAN,To_comment,Extracellular_add,,1253
1254,GDF3_HUMAN,To_add,,,1254
1255,DLL4_HUMAN,To_comment,extracellular_add,ligandIUPHAR,1255
1256,TLR8_HUMAN,To_add,,TLR (uniprot),1256
1257,PDGFC_HUMAN,To_add,,,1257
1258,CCL28_HUMAN,To_add,,,1258
1259,I17RB_HUMAN,To_add,,,1259
1260,HEBP1_HUMAN,To_add | To_comment,transmembrane_add | extracellular_add,"Genecards: This protein includes a natural chemoattractant peptide of 21 amino acids at the N-terminus, which is a natural ligand for formyl peptide receptor-like receptor 2 (FPRL2) ",1260
1261,CLTR2_HUMAN,To_add,,,1261
1262,FGF21_HUMAN,To_add,,,1262
1263,S6A13_HUMAN,TO ANNOTATE,TO ANNOTATE,TO ANNOTATE,1263
1264,RL3R1_HUMAN,To_add,,,1264
1265,TEN2_HUMAN,TO ANNOTATE,TO ANNOTATE,TO ANNOTATE,1265
1266,LRC4B_HUMAN,TO ANNOTATE,TO ANNOTATE,TO ANNOTATE,1266
1267,SEM4G_HUMAN,To_add,,Possible_receptor,1267
1268,DLL3_HUMAN,To_add | To_comment,transmembrane_add | extracellular_add,,1268
1269,CELR3_HUMAN,TO ANNOTATE,TO ANNOTATE,TO ANNOTATE,1269
1270,IL20_HUMAN,To_add,,,1270
1271,PDXL2_HUMAN,To_add,,Acts as a ligand for vascular selectins. (uniprot),1271
1272,NLGN3_HUMAN,TO ANNOTATE,TO ANNOTATE,TO ANNOTATE,1272
1273,TREM2_HUMAN,To_add,,,1273
1274,IL37_HUMAN,To_add,,,1274
1275,IL36B_HUMAN,To_add,,,1275
1276,IL36G_HUMAN,To_add,,,1276
1277,IRPL1_HUMAN,TO ANNOTATE,TO ANNOTATE,TO ANNOTATE,1277
1278,PD1L1_HUMAN,To_comment,extracellular_add,ligandIUPHAR,1278
1279,KLRF1_HUMAN,To_add | To_comment,Extracellular_add,KLR_add (uniprot),1279
1280,FLRT3_HUMAN,TO ANNOTATE,TO ANNOTATE,TO ANNOTATE,1280
1281,FLRT1_HUMAN,TO ANNOTATE,TO ANNOTATE,TO ANNOTATE,1281
1282,IL17C_HUMAN,To_add,,,1282
1283,IFNK_HUMAN,To_add,,,1283
1284,SIRPG_HUMAN,To_add,,Iglike,1284
1285,COKA1_HUMAN,To_add,,Collagen,1285
1286,TEN3_HUMAN,TO ANNOTATE,TO ANNOTATE,TO ANNOTATE,1286
1287,C5AR2_HUMAN,To_add,,,1287
1288,VGLU1_HUMAN,TO ANNOTATE,TO ANNOTATE,TO ANNOTATE,1288
1289,VGLU2_HUMAN,TO ANNOTATE,TO ANNOTATE,TO ANNOTATE,1289
1290,GALP_HUMAN,To_add,,,1290
1291,XCL2_HUMAN,To_add,,,1291
1292,CLCF1_HUMAN,To_add,,,1292
1293,I36RA_HUMAN,To_add,,,1293
1294,HCST_HUMAN,To_add,,Transmembrane adapter protein (uniprot),1294
1295,DHCR7_HUMAN,TO ANNOTATE,TO ANNOTATE,TO ANNOTATE,1295
1296,TR10D_HUMAN,To_add,,TNF_receptor_add (uniprot),1296
1297,GABR1_HUMAN,TO ANNOTATE,TO ANNOTATE,TO ANNOTATE,1297
1298,DKK2_HUMAN,To_add,,,1298
1299,GHRL_HUMAN,To_add,,,1299
1300,WNT16_HUMAN,To_add,,,1300
1301,LPAR3_HUMAN,TO ANNOTATE,TO ANNOTATE,TO ANNOTATE,1301
1302,KLOT_HUMAN,To_add,,,1302
1303,SUSD2_HUMAN,To_add,,,1303
1304,IL36A_HUMAN,To_add,,,1304
1305,IL19_HUMAN,To_add,,,1305
1306,TKNK_HUMAN,To_add,,,1306
1307,I20RA_HUMAN,To_add,,cytokine_receptor,1307
1308,CLC2D_HUMAN,To_comment,Extracellular_add,,1308
1309,AGRE2_HUMAN,TO ANNOTATE,TO ANNOTATE,TO ANNOTATE,1309
1310,GLSL_HUMAN,TO ANNOTATE,TO ANNOTATE,TO ANNOTATE,1310
1311,PLXA1_HUMAN,To_add,,,1311
1312,GDF2_HUMAN,To_add,,,1312
1313,PILRA_HUMAN,To_add,,,1313
1314,UR2R_HUMAN,To_add,,,1314
1315,ITA11_HUMAN,To_add,,Integrin (uniprot),1315
1316,TEN1_HUMAN,TO ANNOTATE,TO ANNOTATE,TO ANNOTATE,1316
1317,NRX1A_HUMAN,TO ANNOTATE,TO ANNOTATE,TO ANNOTATE,1317
1318,CADH7_HUMAN,To_add,,Cadherin,1318
1319,PLXB3_HUMAN,To_add,,,1319
1320,FZD4_HUMAN,To_comment,Extracellular_add,,1320
1321,FZD10_HUMAN,To_comment,Extracellular_add,,1321
1322,APEL_HUMAN,To_add,,,1322
1323,NOTC3_HUMAN,To_add,,,1323
1324,ALK_HUMAN,To_add,,,1324
1325,COHA1_HUMAN,To_add,,Collagen,1325
1326,GBRT_HUMAN,TO ANNOTATE,TO ANNOTATE,TO ANNOTATE,1326
1327,TNF18_HUMAN,To_add,,cytokine,1327
1328,EPCR_HUMAN,To_add,,Endothelial protein C receptor (uniprot),1328
1329,FZD1_HUMAN,To_comment,Extracellular_add,,1329
1330,TFR2_HUMAN,To_add,,,1330
1331,JAG2_HUMAN,To_add | To_comment,transmembrane_add | extracellular_add,Uniprot:Putative Notch ligand involved in the mediation of Notch signaling.,1331
1332,CCL26_HUMAN,To_add,,,1332
1333,ANGP4_HUMAN,To_add,,,1333
1334,CLTR1_HUMAN,To_add,,,1334
1335,TN13B_HUMAN,To_add,,,1335
1336,GPR55_HUMAN,To_add,,,1336
1337,SC6A5_HUMAN,TO ANNOTATE,TO ANNOTATE,TO ANNOTATE,1337
1338,DGLA_HUMAN,To_add,,,1338
1339,PLXD1_HUMAN,To_add,,,1339
1340,CCL27_HUMAN,To_add,,,1340
1341,HRH3_HUMAN,To_add,,,1341
1342,INSL5_HUMAN,To_add,,,1342
1343,TNR18_HUMAN,To_add,,,1343
1344,WIF1_HUMAN,To_add,,,1344
1345,NPFF2_HUMAN,TO ANNOTATE,TO ANNOTATE,TO ANNOTATE,1345
1346,PD2R2_HUMAN,To_add,,,1346
1347,JAM1_HUMAN,To_comment,Extracellular_add,,1347
1348,AGRG1_HUMAN,TO ANNOTATE,TO ANNOTATE,TO ANNOTATE,1348
1349,PTC2_HUMAN,TO ANNOTATE,TO ANNOTATE,TO ANNOTATE,1349
1350,WNT6_HUMAN,To_add,,,1350
1351,CXA3_HUMAN,TO ANNOTATE,TO ANNOTATE,TO ANNOTATE,1351
1352,ROBO1_HUMAN,To_add,,,1352
1353,TNR11_HUMAN,To_add,,,1353
1354,ICOS_HUMAN,To_comment,Receptor_add,,1354
