id_protein,protein_name,tags,tags_reason,tags_description,protein_multidata_id
0,ESR1_HUMAN,,,,0
1,RORB_HUMAN,,,,1
2,ABCA1_HUMAN,,,,2
3,NR1H3_HUMAN,,,,3
4,GCR_HUMAN,,,,4
5,TAFA5_HUMAN,,,,5
6,PROCR_HUMAN,,,,6
7,TAFA4_HUMAN,,,,7
8,G37L1_HUMAN,,,,8
9,NR1H4_HUMAN,,,,9
10,AMRP_HUMAN,,,,10
11,RENR_HUMAN,,,,11
12,ANDR_HUMAN,,,,12
13,NXNL1_HUMAN,,,,13
14,NR1H2_HUMAN,,,,14
15,RORA_HUMAN,,,,15
16,THA_HUMAN,,,,16
17,RORG_HUMAN,,,,17
18,GP15L_HUMAN,,,,18
19,TSP2_HUMAN,,,,19
20,FRIH_HUMAN,,,,20
21,MCR_HUMAN,,,,21
22,PPARG_HUMAN,,,,22
23,PRGR_HUMAN,,,,23
24,THB_HUMAN,,,,24
25,FRIL_HUMAN,,,,25
26,PPARD_HUMAN,,,,26
27,NR1I2_HUMAN,,,,27
28,ESR2_HUMAN,,,,28
29,TAFA1_HUMAN,,,,29
30,VDR_HUMAN,,,,30
31,PPARA_HUMAN,,,,31
32,5HT3E_HUMAN,,,,32
33,CO6A6_HUMAN,,,Collagen,33
34,CO6A5_HUMAN,,,Collagen,34
35,KLRF2_HUMAN,To_comment,Extracellular_add,,35
36,HLAA,,,,36
37,HLAB,,,,37
38,HLAC,,,,38
39,SUPYN_HUMAN,,,retrovirus,39
40,FZD9_HUMAN,To_comment,Extracellular_add,,40
41,CCL24_HUMAN,,,,41
42,LEG9_HUMAN,To_comment,secretedhigh_add | peripheral_add,Ligand for HAVCR2/TIM3 (uniprot),42
43,TR10A_HUMAN,To_add,,TNF_receptor_add (uniprot),43
44,CORT_HUMAN,,,,44
45,BMR1B_HUMAN,,,,45
46,SIRB1_HUMAN,To_add | To_comment,Receptor_add,Iglike | Receptor_add,46
47,AGRP_HUMAN,,,,47
48,LFTY2_HUMAN,,,,48
49,TULP1_HUMAN,,,,49
50,TR11B_HUMAN,,,,50
51,CCRL2_HUMAN,,,,51
52,GFRA2_HUMAN,,,,52
53,AGRIN_HUMAN,,,,53
54,DLL1_HUMAN,,,,54
55,CXCR6_HUMAN,,,,55
56,RNT2_HUMAN,,,,56
57,CCL21_HUMAN,,,,57
58,ACKR2_HUMAN,,,,58
59,PODXL_HUMAN,,,Migration,59
60,CCL22_HUMAN,,,,60
61,WNT7A_HUMAN,,,,61
62,NRG2_HUMAN,,,,62
63,CXL11_HUMAN,,,,63
64,TR10B_HUMAN,To_add,,TNF_receptor_add (uniprot),64
65,NRP1_HUMAN,,,,65
66,TNF11_HUMAN,,,,66
67,GDF8_HUMAN,,,,67
68,TR10C_HUMAN,,,,68
69,TR13B_HUMAN,To_add,,TNF_family (uniprot),69
70,WNT9A_HUMAN,,,,70
71,WNT9B_HUMAN,,,,71
72,NCTR3_HUMAN,To_comment,Extracellular_add,,72
73,EREG_HUMAN,,,,73
74,PLXB2_HUMAN,,,,74
75,SEM3E_HUMAN,,,,75
76,ANGP2_HUMAN,,,,76
77,MUSK_HUMAN,,,,77
78,EPHB6_HUMAN,To_remove,,no ensembl,78
79,GPR37_HUMAN,,,,79
80,CCL25_HUMAN,,,,80
81,CCL16_HUMAN,,,,81
82,FGF10_HUMAN,,,,82
83,PLXB1_HUMAN,,,Migration,83
84,MTLR_HUMAN,,,,84
85,DHH_HUMAN,,,,85
86,TNF12_HUMAN,,,,86
87,GON2_HUMAN,,,,87
88,TNF14_HUMAN,,,,88
89,GALR2_HUMAN,,,,89
90,OREX_HUMAN,To_add | To_comment,secreted_add | extracellular_add,Genecards: hypothalamic neuropeptide precursor protein,90
91,OX1R_HUMAN,,,,91
92,OX2R_HUMAN,,,,92
93,TYOBP_HUMAN,To_add,,complex,93
94,VEGFD_HUMAN,,,,94
95,EFNA2_HUMAN,To_comment,extracellular_add,ligandIUPHAR,95
96,CXL13_HUMAN,,,,96
97,FGF17_HUMAN,,,,97
98,FZD6_HUMAN,To_comment,Extracellular_add,,98
99,GDF9_HUMAN,,,,99
100,NRP2_HUMAN,To_add | To_comment,secretedhigh_add,High affinity receptor for semaphorins | Growthfactor (uniprot),100
101,DSCAM_HUMAN,,,,101
102,PLXC1_HUMAN,To_add | To_comment,transmembrane_add | receptor_add | extracellular_add,"Uniprot: Receptor for SEMA7A, for smallpox semaphorin A39R, vaccinia virus semaphorin A39R and for herpesvirus Sema protein",102
103,CUBN_HUMAN,,,,103
104,PSPN_HUMAN,,,,104
105,GFRA3_HUMAN,,,,105
106,GALR3_HUMAN,,,,106
107,ETBR2_HUMAN,,,,107
108,RAMP1_HUMAN,To_add,,complex,108
109,RAMP2_HUMAN,To_add,,complex,109
110,RAMP3_HUMAN,,,,110
111,PLXA2_HUMAN,,,,111
112,FZD7_HUMAN,To_comment,Extracellular_add,,112
113,SLIT1_HUMAN,,,,113
114,LRP4_HUMAN,To_add,,ligandIUPHAR,114
115,ICOSL_HUMAN,To_add|To_comment,Extracellular_add,Iglike,115
116,LRP5_HUMAN,To_add | To_comment,extracellular_add,Component of the Wnt-Fzd-LRP5-LRP6 complex (uniprot),116
117,SEM7A_HUMAN,,,Possible_receptor,117
118,LGR5_HUMAN,,,,118
119,TNR21_HUMAN,,,,119
120,ITA10_HUMAN,To_add,,Integrin (uniprot),120
121,LRP6_HUMAN,,,,121
122,LFTY1_HUMAN,,,,122
123,TNF13_HUMAN,,,,123
124,SLIT2_HUMAN,,,,124
125,DKK1_HUMAN,,,,125
126,S1PR2_HUMAN,,,,126
127,TNF15_HUMAN,,,,127
128,UNC5C_HUMAN,,,,128
129,I18RA_HUMAN,To_add,,Iglike,129
130,5HT3B_HUMAN,,,,130
131,GDF11_HUMAN,,,,131
132,BMP10_HUMAN,,,,132
133,UTS2_HUMAN,,,,133
134,TNF6B_HUMAN,,,,134
135,NET1_HUMAN,,,,135
136,CXL14_HUMAN,,,,136
137,CRTAM_HUMAN,To_add | To_comment,Extracellular_add,Iglike | Possible_receptor,137
138,FGF19_HUMAN,,,,138
139,IL33_HUMAN,,,,139
140,GPR75_HUMAN,,,,140
141,CER1_HUMAN,,,,141
142,GLP2R_HUMAN,,,,142
143,BY55_HUMAN,,,,143
144,BMP15_HUMAN,,,,144
145,WNT11_HUMAN,,,,145
146,EGFR_HUMAN,,,,146
147,THRB_HUMAN,,,,147
148,FA10_HUMAN,,,,148
149,PLMN_HUMAN,,,,149
150,UROK_HUMAN,,,,150
151,RENI_HUMAN,,,,151
152,ANGT_HUMAN,,,,152
153,CO3_HUMAN,,,,153
154,CO5_HUMAN,,,,154
155,KNG1_HUMAN,,,,155
156,PDGFB_HUMAN,,,,156
157,EGF_HUMAN,To_add | To_comment,secreted_add | secreted_high| extracellular _add,Uniprot: EGF stimulates the growth of various epidermal and epithelial tissues in vivo and in vitro and of some fibroblasts in cell culture.,157
158,TGFA_HUMAN,,,,158
159,TGFB1_HUMAN,,,,159
160,NGF_HUMAN,,,,160
161,GON1_HUMAN,,,,161
162,ANF_HUMAN,,,,162
163,NEU1_HUMAN,,,,163
164,NEU2_HUMAN,,,,164
165,COLI_HUMAN,,,,165
166,PENK_HUMAN,,,,166
167,PDYN_HUMAN,,,,167
168,GLHA_HUMAN,,,,168
169,TSHB_HUMAN,,,,169
170,FSHB_HUMAN,,,,170
171,LSHB_HUMAN,,,,171
172,PRL_HUMAN,,,,172
173,SOMA_HUMAN,,,,173
174,SOM2_HUMAN,,,,174
175,CALC_HUMAN,,,,175
176,THYG_HUMAN,,,,176
177,PTHY_HUMAN,,,,177
178,GLUC_HUMAN,,,,178
179,VIP_HUMAN,,,,179
180,SLIB_HUMAN,,,,180
181,INS_HUMAN,,,,181
182,IGF2_HUMAN,,,,182
183,GAST_HUMAN,,,,183
184,TNFB_HUMAN,,,,184
185,TNFA_HUMAN,,,,185
186,IFNA1,,,,186
187,IFNA2_HUMAN,,,,187
188,IFN10_HUMAN,,,,188
189,IFNA7_HUMAN,,,,189
190,IFN21_HUMAN,,,,190
191,IFNA5_HUMAN,,,,191
192,IFN14_HUMAN,,,,192
193,IFN17_HUMAN,,,,193
194,IFNB_HUMAN,,,,194
195,IFNG_HUMAN,,,,195
196,IL1A_HUMAN,,,,196
197,IL1B_HUMAN,,,,197
198,EPO_HUMAN,,,,198
199,IL2RA_HUMAN,To_add,,Cytokine_receptor_add (uniprot),199
200,CD8A_HUMAN,To_comment,Receptor_add,,200
201,CO1A1_HUMAN,,,collagen,201
202,CO2A1_HUMAN,,,collagen,202
203,CO3A1_HUMAN,,,collagen,203
204,CO4A1_HUMAN,,,collagen,204
205,APOA1_HUMAN,,,,205
206,APOE_HUMAN,,,,206
207,APOA2_HUMAN,,,,207
208,FIBA_HUMAN,,,,208
209,FIBB_HUMAN,,,,209
210,FIBG_HUMAN,,,,210
211,ACHA_HUMAN,,,,211
212,FINC_HUMAN,,,,212
213,RET4_HUMAN,,,,213
214,ALBU_HUMAN,,,,214
215,CXCL7_HUMAN,,,,215
216,PLF4_HUMAN,,,,216
217,CXL10_HUMAN,,,,217
218,TFR1_HUMAN,,,,218
219,TRFE_HUMAN,,,,219
220,MIS_HUMAN,,,,220
221,VTNC_HUMAN,,,,221
222,PROC_HUMAN,,,,222
223,ANXA1_HUMAN,,,,223
224,PDGFA_HUMAN,,,,224
225,REL2_HUMAN,,,,225
226,APOB_HUMAN,,,,226
227,CSF2_HUMAN,,,,227
228,THY1_HUMAN,,,,228
229,HG2A_HUMAN,To_comment,Receptor_add,Chemokine_receptor_add,229
230,VWF_HUMAN,,,,230
231,ERBB2_HUMAN,,,,231
232,WNT1_HUMAN,,,,232
233,NTRK1_HUMAN,,,,233
234,IFNW1_HUMAN,,,,234
235,IFNA6_HUMAN,,,,235
236,IFNA4_HUMAN,,,,236
237,IFN16_HUMAN,,,,237
238,IGF1_HUMAN,,,,238
239,A4_HUMAN,To_add,,ligandIUPHAR,239
240,ITB3_HUMAN,,,Migration,240
241,ITB2_HUMAN,To_add,,Integrin (uniprot),241
242,INHA_HUMAN,,,,242
243,IL4_HUMAN,,,,243
244,IL5_HUMAN,,,,244
245,FGF1_HUMAN,,,,245
246,IL6_HUMAN,,,,246
247,ICAM1_HUMAN,To_add | To_comment,,Iglike | ligandIUPHAR,247
248,ITB1_HUMAN,,,Migration,248
249,CO5A2_HUMAN,,,Collagen,249
250,INSR_HUMAN,,,,250
251,LCK_HUMAN,To_comment,Extracellular_add,,251
252,CCKN_HUMAN,,,,252
253,CD2_HUMAN,To_add | To_comment,Receptor_add,Iglike | Receptor_add,253
254,CEAM5_HUMAN,To_comment,Adhesion_add,,254
255,FCER2_HUMAN,,,,255
256,ITAV_HUMAN,To_add | To_comment,Adhesion_add,Migration | Adhesion_add (uniprot),256
257,CRF_HUMAN,,,,257
258,TRBM_HUMAN,To_add,,endothelial cell receptor (uniprot),258
259,PDIA1_HUMAN,,,,259
260,CSF1R_HUMAN,,,,260
261,GP1BA_HUMAN,To_add,,a surface membrane protein of platelets (uniprot),261
262,GRP_HUMAN,,,,262
263,ADRB2_HUMAN,,,,263
264,SAP_HUMAN,,,,264
265,RET_HUMAN,,,,265
266,TSP1_HUMAN,To_add | To_comment,Extracellular_add,Adhesive glycoprotein that mediates cell-to-cell and cell-to-matrix interactions (uniprot),266
267,IGF1R_HUMAN,,,,267
268,CO1A2_HUMAN,,,Collagen,268
269,TNR16_HUMAN,To_add,,TNF_receptor_add (uniprot),269
270,ACM2_HUMAN,,,,270
271,ACM4_HUMAN,,,,271
272,DAF_HUMAN,,,,272
273,MMP2_HUMAN,,,,273
274,INHBA_HUMAN,,,,274
275,ITA2B_HUMAN,To_add,,Integrin (uniprot),275
276,CO4A2_HUMAN,,,Collagen,276
277,PTPRC_HUMAN,To_add | To_comment,transmembrane_add | extracellular_add,Uniprot: Protein tyrosine-protein phosphatase required for T-cell activation,277
278,MET_HUMAN,To_add | To_comment,transmembrane_add | receptor_add | extracellular_add,,278
279,ADRB1_HUMAN,,,,279
280,FGF4_HUMAN,,,,280
281,ITA5_HUMAN,To_add,,Integrin (uniprot),281
282,IL3_HUMAN,,,,282
283,IL6RA_HUMAN,,,,283
284,5HT1A_HUMAN,,,,284
285,ACM5_HUMAN,,,,285
286,ADA2A_HUMAN,,,,286
287,NMB_HUMAN,,,,287
288,FGF2_HUMAN,,,,288
289,DOPO_HUMAN,,,,289
290,CD48_HUMAN,To_comment,Extracellular_add,,290
291,GROA_HUMAN,,,,291
292,INHBB_HUMAN,,,,292
293,WNT2_HUMAN,,,,293
294,CSF1_HUMAN,,,,294
295,PGFRB_HUMAN,To_comment,,Migration,295
296,GIP_HUMAN,,,,296
297,SECR_HUMAN,,,,297
298,LOX5_HUMAN,To_add,,,298
299,CSF3_HUMAN,,,,299
300,CO4A_HUMAN,,,,300
301,NPS_HUMAN,,,,301
302,CFC1_HUMAN,,,,302
303,SAA1_HUMAN,,,,303
304,ELA_HUMAN,,,,304
305,AA3R_HUMAN,,,,305
306,CALCB_HUMAN,,,,306
307,IL8_HUMAN,,,,307
308,CCL3_HUMAN,,,,308
309,OSTP_HUMAN,,,,309
310,TGFB3_HUMAN,To_add | To_comment,extracellular_add,TGFbeta_family | ligandIUPHAR,310
311,KIT_HUMAN,,,,311
312,CD28_HUMAN,To_add | To_comment,Extracellular_add,Iglike,312
313,FGF6_HUMAN,,,,313
314,CLUS_HUMAN,,,,314
315,GHR_HUMAN,,,,315
316,CD8B_HUMAN,To_comment,Receptor_add,,316
317,IAPP_HUMAN,,,,317
318,LAMC1_HUMAN,,,laminin,318
319,ITAM_HUMAN,To_add,,Integrin (uniprot),319
320,ACM1_HUMAN,,,,320
321,BCR_HUMAN,,,,321
322,FGFR1_HUMAN,To_comment,,Migration,322
323,FGF3_HUMAN,,,,323
324,MPRI_HUMAN,To_add | To_comment,transmembrane_add | receptor_add | extracellular_add,,324
325,FGF5_HUMAN,,,,325
326,COBA1_HUMAN,,,Collagen,326
327,CO6A1_HUMAN,,,Collagen,327
328,CO6A2_HUMAN,,,Collagen,328
329,CO6A3_HUMAN,,,Collagen,329
330,PTHR_HUMAN,,,,330
331,BMP2_HUMAN,,,,331
332,BMP4_HUMAN,,,,332
333,CADH1_HUMAN,,,Cadherin,333
334,MOTI_HUMAN,,,,334
335,GP1BB_HUMAN,To_add,,surface membrane protein of platelets (uniprot),335
336,IL7_HUMAN,,,,336
337,CCL4_HUMAN,,,,337
338,TDGF1_HUMAN,,,,338
339,CCL2_HUMAN,,,,339
340,CCL5_HUMAN,,,,340
341,NCAM1_HUMAN,,,,341
342,ICAM2_HUMAN,To_add | To_comment,Extracellular_add,Iglike | ligandIUPHAR,342
343,ITA4_HUMAN,To_add,,Integrin (uniprot),343
344,CEAM1_HUMAN,To_comment,Extracellular_add,Migration,344
345,ONCM_HUMAN,,,,345
346,HLAE_HUMAN,To_add | To_comment,Extracellular_add,Iglike,346
347,COBA2_HUMAN,,,Collagen,347
348,ADRB3_HUMAN,,,,348
349,LYAM1_HUMAN,To_add,,Cell surface adhesion protein (uniprot),349
350,CD99_HUMAN,To_add,,Involved in T-cell adhesion (uniprot),350
351,HGF_HUMAN,To_add | To_comment,secreted_add | secreted_high | extracellular_add,"Uniprot: Potent mitogen for mature parenchymal hepatocyte cells, seems to be a hepatotrophic factor, and acts as a growth factor for a broad spectrum of tissues and cell types.",351
352,DRD2_HUMAN,,,,352
353,PA2GA_HUMAN,,,,353
354,IL1R1_HUMAN,,,,354
355,IL2RB_HUMAN,To_add,,cytokine_receptor,355
356,LIF_HUMAN,,,,356
357,PVR_HUMAN,,,,357
358,IL9_HUMAN,,,,358
359,INGR1_HUMAN,,,,359
360,EZRI_HUMAN,,,,360
361,CSF2R_HUMAN,,,,361
362,AREG_HUMAN,To_add | To_comment,secreted_add | secreted_high | extracellular_add,"Uniprot: Ligand of the EGF receptor/EGFR. Autocrine growth factor as well as a mitogen for a broad range of target cells including astrocytes, Schwann cells and fibroblasts.",362
363,MCP_HUMAN,To_add,,costimulatory factor (uniprot),363
364,VEGFA_HUMAN,,,,364
365,CD1D_HUMAN,,,,365
366,ANPRA_HUMAN,To_add,,Receptor (uniprot),366
367,CD44_HUMAN,,,,367
368,LYAM3_HUMAN,To_add,,Ca2+-dependent receptor (uniprot),368
369,ITB4_HUMAN,,,Integrin,369
370,LEUK_HUMAN,To_add | To_comment,transmembrane_add | extracellular_add,Uniprot: cell surface sialoprotein,370
371,PGFRA_HUMAN,,,,371
372,PECA1_HUMAN,,,,372
373,CTLA4_HUMAN,To_comment,Extracellular_add,,373
374,DPEP1_HUMAN,,,,374
375,PRLR_HUMAN,To_add,,cytokine_receptor,375
376,TSHR_HUMAN,,,,376
377,LYAM2_HUMAN,,,,377
378,CCL3L1,,,,378
379,CD36_HUMAN,,,,379
380,IL7RA_HUMAN,,,,380
381,INAR1_HUMAN,,,,381
382,ITA2_HUMAN,To_add,,Integrin (uniprot),382
383,HLAG_HUMAN,To_add | To_comment,Extracellular_add | Receptor_add,Iglike,383
384,ACHB2_HUMAN,,,,384
385,LEG3_HUMAN,,,,385
386,IBP3_HUMAN,,,,386
387,VGFR1_HUMAN,,,Migration,387
388,BMP7_HUMAN,,,,388
389,ITB5_HUMAN,To_add,,Integrin (uniprot),389
390,ADA2B_HUMAN,To_remove,,no ensembl,390
391,PACA_HUMAN,,,,391
392,IL1RA_HUMAN,,,,392
393,ITB6_HUMAN,To_add,,Integrin (uniprot),393
394,LAG3_HUMAN,To_add | To_comment,,Iglike | Possible_receptor,394
395,ADA2C_HUMAN,,,,395
396,CADH2_HUMAN,,,Migration,396
397,EPOR_HUMAN,,,,397
398,LFA3_HUMAN,To_comment,Extracellular_add,,398
399,VCAM1_HUMAN,To_add | To_comment,,Iglike | ligandIUPHAR,399
400,TNR1A_HUMAN,,,,400
401,GGT1_HUMAN,,,,401
402,CEL_HUMAN,To_remove,,no ensembl,402
403,CXCL2_HUMAN,,,,403
404,CXCL3_HUMAN,,,,404
405,CR2_HUMAN,To_add,,Receptor for complement C3Dd (uniprot),405
406,CD22_HUMAN,To_comment,Receptor_add,,406
407,AL5AP_HUMAN,To_add,,,407
408,ACM3_HUMAN,,,,408
409,TNR1B_HUMAN,,,,409
410,TKN1_HUMAN,,,,410
411,MCH_HUMAN,,,,411
412,TRH_HUMAN,,,,412
413,ITAL_HUMAN,To_comment,Extracellular_add,Integrin,413
414,ITAX_HUMAN,To_add,,Integrin (uniprot),414
415,NTF3_HUMAN,,,,415
416,IL11_HUMAN,,,,416
417,EFNA1_HUMAN,To_comment,extracellular_add,ligandIUPHAR,417
418,CO9A1_HUMAN,,,Collagen,418
419,CO5A1_HUMAN,,,Collagen,419
420,PTN_HUMAN,,,,420
421,NK2R_HUMAN,,,,421
422,FPR1_HUMAN,,,,422
423,CNR1_HUMAN,,,,423
424,SCF_HUMAN,,,,424
425,EPHA1_HUMAN,,,,425
426,DRD1_HUMAN,,,,426
427,C5AR1_HUMAN,,,,427
428,TA2R_HUMAN,,,,428
429,MK_HUMAN,,,,429
430,FGF7_HUMAN,,,,430
431,FGFR2_HUMAN,,,,431
432,CD72_HUMAN,To_add | To_comment,Extracellular_add,Plays a role in B-cell proliferation and differentiation (uniprot),432
433,ERBB3_HUMAN,,,,433
434,DRD4_HUMAN,,,,434
435,DRD5_HUMAN,,,,435
436,BMP5_HUMAN,,,,436
437,BMP6_HUMAN,,,,437
438,CADH3_HUMAN,,,Cadherin,438
439,IL10_HUMAN,,,,439
440,CCL1_HUMAN,,,,440
441,FGFR4_HUMAN,,,Migration,441
442,GALA_HUMAN,,,,442
443,FGFR3_HUMAN,,,,443
444,LSHR_HUMAN,,,,444
445,MRC1_HUMAN,,,,445
446,ITA6_HUMAN,,,Integrin,446
447,PTPRZ_HUMAN,,,,447
448,TNFL4_HUMAN,To_add,,ligandIUPHAR,448
449,BDNF_HUMAN,,,,449
450,FSHR_HUMAN,,,,450
451,IL4RA_HUMAN,,,,451
452,TENA_HUMAN,,,,452
453,HRH2_HUMAN,,,,453
454,CXCR1_HUMAN,,,,454
455,CXCR2_HUMAN,,,,455
456,CD24_HUMAN,,,cancer antigen,456
457,CO8A2_HUMAN,,,Collagen,457
458,FPR3_HUMAN,,,,458
459,FPR2_HUMAN,,,,459
460,ADA1D_HUMAN,,,,460
461,NK1R_HUMAN,,,,461
462,ACKR3_HUMAN,To_comment,Receptor_add,CoReceptor_Acts as coreceptor with CXCR4 for a restricted number of HIV isolates (uniprot),462
463,TNR6_HUMAN,,,,463
464,CO5A3_HUMAN,,,Collagen,464
465,TNR5_HUMAN,To_comment,Extracellular_add,,465
466,ITA3_HUMAN,,,Integrin,466
467,ITB7_HUMAN,To_add,,Integrin (uniprot),467
468,ITB8_HUMAN,To_add,,Integrin (uniprot),468
469,CNTF_HUMAN,To_add,,ligandIUPHAR,469
470,NKG2A_HUMAN,To_add | To_comment,Extracellular_add,KLR_add (uniprot),470
471,NKG2C_HUMAN,To_add | To_comment,Extracellular_add,KLR_add (uniprot),471
472,NKG2D_HUMAN,To_comment,Extracellular_add,,472
473,CD27_HUMAN,To_add,,Cytokine_receptor_add (uniprot),473
474,HGFL_HUMAN,To_remove,,no ensembl,474
475,IL3RA_HUMAN,To_add,,cytokine_receptor,475
476,CNTFR_HUMAN,,,,476
477,AVR2A_HUMAN,To_add,,complex (uniprot),477
478,DPP4_HUMAN,,,,478
479,GDF1_HUMAN,,,,479
480,CO8A1_HUMAN,,,Collagen,480
481,IL1R2_HUMAN,,,,481
482,5HT1D_HUMAN,,,,482
483,5HT1B_HUMAN,,,,483
484,5HT2A_HUMAN,,,,484
485,5HT2C_HUMAN,,,,485
486,NMBR_HUMAN,,,,486
487,5HT1E_HUMAN,,,,487
488,CD34_HUMAN,To_add,,Possible adhesion molecule (uniprot),488
489,CD38_HUMAN,To_add,,moonlights as a receptor in cells of the immune system (uniprot),489
490,TNR8_HUMAN,,,,490
491,AA2AR_HUMAN,,,,491
492,AA2BR_HUMAN,,,,492
493,EPHA2_HUMAN,,,Migration,493
494,EPHA3_HUMAN,,,Migration,494
495,EPHA8_HUMAN,,,,495
496,EPHB2_HUMAN,To_comment,Adhesion_add,,496
497,NK3R_HUMAN,,,,497
498,CO4A5_HUMAN,,,Collagen,498
499,IL12A_HUMAN,,,,499
500,IL12B_HUMAN,,,,500
501,CD40L_HUMAN,,,,501
502,CD6_HUMAN,,,,502
503,BKRB2_HUMAN,,,,503
504,HLAF_HUMAN,To_add,,Iglike,504
505,V2R_HUMAN,,,,505
506,UFO_HUMAN,,,,506
507,ACHA5_HUMAN,,,,507
508,AA1R_HUMAN,,,,508
509,GRPR_HUMAN,,,,509
510,AGTR1_HUMAN,,,,510
511,OXYR_HUMAN,,,,511
512,SSR1_HUMAN,,,,512
513,SSR2_HUMAN,,,,513
514,ACHB4_HUMAN,,,,514
515,5HT1F_HUMAN,,,,515
516,GNRHR_HUMAN,,,,516
517,CALCR_HUMAN,,,,517
518,NEUT_HUMAN,,,,518
519,CD52_HUMAN,,,,519
520,FGF9_HUMAN,,,,520
521,SSR4_HUMAN,,,Migration,521
522,IL2RG_HUMAN,To_add,,cytokine_receptor,522
523,CEAM8_HUMAN,To_comment,Adhesion_add,,523
524,L1CAM_HUMAN,,,,524
525,CCKAR_HUMAN,,,,525
526,GASR_HUMAN,,,,526
527,VIPR1_HUMAN,,,,527
528,MC4R_HUMAN,,,,528
529,CCR1_HUMAN,,,,529
530,CCR7_HUMAN,,,,530
531,ACHA3_HUMAN,,,,531
532,CXCR5_HUMAN,,,,532
533,SSR3_HUMAN,,,,533
534,IFNA8_HUMAN,,,,534
535,IL3RB_HUMAN,To_add,,cytokine_receptor,535
536,ICAM3_HUMAN,To_add | To_comment,Extracellular_add,Iglike,536
537,CD70_HUMAN,To_add | To_comment,secreted_highlight,Cytokine that binds to CD27 (uniprot),537
538,TNFL8_HUMAN,To_add,,ligandIUPHAR,538
539,MC5R_HUMAN,,,,539
540,CADH5_HUMAN,,,Cadherin,540
541,CD80_HUMAN,To_add | To_comment,Extracellular_add,Iglike,541
542,NTF4_HUMAN,,,,542
543,RYK_HUMAN,To_remove,,no ensembl,543
544,5HT7R_HUMAN,,,,544
545,CNR2_HUMAN,,,,545
546,TRFR_HUMAN,,,,546
547,PE2R1_HUMAN,,,,547
548,CRFR1_HUMAN,,,,548
549,BTC_HUMAN,,,,549
550,IL13_HUMAN,,,,550
551,ADML_HUMAN,,,,551
552,SSR5_HUMAN,,,,552
553,ADA1A_HUMAN,,,,553
554,HRH1_HUMAN,,,,554
555,ADA1B_HUMAN,,,,555
556,OPRM_HUMAN,,,,556
557,PE2R4_HUMAN,,,,557
558,APJ_HUMAN,,,,558
559,DRD3_HUMAN,,,,559
560,FBN1_HUMAN,,,,560
561,BASI_HUMAN,,,Possible_receptor,561
562,VGFR3_HUMAN,,,,562
563,VGFR2_HUMAN,,,,563
564,ACHA7_HUMAN,,,,564
565,FLT3_HUMAN,To_add | To_comment,Extracellular_add,Iglike,565
566,BMR1A_HUMAN,To_add | To_comment,Extracellular_add,complex (uniprot),566
567,ACV1B_HUMAN,,,IUPHAR,567
568,TGFR1_HUMAN,,,,568
569,TNR3_HUMAN,To_add,,TNF_receptor_add (uniprot),569
570,ACVL1_HUMAN,,,,570
571,TGFR2_HUMAN,,,,571
572,V1AR_HUMAN,,,,572
573,INGR2_HUMAN,,,,573
574,ITAE_HUMAN,To_add,,Integrin (uniprot),574
575,COFA1_HUMAN,,,Collagen,575
576,COIA1_HUMAN,,,Collagen,576
577,GDNF_HUMAN,,,,577
578,IL6RB_HUMAN,,,,578
579,CEAM6_HUMAN,To_comment,Adhesion_add,,579
580,TACT_HUMAN,To_add | To_comment,Receptor_add | Extracellular_add,Iglike | Receptor_add,580
581,TPO_HUMAN,,,,581
582,TPOR_HUMAN,,,,582
583,IL15_HUMAN,,,,583
584,OPRD_HUMAN,,,,584
585,OPRK_HUMAN,,,,585
586,OPRX_HUMAN,,,,586
587,LEP_HUMAN,,,,587
588,OX2G_HUMAN,To_comment,Extracellular_add,,588
589,WNT5A_HUMAN,,,,589
590,TNFL9_HUMAN,To_add,,ligandIUPHAR,590
591,VIPR2_HUMAN,,,,591
592,5HT2B_HUMAN,,,,592
593,CCR2_HUMAN,,,,593
594,MC3R_HUMAN,,,,594
595,CD86_HUMAN,To_comment,Extracellular_add,,595
596,ASIP_HUMAN,,,,596
597,I12R1_HUMAN,To_add,,cytokine_receptor,597
598,LIFR_HUMAN,,,,598
599,CXCL5_HUMAN,,,,599
600,GDF5_HUMAN,,,,600
601,PF2R_HUMAN,,,,601
602,PE2R3_HUMAN,,,,602
603,PE2R2_HUMAN,,,,603
604,PI2R_HUMAN,,,,604
605,DCC_HUMAN,To_add,,Iglike,605
606,GLP1R_HUMAN,,,,606
607,TNR4_HUMAN,To_add,,TNF_receptor_add (uniprot),607
608,KI2L1_HUMAN,To_comment,Extracellular_add,,608
609,KI2L3_HUMAN,To_comment,Extracellular_add,,609
610,KI3L1_HUMAN,To_comment,Extracellular_add,,610
611,KI3L2_HUMAN,To_comment,Extracellular_add,,611
612,ACHA4_HUMAN,,,,612
613,GPR1_HUMAN,,,,613
614,CCR10_HUMAN,,,,614
615,XCR1_HUMAN,,,,615
616,5HT3A_HUMAN,,,,616
617,BAG6_HUMAN,To_add | To_comment,Extracellular_add,complex,617
618,NOTC1_HUMAN,,,,618
619,BKRB1_HUMAN,,,Migration,619
620,GALR1_HUMAN,,,,620
621,GLR_HUMAN,,,,621
622,SCTR_HUMAN,,,,622
623,5HT5A_HUMAN,,,,623
624,V1BR_HUMAN,,,,624
625,XCL1_HUMAN,,,,625
626,TNFL6_HUMAN,,,,626
627,MTR1A_HUMAN,,,,627
628,SDF1_HUMAN,,,,628
629,NPBW1_HUMAN,,,,629
630,NPBW2_HUMAN,,,,630
631,LEPR_HUMAN,To_comment,Receptor_add,,631
632,GIPR_HUMAN,,,,632
633,INAR2_HUMAN,,,,633
634,NMU_HUMAN,,,,634
635,CD97_HUMAN,,,,635
636,PTH2R_HUMAN,,,,636
637,CX3C1_HUMAN,,,,637
638,MTR1B_HUMAN,,,,638
639,CXCR3_HUMAN,,,,639
640,PRLHR_HUMAN,,,,640
641,GPR15_HUMAN,,,,641
642,PLGF_HUMAN,,,,642
643,VEGFB_HUMAN,,,,643
644,VEGFC_HUMAN,,,,644
645,FLT3L_HUMAN,,,,645
646,ENTP1_HUMAN,To_add | To_comment,transmembrane_add | extracellular_add,,646
647,AGTR2_HUMAN,,,,647
648,5HT6R_HUMAN,,,,648
649,TNF10_HUMAN,To_add,,ligandIUPHAR,649
650,INSL3_HUMAN,,,,650
651,GPC3_HUMAN,,,,651
652,CCL11_HUMAN,,,,652
653,CCR3_HUMAN,,,,653
654,CCR4_HUMAN,,,,654
655,CCR5_HUMAN,,,,655
656,CCR6_HUMAN,,,,656
657,CCR8_HUMAN,,,,657
658,CCR9_HUMAN,,,,658
659,PLXA3_HUMAN,,,,659
660,GP143_HUMAN,,,,660
661,EFNA3_HUMAN,To_comment,extracellular_add,,661
662,EFNA4_HUMAN,,,,662
663,EFNB2_HUMAN,To_add,,ligandIUPHAR,663
664,EFNA5_HUMAN,To_comment,extracellular_add,,664
665,CO4A4_HUMAN,,,Collagen,665
666,ITA8_HUMAN,,,Integrin,666
667,MOT1_HUMAN,,,,667
668,EPHB3_HUMAN,To_comment,Adhesion_add,Migration,668
669,EPHA5_HUMAN,To_comment,Adhesion_add,,669
670,EPHB4_HUMAN,To_comment,Adhesion_add,,670
671,EPHB1_HUMAN,,,,671
672,EPHA4_HUMAN,,,,672
673,GAS1_HUMAN,,,,673
674,IOD3_HUMAN,,,,674
675,FGF8_HUMAN,,,,675
676,UCN1_HUMAN,,,,676
677,INHBC_HUMAN,,,,677
678,GDF10_HUMAN,,,,678
679,CADH6_HUMAN,,,Cadherin,679
680,CCL23_HUMAN,,,,680
681,CCL18_HUMAN,,,,681
682,FCGRN_HUMAN,,,,682
683,GFRA1_HUMAN,,,,683
684,ITA1_HUMAN,To_add,,Integrin (uniprot),684
685,WNT3_HUMAN,,,,685
686,WNT3A_HUMAN,,,,686
687,WNT4_HUMAN,,,,687
688,WNT7B_HUMAN,,,,688
689,NRG3_HUMAN,,,,689
690,JAM2_HUMAN,To_comment,Adhesion_add,,690
691,INHBE_HUMAN,,,,691
692,PROK1_HUMAN,,,,692
693,LIRA4_HUMAN,To_add,,Iglike,693
694,IL2_HUMAN,,,,694
695,CXCR4_HUMAN,,,,695
696,SMS_HUMAN,,,,696
697,B2MG_HUMAN,To_add,,Iglike,697
698,TGFB2_HUMAN,,,,698
699,PPIA_HUMAN,,,,699
700,SHPS1_HUMAN,To_add | To_comment,Receptor_add | Extracellular_add,Iglike | Receptor_add,700
701,X3CL1_HUMAN,,,,701
702,JAG1_HUMAN,To_add | To_comment,transmembrane_add | extracellular_add,,702
703,RELN_HUMAN,,,,703
704,I13R1_HUMAN,To_add,,cytokine_receptor,704
705,CCL20_HUMAN,,,,705
706,CCL8_HUMAN,,,,706
707,CCL7_HUMAN,,,,707
708,CXCL6_HUMAN,,,,708
709,NGAL_HUMAN,,,,709
710,DLK1_HUMAN,To_add | To_comment,transmembrane_add | extracellular_add,,710
711,PRRP_HUMAN,,,,711
712,VLDLR_HUMAN,To_add,,Binds VLDL (uniprot),712
713,EFNB1_HUMAN,To_add | To_comment,transmembrane_add | extracellular_add,Uniprot: Binds to the receptor tyrosine kinases EPHB1 and EPHA1.,713
714,NDP_HUMAN,,,,714
715,IL9R_HUMAN,,,,715
716,IL5RA_HUMAN,To_add,,cytokine_receptor,716
717,ILRL1_HUMAN,,,,717
718,ACTHR_HUMAN,,,,718
719,MSHR_HUMAN,,,,719
720,CO4A3_HUMAN,,,Collagen,720
721,ROR1_HUMAN,To_add,,Iglike,721
722,ROR2_HUMAN,,,,722
723,TNR17_HUMAN,,,,723
724,NRG1_HUMAN,,,,724
725,CO7A1_HUMAN,,,Collagen,725
726,DSG1_HUMAN,,,desmosome junctions,726
727,DSC2_HUMAN,,,desmosome junctions,727
728,GHRHR_HUMAN,,,,728
729,TIE2_HUMAN,,,,729
730,TGBR3_HUMAN,,,Migration,730
731,UPAR_HUMAN,,,,731
732,PTH1R_HUMAN,,,,732
733,COAA1_HUMAN,,,Collagen,733
734,NOTC2_HUMAN,,,,734
735,ACVR1_HUMAN,To_add,,Receptor for activin. (uniprot),735
736,RON_HUMAN,To_add,,Receptor tyrosine kinase that transduces signals from the extracellular matrix into the cytoplasm by binding to MST1 ligand. (uniprot),736
737,COEA1_HUMAN,,,Collagen,737
738,ACHB3_HUMAN,,,,738
739,TYRO3_HUMAN,,,,739
740,TNFC_HUMAN,To_add,,ligandIUPHAR,740
741,TNR9_HUMAN,To_add,,TNF_receptor_add (uniprot),741
742,COGA1_HUMAN,,,Collagen,742
743,CXCL9_HUMAN,,,,743
744,NKG2E_HUMAN,To_add,,KLR_add (uniprot),744
745,I10R2_HUMAN,To_add,,cytokine_receptor,745
746,DSC1_HUMAN,,,desmosome junctions,746
747,CD47_HUMAN,To_comment,Receptor_add | Extracellular_add,,747
748,FGL1_HUMAN,,,,748
749,APOBR_HUMAN,,,,749
750,BST2_HUMAN,,,,750
751,CNTN1_HUMAN,,,,751
752,MERTK_HUMAN,To_add,,Iglike,752
753,KLRB1_HUMAN,To_add | To_comment,Extracellular_add,KLR_add (uniprot),753
754,IL24_HUMAN,,,,754
755,KLRD1_HUMAN,To_add,,KLR_add (uniprot),755
756,PD2R_HUMAN,,,,756
757,I15RA_HUMAN,To_add,,Cytokine_receptor (uniprot),757
758,SEM3F_HUMAN,,,,758
759,GPR17_HUMAN,,,,759
760,CRFR2_HUMAN,,,,760
761,PTPRS_HUMAN,To_add,,Iglike,761
762,ITAD_HUMAN,To_add,,Integrin,762
763,FZD5_HUMAN,To_comment,Extracellular_add,,763
764,MADCA_HUMAN,To_add | To_comment,extracellular_add,ligandIUPHAR,764
765,IL18R_HUMAN,To_add,,Iglike,765
766,PNOC_HUMAN,,,,766
767,SEM5A_HUMAN,To_add | To_comment,,Ligand for receptor PLXNB3. (uniprot),767
768,5HT4R_HUMAN,,,,768
769,I10R1_HUMAN,To_add,,cytokine_receptor,769
770,ITA7_HUMAN,To_add | To_comment,Adhesion_add,Migration | Adhesion_add (uniprot),770
771,AVR2B_HUMAN,,,IUPHAR,771
772,CD166_HUMAN,To_comment,Extracellular_add,,772
773,ITA9_HUMAN,To_add,,Integrin,773
774,BMPR2_HUMAN,,,,774
775,CO4A6_HUMAN,,,Collagen,775
776,CO9A3_HUMAN,,,Collagen,776
777,CO9A2_HUMAN,,,Collagen,777
778,LRP8_HUMAN,,,,778
779,IL18_HUMAN,,,,779
780,DSG2_HUMAN,,,desmosome junctions,780
781,IL27B_HUMAN,,,,781
782,SELPL_HUMAN,To_add,,calcium-dependent interactions with E-,782
783,FZD2_HUMAN,To_comment,Extracellular_add,,783
784,GAS6_HUMAN,,,,784
785,SEM3A_HUMAN,,,,785
786,DSC3_HUMAN,,,desmosome junctions,786
787,IHH_HUMAN,,,,787
788,I11RA_HUMAN,To_add,,cytokine_receptor,788
789,I13R2_HUMAN,To_add,,cytokine_receptor,789
790,ICAM4_HUMAN,,,,790
791,KI3S1_HUMAN,,,,791
792,COJA1_HUMAN,,,Collagen,792
793,PDCD1_HUMAN,To_add | To_comment,Iglike | Receptor | Extracellular_add,Uniprot description,793
794,PVRL1_HUMAN,,,,794
795,ERBB4_HUMAN,,,Migration,795
796,EPHA7_HUMAN,To_comment,Adhesion_add,,796
797,ANGP1_HUMAN,,,,797
798,SHH_HUMAN,,,,798
799,LT4R1_HUMAN,,,,799
800,AAAT_HUMAN,,,,800
801,CD226_HUMAN,To_comment,Extracellular_add,,801
802,EFNB3_HUMAN,To_add,,ligandIUPHAR,802
803,ACHA2_HUMAN,,,,803
804,ACHA6_HUMAN,,,,804
805,ADIPO_HUMAN,,,,805
806,NTRK3_HUMAN,To_add,,Iglike,806
807,IL17_HUMAN,,,,807
808,ACKR1_HUMAN,To_add,,Atypical chemokine receptor (uniprot),808
809,C3AR_HUMAN,,,,809
810,CALRL_HUMAN,,,,810
811,NTRK2_HUMAN,,,,811
812,CCL14_HUMAN,,,,812
813,CCL15_HUMAN,,,,813
814,AMHR2_HUMAN,To_add,,receptor complex (uniprot),814
815,LAMA3_HUMAN,,,laminin,815
816,COOA1_HUMAN,,,Collagen,816
817,MICB_HUMAN,To_comment,Extracellular_add,,817
818,MICA_HUMAN,,,,818
819,RSPO4_HUMAN,,,,819
820,RSPO1_HUMAN,,,,820
821,COSA1_HUMAN,,,Collagen,821
822,HFE_HUMAN,,,HLA,822
823,TIGIT_HUMAN,To_comment,Extracellular_add,,823
824,CDON_HUMAN,,,,824
825,TRML2_HUMAN,,,,825
826,SFRP5_HUMAN,,,,826
827,ARTN_HUMAN,,,,827
828,CODA1_HUMAN,,,Collagen,828
829,IL23R_HUMAN,,,,829
830,RET1L_HUMAN,,,,830
831,CD276_HUMAN,To_add | To_comment,,Iglike | Possible_receptor,831
832,NR3L1_HUMAN,To_comment,Extracellular_add,,832
833,SFRP4_HUMAN,,,,833
834,LAIR1_HUMAN,,,,834
835,RET1G_HUMAN,,,,835
836,SIGIR_HUMAN,To_add,,Iglike,836
837,GDF6_HUMAN,,,,837
838,CSPG4_HUMAN,,,Migration,838
839,CLC2A_HUMAN,To_comment,Extracellular_add,,839
840,IGFL1_HUMAN,,,,840
841,EPGN_HUMAN,,,,841
842,I27RA_HUMAN,To_add,,cytokine_receptor,842
843,CJ099_HUMAN,,,,843
844,IGFL2_HUMAN,,,,844
845,IGFL3_HUMAN,,,,845
846,I20RB_HUMAN,To_add,,cytokine_receptor,846
847,RSPO2_HUMAN,,,,847
848,UNC5D_HUMAN,,,,848
849,NPSR1_HUMAN,,,,849
850,SOSD1_HUMAN,,,,850
851,NSMF_HUMAN,,,,851
852,SIG15_HUMAN,To_add | To_comment,Adhesion_add,Iglike,852
853,SCAR5_HUMAN,,,,853
854,IL34_HUMAN,,,,854
855,UNC5A_HUMAN,,,,855
856,5HT3D_HUMAN,,,,856
857,UTS2B_HUMAN,,,,857
858,CTSR4_HUMAN,,,,858
859,ADM2_HUMAN,,,,859
860,GDF7_HUMAN,,,,860
861,F19A5_HUMAN,,,,861
862,F19A1_HUMAN,,,,862
863,BMP8A_HUMAN,,,,863
864,BTLA_HUMAN,To_add,extracellular_add,ligandIUPHAR,864
865,ADR2_HUMAN,,,,865
866,IFNE_HUMAN,,,,866
867,CTSRD_HUMAN,,,,867
868,CTSR3_HUMAN,,,,868
869,TM219_HUMAN,,,,869
870,GPHB5_HUMAN,,,,870
871,KLOTB_HUMAN,,,,871
872,IFNL1_HUMAN,,,,872
873,INLR1_HUMAN,To_add,,cytokine_receptor,873
874,HUNIN_HUMAN,To_remove,,no ensembl,874
875,CORA1_HUMAN,,,Collagen,875
876,IFNL3_HUMAN,,,,876
877,IFNL2_HUMAN,,,,877
878,UNC5B_HUMAN,,,,878
879,CADM3_HUMAN,,,,879
880,LIRB2_HUMAN,To_add,,Iglike,880
881,SFRP1_HUMAN,,,,881
882,I22R1_HUMAN,To_add,,cytokine_receptor,882
883,CD177_HUMAN,To_comment,Adhesion_add,,883
884,NPW_HUMAN,,,,884
885,I17RC_HUMAN,,,,885
886,DGLB_HUMAN,,,,886
887,CTSR1_HUMAN,,,,887
888,ACV1C_HUMAN,To_add,,Receptor for activin AB,888
889,IL27A_HUMAN,,,,889
890,PKR2_HUMAN,,,,890
891,I17RE_HUMAN,,,,891
892,COMA1_HUMAN,,,Collagen,892
893,SEM6D_HUMAN,,,Possible_receptor,893
894,CADM4_HUMAN,To_add,,Iglike,894
895,NPB_HUMAN,,,,895
896,LIRB4_HUMAN,,,,896
897,LIRB1_HUMAN,,,,897
898,PKR1_HUMAN,,,,898
899,N2DL4_HUMAN,To_add,,Binds and activates the KLRK1/NKG2D receptor (uniprot),899
900,MO2R1_HUMAN,,,,900
901,HAVR2_HUMAN,To_add | To_comment,Receptor_add | Extracellular_add,Iglike. Cell surface receptor implicated in modulating innate and adaptive immune responses (uniprot),901
902,OXER1_HUMAN,,,,902
903,RL3R2_HUMAN,,,,903
904,GP151_HUMAN,,,,904
905,S22AH_HUMAN,,,,905
906,NRG4_HUMAN,,,,906
907,IL1FA_HUMAN,,,,907
908,5HT3C_HUMAN,,,,908
909,RXFP2_HUMAN,,,,909
910,REL3_HUMAN,,,,910
911,CLC2B_HUMAN,To_add | To_comment,Extracellular_add,member of the C-type lectin/C-type lectin-like domain (CTL/CTLD) superfamily. NK cell signalling. Reviewed in PMID:24987108,911
912,CCL17_HUMAN,,,,912
913,SORL_HUMAN,To_add,,Likely to be a multifunctional endocytic receptor (uniprot),913
914,PVRL2_HUMAN,To_comment,Extracellular_add,,914
915,SFRP3_HUMAN,,,,915
916,SEM4D_HUMAN,,,,916
917,GSLG1_HUMAN,To_add | To_comment,transmembrane_add | extracellular_add,Uniprot: Binds E-selectin,917
918,TNR14_HUMAN,To_add,,TNF_receptor_add (uniprot),918
919,TNR25_HUMAN,,,,919
920,WNT2B_HUMAN,,,,920
921,WNT8B_HUMAN,,,,921
922,TSLP_HUMAN,,,,922
923,UCN3_HUMAN,,,,923
924,MCHR2_HUMAN,,,,924
925,ADR1_HUMAN,,,,925
926,COQA1_HUMAN,,,Collagen,926
927,TIP39_HUMAN,,,,927
928,ESAM_HUMAN,,,,928
929,KLRG1_HUMAN,,,,929
930,I17RA_HUMAN,,,,930
931,SFRP2_HUMAN,,,,931
932,SIG10_HUMAN,,,Sialic acid-binding Ig-like,932
933,F19A4_HUMAN,,,,933
934,ROBO3_HUMAN,To_add,,Iglike,934
935,PVRL4_HUMAN,,,,935
936,COLA1_HUMAN,,,Collagen,936
937,CTSR2_HUMAN,,,,937
938,GNRR2_HUMAN,To_remove,,no ensembl,938
939,IL17F_HUMAN,,,,939
940,HHIP_HUMAN,,,,940
941,TR13C_HUMAN,To_add,,TNF_receptor_add (uniprot),941
942,UCN2_HUMAN,,,,942
943,NODAL_HUMAN,,,,943
944,GPHA2_HUMAN,,,,944
945,CSF3R_HUMAN,,,,945
946,HBEGF_HUMAN,,,,946
947,NELL2_HUMAN,,,,947
948,NOTC4_HUMAN,,,,948
949,SORT_HUMAN,,,,949
950,GPER1_HUMAN,,,,950
951,CCL13_HUMAN,,,,951
952,OSMR_HUMAN,To_add,,cytokine_receptor,952
953,I12R2_HUMAN,To_add,,cytokine_receptor,953
954,MCHR1_HUMAN,,,,954
955,COCA1_HUMAN,,,Collagen,955
956,CCL19_HUMAN,,,,956
957,NRTN_HUMAN,,,,957
958,CML1_HUMAN,,,,958
959,RARR2_HUMAN,,,,959
960,OMD_HUMAN,,,,960
961,SEM3C_HUMAN,,,,961
962,PD1L2_HUMAN,To_comment,Extracellular_add,,962
963,SPXN_HUMAN,,,,963
964,BOC_HUMAN,,,,964
965,JAM3_HUMAN,,,,965
966,STRA6_HUMAN,,,,966
967,LGR4_HUMAN,,,,967
968,AMNLS_HUMAN,,,,968
969,RSPO3_HUMAN,,,,969
970,CADM1_HUMAN,To_comment,Extracellular_add,,970
971,N2DL3_HUMAN,To_comment,Extracellular_add,,971
972,N2DL2_HUMAN,,,,972
973,N2DL1_HUMAN,To_comment,Receptor_add | Extracellular_add,,973
974,CD244_HUMAN,To_comment,Extracellular_add,,974
975,SN_HUMAN,,,Sialic acid-binding Ig-like,975
976,SEM4C_HUMAN,To_comment,Receptor_add,,976
977,PDGFD_HUMAN,,,,977
978,NMUR2_HUMAN,,,,978
979,WN10A_HUMAN,,,,979
980,FGF23_HUMAN,,,,980
981,IL22_HUMAN,,,,981
982,GFRA4_HUMAN,,,,982
983,WNT8A_HUMAN,,,,983
984,WNT5B_HUMAN,,,,984
985,IL25_HUMAN,,,,985
986,CXL16_HUMAN,,,,986
987,SEM6A_HUMAN,,,Possible_receptor,987
988,CLC4M_HUMAN,,,,988
989,HRH4_HUMAN,,,,989
990,SEM4A_HUMAN,,,,990
991,FZD8_HUMAN,To_comment,Extracellular_add,,991
992,E41L1_HUMAN,To_add,,,992
993,IGFR1_HUMAN,,,,993
994,ILRL2_HUMAN,To_add,,Iglike,994
995,NET4_HUMAN,,,,995
996,NMUR1_HUMAN,,,,996
997,IL21_HUMAN,,,,997
998,IL21R_HUMAN,To_add,,cytokine_receptor,998
999,LGR6_HUMAN,,,,999
1000,RXFP1_HUMAN,,,,1000
1001,PROK2_HUMAN,,,,1001
1002,CRLF2_HUMAN,,,,1002
1003,ROBO2_HUMAN,To_add | To_comment,Receptor_add,Iglike | Receptor_add,1003
1004,PLXA4_HUMAN,,,,1004
1005,FGF22_HUMAN,,,,1005
1006,CD209_HUMAN,,,,1006
1007,TNR12_HUMAN,To_add,,TNF_receptor_add (uniprot),1007
1008,FGF20_HUMAN,,,,1008
1009,ACKR4_HUMAN,,,,1009
1010,LT4R2_HUMAN,,,,1010
1011,IL23A_HUMAN,,,,1011
1012,FZD3_HUMAN,To_comment,Extracellular_add,,1012
1013,IL1AP_HUMAN,,,,1013
1014,IL26_HUMAN,,,,1014
1015,PVRL3_HUMAN,To_comment,Extracellular_add,,1015
1016,GDF3_HUMAN,,,,1016
1017,DLL4_HUMAN,To_comment,extracellular_add,ligandIUPHAR,1017
1018,TLR8_HUMAN,To_add,,TLR (uniprot),1018
1019,PDGFC_HUMAN,,,,1019
1020,CCL28_HUMAN,,,,1020
1021,I17RB_HUMAN,,,,1021
1022,HEBP1_HUMAN,To_add | To_comment,transmembrane_add | extracellular_add,"Genecards: This protein includes a natural chemoattractant peptide of 21 amino acids at the N-terminus, which is a natural ligand for formyl peptide receptor-like receptor 2 (FPRL2) ",1022
1023,CLTR2_HUMAN,,,,1023
1024,FGF21_HUMAN,,,,1024
1025,RL3R1_HUMAN,,,,1025
1026,SEM4G_HUMAN,,,Possible_receptor,1026
1027,DLL3_HUMAN,To_add | To_comment,transmembrane_add | extracellular_add,,1027
1028,IL20_HUMAN,,,,1028
1029,PDXL2_HUMAN,To_add,,Acts as a ligand for vascular selectins. (uniprot),1029
1030,TREM2_HUMAN,,,,1030
1031,IL37_HUMAN,,,,1031
1032,IL36B_HUMAN,,,,1032
1033,IL36G_HUMAN,,,,1033
1034,PD1L1_HUMAN,To_comment,extracellular_add,ligandIUPHAR,1034
1035,KLRF1_HUMAN,To_add | To_comment,Extracellular_add,KLR_add (uniprot),1035
1036,IL17C_HUMAN,,,,1036
1037,IFNK_HUMAN,,,,1037
1038,SIRPG_HUMAN,To_add,,Iglike,1038
1039,COKA1_HUMAN,,,Collagen,1039
1040,C5AR2_HUMAN,,,,1040
1041,GALP_HUMAN,,,,1041
1042,XCL2_HUMAN,,,,1042
1043,CLCF1_HUMAN,,,,1043
1044,I36RA_HUMAN,,,,1044
1045,HCST_HUMAN,To_add,,Transmembrane adapter protein (uniprot),1045
1046,TR10D_HUMAN,To_add,,TNF_receptor_add (uniprot),1046
1047,DKK2_HUMAN,,,,1047
1048,GHRL_HUMAN,,,,1048
1049,WNT16_HUMAN,,,,1049
1050,KLOT_HUMAN,,,,1050
1051,SUSD2_HUMAN,,,,1051
1052,IL36A_HUMAN,,,,1052
1053,IL19_HUMAN,,,,1053
1054,TKNK_HUMAN,,,,1054
1055,I20RA_HUMAN,To_add,,cytokine_receptor,1055
1056,CLC2D_HUMAN,To_comment,Extracellular_add,,1056
1057,PLXA1_HUMAN,,,,1057
1058,GDF2_HUMAN,,,,1058
1059,PILRA_HUMAN,,,,1059
1060,UR2R_HUMAN,,,,1060
1061,ITA11_HUMAN,To_add,,Integrin (uniprot),1061
1062,CADH7_HUMAN,,,Cadherin,1062
1063,PLXB3_HUMAN,,,,1063
1064,FZD4_HUMAN,To_comment,Extracellular_add,,1064
1065,FZD10_HUMAN,To_comment,Extracellular_add,,1065
1066,APEL_HUMAN,,,,1066
1067,NOTC3_HUMAN,,,,1067
1068,ALK_HUMAN,,,,1068
1069,COHA1_HUMAN,,,Collagen,1069
1070,TNF18_HUMAN,To_add,,cytokine,1070
1071,EPCR_HUMAN,To_add,,Endothelial protein C receptor (uniprot),1071
1072,FZD1_HUMAN,To_comment,Extracellular_add,,1072
1073,TFR2_HUMAN,,,,1073
1074,JAG2_HUMAN,To_add | To_comment,transmembrane_add | extracellular_add,Uniprot:Putative Notch ligand involved in the mediation of Notch signaling.,1074
1075,CCL26_HUMAN,,,,1075
1076,ANGP4_HUMAN,,,,1076
1077,CLTR1_HUMAN,,,,1077
1078,TN13B_HUMAN,,,,1078
1079,GPR55_HUMAN,,,,1079
1080,DGLA_HUMAN,,,,1080
1081,PLXD1_HUMAN,,,,1081
1082,CCL27_HUMAN,,,,1082
1083,HRH3_HUMAN,,,,1083
1084,INSL5_HUMAN,,,,1084
1085,TNR18_HUMAN,,,,1085
1086,WIF1_HUMAN,,,,1086
1087,PD2R2_HUMAN,,,,1087
1088,JAM1_HUMAN,To_comment,Extracellular_add,,1088
1089,WNT6_HUMAN,,,,1089
1090,ROBO1_HUMAN,,,,1090
1091,TNR11_HUMAN,,,,1091
1092,ICOS_HUMAN,To_comment,Receptor_add,,1092
1093,PSN2_HUMAN,TO ANNOTATE,TO ANNOTATE,TO ANNOTATE,1093
1094,ACHE_HUMAN,TO ANNOTATE,TO ANNOTATE,TO ANNOTATE,1094
1095,CP27B_HUMAN,TO ANNOTATE,TO ANNOTATE,TO ANNOTATE,1095
1096,MUC18_HUMAN,TO ANNOTATE,TO ANNOTATE,TO ANNOTATE,1096
1097,GBRB3_HUMAN,TO ANNOTATE,TO ANNOTATE,TO ANNOTATE,1097
1098,DCE1_HUMAN,TO ANNOTATE,TO ANNOTATE,TO ANNOTATE,1098
1099,P2RX7_HUMAN,TO ANNOTATE,TO ANNOTATE,TO ANNOTATE,1099
1100,NLGNX_HUMAN,TO ANNOTATE,TO ANNOTATE,TO ANNOTATE,1100
1101,PGES2_HUMAN,TO ANNOTATE,TO ANNOTATE,TO ANNOTATE,1101
1102,C1QL4_HUMAN,TO ANNOTATE,TO ANNOTATE,TO ANNOTATE,1102
1103,CD1C_HUMAN,TO ANNOTATE,TO ANNOTATE,TO ANNOTATE,1103
1104,DHC24_HUMAN,TO ANNOTATE,TO ANNOTATE,TO ANNOTATE,1104
1105,LRFN4_HUMAN,TO ANNOTATE,TO ANNOTATE,TO ANNOTATE,1105
1106,KCNS1_HUMAN,TO ANNOTATE,TO ANNOTATE,TO ANNOTATE,1106
1107,SLIK2_HUMAN,TO ANNOTATE,TO ANNOTATE,TO ANNOTATE,1107
1108,CBR1_HUMAN,TO ANNOTATE,TO ANNOTATE,TO ANNOTATE,1108
1109,RARB_HUMAN,TO ANNOTATE,TO ANNOTATE,TO ANNOTATE,1109
1110,KCNA4_HUMAN,TO ANNOTATE,TO ANNOTATE,TO ANNOTATE,1110
1111,NPFF_HUMAN,TO ANNOTATE,TO ANNOTATE,TO ANNOTATE,1111
1112,S12A9_HUMAN,TO ANNOTATE,TO ANNOTATE,TO ANNOTATE,1112
1113,NPY_HUMAN,TO ANNOTATE,TO ANNOTATE,TO ANNOTATE,1113
1114,VGLU1_HUMAN,TO ANNOTATE,TO ANNOTATE,TO ANNOTATE,1114
1115,RARA_HUMAN,TO ANNOTATE,TO ANNOTATE,TO ANNOTATE,1115
1116,ACHG_HUMAN,TO ANNOTATE,TO ANNOTATE,TO ANNOTATE,1116
1117,NMDE4_HUMAN,TO ANNOTATE,TO ANNOTATE,TO ANNOTATE,1117
1118,DOXA1_HUMAN,TO ANNOTATE,TO ANNOTATE,TO ANNOTATE,1118
1119,SCNAA_HUMAN,TO ANNOTATE,TO ANNOTATE,TO ANNOTATE,1119
1120,SSRG_HUMAN,TO ANNOTATE,TO ANNOTATE,TO ANNOTATE,1120
1121,DPEP3_HUMAN,TO ANNOTATE,TO ANNOTATE,TO ANNOTATE,1121
1122,CD248_HUMAN,TO ANNOTATE,TO ANNOTATE,TO ANNOTATE,1122
1123,AT8A1_HUMAN,TO ANNOTATE,TO ANNOTATE,TO ANNOTATE,1123
1124,FCERB_HUMAN,TO ANNOTATE,TO ANNOTATE,TO ANNOTATE,1124
1125,PTC2_HUMAN,TO ANNOTATE,TO ANNOTATE,TO ANNOTATE,1125
1126,LRFN2_HUMAN,TO ANNOTATE,TO ANNOTATE,TO ANNOTATE,1126
1127,TEN4_HUMAN,TO ANNOTATE,TO ANNOTATE,TO ANNOTATE,1127
1128,CSTN3_HUMAN,TO ANNOTATE,TO ANNOTATE,TO ANNOTATE,1128
1129,KISS1_HUMAN,TO ANNOTATE,TO ANNOTATE,TO ANNOTATE,1129
1130,SC6A8_HUMAN,TO ANNOTATE,TO ANNOTATE,TO ANNOTATE,1130
1131,PXL2B_HUMAN,TO ANNOTATE,TO ANNOTATE,TO ANNOTATE,1131
1132,KCNG1_HUMAN,TO ANNOTATE,TO ANNOTATE,TO ANNOTATE,1132
1133,TYRP2_HUMAN,TO ANNOTATE,TO ANNOTATE,TO ANNOTATE,1133
1134,CLM5_HUMAN,TO ANNOTATE,TO ANNOTATE,TO ANNOTATE,1134
1135,RABP2_HUMAN,TO ANNOTATE,TO ANNOTATE,TO ANNOTATE,1135
1136,FAT4_HUMAN,TO ANNOTATE,TO ANNOTATE,TO ANNOTATE,1136
1137,SFTPD_HUMAN,TO ANNOTATE,TO ANNOTATE,TO ANNOTATE,1137
1138,CSTN2_HUMAN,TO ANNOTATE,TO ANNOTATE,TO ANNOTATE,1138
1139,NLGNY_HUMAN,TO ANNOTATE,TO ANNOTATE,TO ANNOTATE,1139
1140,GABR2_HUMAN,TO ANNOTATE,TO ANNOTATE,TO ANNOTATE,1140
1141,CNTN6_HUMAN,TO ANNOTATE,TO ANNOTATE,TO ANNOTATE,1141
1142,PANX1_HUMAN,TO ANNOTATE,TO ANNOTATE,TO ANNOTATE,1142
1143,GLSL_HUMAN,TO ANNOTATE,TO ANNOTATE,TO ANNOTATE,1143
1144,GLRA1_HUMAN,TO ANNOTATE,TO ANNOTATE,TO ANNOTATE,1144
1145,DUOX1_HUMAN,TO ANNOTATE,TO ANNOTATE,TO ANNOTATE,1145
1146,DCE2_HUMAN,TO ANNOTATE,TO ANNOTATE,TO ANNOTATE,1146
1147,GRIK2_HUMAN,TO ANNOTATE,TO ANNOTATE,TO ANNOTATE,1147
1148,3BHS1_HUMAN,TO ANNOTATE,TO ANNOTATE,TO ANNOTATE,1148
1149,PKD1_HUMAN,TO ANNOTATE,TO ANNOTATE,TO ANNOTATE,1149
1150,SDC1_HUMAN,TO ANNOTATE,TO ANNOTATE,TO ANNOTATE,1150
1151,GRM6_HUMAN,TO ANNOTATE,TO ANNOTATE,TO ANNOTATE,1151
1152,VANG2_HUMAN,TO ANNOTATE,TO ANNOTATE,TO ANNOTATE,1152
1153,AT11C_HUMAN,TO ANNOTATE,TO ANNOTATE,TO ANNOTATE,1153
1154,PAR1_HUMAN,TO ANNOTATE,TO ANNOTATE,TO ANNOTATE,1154
1155,GGT5_HUMAN,TO ANNOTATE,TO ANNOTATE,TO ANNOTATE,1155
1156,H17B6_HUMAN,TO ANNOTATE,TO ANNOTATE,TO ANNOTATE,1156
1157,TREM1_HUMAN,TO ANNOTATE,TO ANNOTATE,TO ANNOTATE,1157
1158,KCNU1_HUMAN,TO ANNOTATE,TO ANNOTATE,TO ANNOTATE,1158
1159,CD1B_HUMAN,TO ANNOTATE,TO ANNOTATE,TO ANNOTATE,1159
1160,CD180_HUMAN,TO ANNOTATE,TO ANNOTATE,TO ANNOTATE,1160
1161,CXA1_HUMAN,TO ANNOTATE,TO ANNOTATE,TO ANNOTATE,1161
1162,ADX_HUMAN,TO ANNOTATE,TO ANNOTATE,TO ANNOTATE,1162
1163,AT8B4_HUMAN,TO ANNOTATE,TO ANNOTATE,TO ANNOTATE,1163
1164,VASN_HUMAN,TO ANNOTATE,TO ANNOTATE,TO ANNOTATE,1164
1165,LAT1_HUMAN,TO ANNOTATE,TO ANNOTATE,TO ANNOTATE,1165
1166,NTR1_HUMAN,TO ANNOTATE,TO ANNOTATE,TO ANNOTATE,1166
1167,NPFF1_HUMAN,TO ANNOTATE,TO ANNOTATE,TO ANNOTATE,1167
1168,TX1B3_HUMAN,TO ANNOTATE,TO ANNOTATE,TO ANNOTATE,1168
1169,LTC4S_HUMAN,TO ANNOTATE,TO ANNOTATE,TO ANNOTATE,1169
1170,CY24A_HUMAN,TO ANNOTATE,TO ANNOTATE,TO ANNOTATE,1170
1171,VIAAT_HUMAN,TO ANNOTATE,TO ANNOTATE,TO ANNOTATE,1171
1172,S5A1_HUMAN,TO ANNOTATE,TO ANNOTATE,TO ANNOTATE,1172
1173,KCNG2_HUMAN,TO ANNOTATE,TO ANNOTATE,TO ANNOTATE,1173
1174,CGB1_HUMAN,TO ANNOTATE,TO ANNOTATE,TO ANNOTATE,1174
1175,LRC4B_HUMAN,TO ANNOTATE,TO ANNOTATE,TO ANNOTATE,1175
1176,GRIA3_HUMAN,TO ANNOTATE,TO ANNOTATE,TO ANNOTATE,1176
1177,KCNB1_HUMAN,TO ANNOTATE,TO ANNOTATE,TO ANNOTATE,1177
1178,AT8B1_HUMAN,TO ANNOTATE,TO ANNOTATE,TO ANNOTATE,1178
1179,LRRT3_HUMAN,TO ANNOTATE,TO ANNOTATE,TO ANNOTATE,1179
1180,FLRT3_HUMAN,TO ANNOTATE,TO ANNOTATE,TO ANNOTATE,1180
1181,FLRT1_HUMAN,TO ANNOTATE,TO ANNOTATE,TO ANNOTATE,1181
1182,KCNG4_HUMAN,TO ANNOTATE,TO ANNOTATE,TO ANNOTATE,1182
1183,NPY5R_HUMAN,TO ANNOTATE,TO ANNOTATE,TO ANNOTATE,1183
1184,EAA3_HUMAN,TO ANNOTATE,TO ANNOTATE,TO ANNOTATE,1184
1185,NRX1B_HUMAN,TO ANNOTATE,TO ANNOTATE,TO ANNOTATE,1185
1186,GNA11_HUMAN,TO ANNOTATE,TO ANNOTATE,TO ANNOTATE,1186
1187,VISTA_HUMAN,TO ANNOTATE,TO ANNOTATE,TO ANNOTATE,1187
1188,MPZL1_HUMAN,TO ANNOTATE,TO ANNOTATE,TO ANNOTATE,1188
1189,NTR2_HUMAN,TO ANNOTATE,TO ANNOTATE,TO ANNOTATE,1189
1190,NPY1R_HUMAN,TO ANNOTATE,TO ANNOTATE,TO ANNOTATE,1190
1191,VANG1_HUMAN,TO ANNOTATE,TO ANNOTATE,TO ANNOTATE,1191
1192,S6A13_HUMAN,TO ANNOTATE,TO ANNOTATE,TO ANNOTATE,1192
1193,KCIP4_HUMAN,TO ANNOTATE,TO ANNOTATE,TO ANNOTATE,1193
1194,APRIO_HUMAN,TO ANNOTATE,TO ANNOTATE,TO ANNOTATE,1194
1195,GBRT_HUMAN,TO ANNOTATE,TO ANNOTATE,TO ANNOTATE,1195
1196,DAG1_HUMAN,TO ANNOTATE,TO ANNOTATE,TO ANNOTATE,1196
1197,PK2L1_HUMAN,TO ANNOTATE,TO ANNOTATE,TO ANNOTATE,1197
1198,CELR3_HUMAN,TO ANNOTATE,TO ANNOTATE,TO ANNOTATE,1198
1199,CLAT_HUMAN,TO ANNOTATE,TO ANNOTATE,TO ANNOTATE,1199
1200,CLM6_HUMAN,TO ANNOTATE,TO ANNOTATE,TO ANNOTATE,1200
1201,AK1C3_HUMAN,TO ANNOTATE,TO ANNOTATE,TO ANNOTATE,1201
1202,NCTR1_HUMAN,TO ANNOTATE,TO ANNOTATE,TO ANNOTATE,1202
1203,CTSRB_HUMAN,TO ANNOTATE,TO ANNOTATE,TO ANNOTATE,1203
1204,IGHM_HUMAN,TO ANNOTATE,TO ANNOTATE,TO ANNOTATE,1204
1205,KCND3_HUMAN,TO ANNOTATE,TO ANNOTATE,TO ANNOTATE,1205
1206,SC6A5_HUMAN,TO ANNOTATE,TO ANNOTATE,TO ANNOTATE,1206
1207,AT8A2_HUMAN,TO ANNOTATE,TO ANNOTATE,TO ANNOTATE,1207
1208,KCNA2_HUMAN,TO ANNOTATE,TO ANNOTATE,TO ANNOTATE,1208
1209,PTGR1_HUMAN,TO ANNOTATE,TO ANNOTATE,TO ANNOTATE,1209
1210,GABR1_HUMAN,TO ANNOTATE,TO ANNOTATE,TO ANNOTATE,1210
1211,GLRA2_HUMAN,TO ANNOTATE,TO ANNOTATE,TO ANNOTATE,1211
1212,SC6A2_HUMAN,TO ANNOTATE,TO ANNOTATE,TO ANNOTATE,1212
1213,AGRL3_HUMAN,TO ANNOTATE,TO ANNOTATE,TO ANNOTATE,1213
1214,OLR1_HUMAN,TO ANNOTATE,TO ANNOTATE,TO ANNOTATE,1214
1215,CSTN1_HUMAN,TO ANNOTATE,TO ANNOTATE,TO ANNOTATE,1215
1216,GRIK1_HUMAN,TO ANNOTATE,TO ANNOTATE,TO ANNOTATE,1216
1217,LOX12_HUMAN,TO ANNOTATE,TO ANNOTATE,TO ANNOTATE,1217
1218,GRID2_HUMAN,TO ANNOTATE,TO ANNOTATE,TO ANNOTATE,1218
1219,C11B2_HUMAN,TO ANNOTATE,TO ANNOTATE,TO ANNOTATE,1219
1220,PAR3_HUMAN,TO ANNOTATE,TO ANNOTATE,TO ANNOTATE,1220
1221,PGH2_HUMAN,TO ANNOTATE,TO ANNOTATE,TO ANNOTATE,1221
1222,IRPL1_HUMAN,TO ANNOTATE,TO ANNOTATE,TO ANNOTATE,1222
1223,KCNS3_HUMAN,TO ANNOTATE,TO ANNOTATE,TO ANNOTATE,1223
1224,AT8B2_HUMAN,TO ANNOTATE,TO ANNOTATE,TO ANNOTATE,1224
1225,PTGES_HUMAN,TO ANNOTATE,TO ANNOTATE,TO ANNOTATE,1225
1226,ACHD_HUMAN,TO ANNOTATE,TO ANNOTATE,TO ANNOTATE,1226
1227,AT11A_HUMAN,TO ANNOTATE,TO ANNOTATE,TO ANNOTATE,1227
1228,AT12A_HUMAN,TO ANNOTATE,TO ANNOTATE,TO ANNOTATE,1228
1229,CP17A_HUMAN,TO ANNOTATE,TO ANNOTATE,TO ANNOTATE,1229
1230,KCNV2_HUMAN,TO ANNOTATE,TO ANNOTATE,TO ANNOTATE,1230
1231,MOT3_HUMAN,TO ANNOTATE,TO ANNOTATE,TO ANNOTATE,1231
1232,NTCP4_HUMAN,TO ANNOTATE,TO ANNOTATE,TO ANNOTATE,1232
1233,KISSR_HUMAN,TO ANNOTATE,TO ANNOTATE,TO ANNOTATE,1233
1234,TAAR1_HUMAN,TO ANNOTATE,TO ANNOTATE,TO ANNOTATE,1234
1235,CGB3_HUMAN,TO ANNOTATE,TO ANNOTATE,TO ANNOTATE,1235
1236,GRIA2_HUMAN,TO ANNOTATE,TO ANNOTATE,TO ANNOTATE,1236
1237,GRM4_HUMAN,TO ANNOTATE,TO ANNOTATE,TO ANNOTATE,1237
1238,KREM2_HUMAN,TO ANNOTATE,TO ANNOTATE,TO ANNOTATE,1238
1239,GBRG2_HUMAN,TO ANNOTATE,TO ANNOTATE,TO ANNOTATE,1239
1240,CLM2_HUMAN,TO ANNOTATE,TO ANNOTATE,TO ANNOTATE,1240
1241,PCD15_HUMAN,TO ANNOTATE,TO ANNOTATE,TO ANNOTATE,1241
1242,GRIA4_HUMAN,TO ANNOTATE,TO ANNOTATE,TO ANNOTATE,1242
1243,AL1A3_HUMAN,TO ANNOTATE,TO ANNOTATE,TO ANNOTATE,1243
1244,AK1D1_HUMAN,TO ANNOTATE,TO ANNOTATE,TO ANNOTATE,1244
1245,NPY4R_HUMAN,TO ANNOTATE,TO ANNOTATE,TO ANNOTATE,1245
1246,CC50A_HUMAN,TO ANNOTATE,TO ANNOTATE,TO ANNOTATE,1246
1247,GRM7_HUMAN,TO ANNOTATE,TO ANNOTATE,TO ANNOTATE,1247
1248,TSN12_HUMAN,TO ANNOTATE,TO ANNOTATE,TO ANNOTATE,1248
1249,PEN2_HUMAN,TO ANNOTATE,TO ANNOTATE,TO ANNOTATE,1249
1250,NPY2R_HUMAN,TO ANNOTATE,TO ANNOTATE,TO ANNOTATE,1250
1251,KCNK2_HUMAN,TO ANNOTATE,TO ANNOTATE,TO ANNOTATE,1251
1252,NLGN1_HUMAN,TO ANNOTATE,TO ANNOTATE,TO ANNOTATE,1252
1253,PTGDS_HUMAN,TO ANNOTATE,TO ANNOTATE,TO ANNOTATE,1253
1254,TEBP_HUMAN,TO ANNOTATE,TO ANNOTATE,TO ANNOTATE,1254
1255,CD79A_HUMAN,TO ANNOTATE,TO ANNOTATE,TO ANNOTATE,1255
1256,LAMA2_HUMAN,TO ANNOTATE,TO ANNOTATE,TO ANNOTATE,1256
1257,GLSK_HUMAN,TO ANNOTATE,TO ANNOTATE,TO ANNOTATE,1257
1258,LRC52_HUMAN,TO ANNOTATE,TO ANNOTATE,TO ANNOTATE,1258
1259,CD3Z_HUMAN,TO ANNOTATE,TO ANNOTATE,TO ANNOTATE,1259
1260,LPAR2_HUMAN,TO ANNOTATE,TO ANNOTATE,TO ANNOTATE,1260
1261,JAML_HUMAN,TO ANNOTATE,TO ANNOTATE,TO ANNOTATE,1261
1262,UPK3A_HUMAN,TO ANNOTATE,TO ANNOTATE,TO ANNOTATE,1262
1263,DHI1_HUMAN,TO ANNOTATE,TO ANNOTATE,TO ANNOTATE,1263
1264,VMAT1_HUMAN,TO ANNOTATE,TO ANNOTATE,TO ANNOTATE,1264
1265,5NTD_HUMAN,TO ANNOTATE,TO ANNOTATE,TO ANNOTATE,1265
1266,LRC4C_HUMAN,TO ANNOTATE,TO ANNOTATE,TO ANNOTATE,1266
1267,S10AA_HUMAN,TO ANNOTATE,TO ANNOTATE,TO ANNOTATE,1267
1268,EDNRB_HUMAN,TO ANNOTATE,TO ANNOTATE,TO ANNOTATE,1268
1269,S12A1_HUMAN,TO ANNOTATE,TO ANNOTATE,TO ANNOTATE,1269
1270,KCNE3_HUMAN,TO ANNOTATE,TO ANNOTATE,TO ANNOTATE,1270
1271,PIGR_HUMAN,TO ANNOTATE,TO ANNOTATE,TO ANNOTATE,1271
1272,EDNRA_HUMAN,TO ANNOTATE,TO ANNOTATE,TO ANNOTATE,1272
1273,LHPL5_HUMAN,TO ANNOTATE,TO ANNOTATE,TO ANNOTATE,1273
1274,LY86_HUMAN,TO ANNOTATE,TO ANNOTATE,TO ANNOTATE,1274
1275,APH1B_HUMAN,TO ANNOTATE,TO ANNOTATE,TO ANNOTATE,1275
1276,PTPRD_HUMAN,TO ANNOTATE,TO ANNOTATE,TO ANNOTATE,1276
1277,ADRO_HUMAN,TO ANNOTATE,TO ANNOTATE,TO ANNOTATE,1277
1278,CD3G_HUMAN,TO ANNOTATE,TO ANNOTATE,TO ANNOTATE,1278
1279,CD320_HUMAN,TO ANNOTATE,TO ANNOTATE,TO ANNOTATE,1279
1280,S6A12_HUMAN,TO ANNOTATE,TO ANNOTATE,TO ANNOTATE,1280
1281,APLP2_HUMAN,TO ANNOTATE,TO ANNOTATE,TO ANNOTATE,1281
1282,AGRG6_HUMAN,TO ANNOTATE,TO ANNOTATE,TO ANNOTATE,1282
1283,HHLA2_HUMAN,TO ANNOTATE,TO ANNOTATE,TO ANNOTATE,1283
1284,GPM6A_HUMAN,TO ANNOTATE,TO ANNOTATE,TO ANNOTATE,1284
1285,CXG1_HUMAN,TO ANNOTATE,TO ANNOTATE,TO ANNOTATE,1285
1286,KCNB2_HUMAN,TO ANNOTATE,TO ANNOTATE,TO ANNOTATE,1286
1287,SC5A7_HUMAN,TO ANNOTATE,TO ANNOTATE,TO ANNOTATE,1287
1288,TPH2_HUMAN,TO ANNOTATE,TO ANNOTATE,TO ANNOTATE,1288
1289,NCTR2_HUMAN,TO ANNOTATE,TO ANNOTATE,TO ANNOTATE,1289
1290,NPFF2_HUMAN,TO ANNOTATE,TO ANNOTATE,TO ANNOTATE,1290
1291,TYRP1_HUMAN,TO ANNOTATE,TO ANNOTATE,TO ANNOTATE,1291
1292,PYY_HUMAN,TO ANNOTATE,TO ANNOTATE,TO ANNOTATE,1292
1293,NICA_HUMAN,TO ANNOTATE,TO ANNOTATE,TO ANNOTATE,1293
1294,ACHB_HUMAN,TO ANNOTATE,TO ANNOTATE,TO ANNOTATE,1294
1295,CD79B_HUMAN,TO ANNOTATE,TO ANNOTATE,TO ANNOTATE,1295
1296,RACK1_HUMAN,TO ANNOTATE,TO ANNOTATE,TO ANNOTATE,1296
1297,AGRB2_HUMAN,TO ANNOTATE,TO ANNOTATE,TO ANNOTATE,1297
1298,GBRA4_HUMAN,TO ANNOTATE,TO ANNOTATE,TO ANNOTATE,1298
1299,GBRD_HUMAN,TO ANNOTATE,TO ANNOTATE,TO ANNOTATE,1299
1300,NRCAM_HUMAN,TO ANNOTATE,TO ANNOTATE,TO ANNOTATE,1300
1301,GBRA2_HUMAN,TO ANNOTATE,TO ANNOTATE,TO ANNOTATE,1301
1302,VGLU2_HUMAN,TO ANNOTATE,TO ANNOTATE,TO ANNOTATE,1302
1303,PAR4_HUMAN,TO ANNOTATE,TO ANNOTATE,TO ANNOTATE,1303
1304,LRRT2_HUMAN,TO ANNOTATE,TO ANNOTATE,TO ANNOTATE,1304
1305,KREM1_HUMAN,TO ANNOTATE,TO ANNOTATE,TO ANNOTATE,1305
1306,CNTP2_HUMAN,TO ANNOTATE,TO ANNOTATE,TO ANNOTATE,1306
1307,NMDE1_HUMAN,TO ANNOTATE,TO ANNOTATE,TO ANNOTATE,1307
1308,GPVI_HUMAN,TO ANNOTATE,TO ANNOTATE,TO ANNOTATE,1308
1309,EDN3_HUMAN,TO ANNOTATE,TO ANNOTATE,TO ANNOTATE,1309
1310,THAS_HUMAN,TO ANNOTATE,TO ANNOTATE,TO ANNOTATE,1310
1311,VGLU3_HUMAN,TO ANNOTATE,TO ANNOTATE,TO ANNOTATE,1311
1312,TEN2_HUMAN,TO ANNOTATE,TO ANNOTATE,TO ANNOTATE,1312
1313,SC6A9_HUMAN,TO ANNOTATE,TO ANNOTATE,TO ANNOTATE,1313
1314,C1QRF_HUMAN,TO ANNOTATE,TO ANNOTATE,TO ANNOTATE,1314
1315,FDX2_HUMAN,TO ANNOTATE,TO ANNOTATE,TO ANNOTATE,1315
1316,CD9_HUMAN,TO ANNOTATE,TO ANNOTATE,TO ANNOTATE,1316
1317,EAA1_HUMAN,TO ANNOTATE,TO ANNOTATE,TO ANNOTATE,1317
1318,UBS3B_HUMAN,TO ANNOTATE,TO ANNOTATE,TO ANNOTATE,1318
1319,KI2S4_HUMAN,TO ANNOTATE,TO ANNOTATE,TO ANNOTATE,1319
1320,LRRT4_HUMAN,TO ANNOTATE,TO ANNOTATE,TO ANNOTATE,1320
1321,KCIP1_HUMAN,TO ANNOTATE,TO ANNOTATE,TO ANNOTATE,1321
1322,TYRO_HUMAN,TO ANNOTATE,TO ANNOTATE,TO ANNOTATE,1322
1323,GBRA6_HUMAN,TO ANNOTATE,TO ANNOTATE,TO ANNOTATE,1323
1324,ASMT_HUMAN,TO ANNOTATE,TO ANNOTATE,TO ANNOTATE,1324
1325,PI16_HUMAN,TO ANNOTATE,TO ANNOTATE,TO ANNOTATE,1325
1326,MPDZ_HUMAN,TO ANNOTATE,TO ANNOTATE,TO ANNOTATE,1326
1327,ADA12_HUMAN,TO ANNOTATE,TO ANNOTATE,TO ANNOTATE,1327
1328,4F2_HUMAN,TO ANNOTATE,TO ANNOTATE,TO ANNOTATE,1328
1329,EDN2_HUMAN,TO ANNOTATE,TO ANNOTATE,TO ANNOTATE,1329
1330,GPR39_HUMAN,TO ANNOTATE,TO ANNOTATE,TO ANNOTATE,1330
1331,GLYM_HUMAN,TO ANNOTATE,TO ANNOTATE,TO ANNOTATE,1331
1332,SLIK3_HUMAN,TO ANNOTATE,TO ANNOTATE,TO ANNOTATE,1332
1333,SSRA_HUMAN,TO ANNOTATE,TO ANNOTATE,TO ANNOTATE,1333
1334,DHB12_HUMAN,TO ANNOTATE,TO ANNOTATE,TO ANNOTATE,1334
1335,ABCG5_HUMAN,TO ANNOTATE,TO ANNOTATE,TO ANNOTATE,1335
1336,TMIG2_HUMAN,TO ANNOTATE,TO ANNOTATE,TO ANNOTATE,1336
1337,C1QR1_HUMAN,TO ANNOTATE,TO ANNOTATE,TO ANNOTATE,1337
1338,GRIK5_HUMAN,TO ANNOTATE,TO ANNOTATE,TO ANNOTATE,1338
1339,VMAT2_HUMAN,TO ANNOTATE,TO ANNOTATE,TO ANNOTATE,1339
1340,KCNK1_HUMAN,TO ANNOTATE,TO ANNOTATE,TO ANNOTATE,1340
1341,S29A2_HUMAN,TO ANNOTATE,TO ANNOTATE,TO ANNOTATE,1341
1342,RXRA_HUMAN,TO ANNOTATE,TO ANNOTATE,TO ANNOTATE,1342
1343,SDC2_HUMAN,TO ANNOTATE,TO ANNOTATE,TO ANNOTATE,1343
1344,FCERG_HUMAN,TO ANNOTATE,TO ANNOTATE,TO ANNOTATE,1344
1345,GBRA1_HUMAN,TO ANNOTATE,TO ANNOTATE,TO ANNOTATE,1345
1346,RARG_HUMAN,TO ANNOTATE,TO ANNOTATE,TO ANNOTATE,1346
1347,GBRE_HUMAN,TO ANNOTATE,TO ANNOTATE,TO ANNOTATE,1347
1348,PK1L1_HUMAN,TO ANNOTATE,TO ANNOTATE,TO ANNOTATE,1348
1349,QRFPR_HUMAN,TO ANNOTATE,TO ANNOTATE,TO ANNOTATE,1349
1350,CGB7_HUMAN,TO ANNOTATE,TO ANNOTATE,TO ANNOTATE,1350
1351,FCERA_HUMAN,TO ANNOTATE,TO ANNOTATE,TO ANNOTATE,1351
1352,AL1A1_HUMAN,TO ANNOTATE,TO ANNOTATE,TO ANNOTATE,1352
1353,FCG3A_HUMAN,TO ANNOTATE,TO ANNOTATE,TO ANNOTATE,1353
1354,LICH_HUMAN,TO ANNOTATE,TO ANNOTATE,TO ANNOTATE,1354
1355,AGRG1_HUMAN,TO ANNOTATE,TO ANNOTATE,TO ANNOTATE,1355
1356,KCNS2_HUMAN,TO ANNOTATE,TO ANNOTATE,TO ANNOTATE,1356
1357,SCNND_HUMAN,TO ANNOTATE,TO ANNOTATE,TO ANNOTATE,1357
1358,SLIK4_HUMAN,TO ANNOTATE,TO ANNOTATE,TO ANNOTATE,1358
1359,NRX1A_HUMAN,TO ANNOTATE,TO ANNOTATE,TO ANNOTATE,1359
1360,TPH1_HUMAN,TO ANNOTATE,TO ANNOTATE,TO ANNOTATE,1360
1361,S29A1_HUMAN,TO ANNOTATE,TO ANNOTATE,TO ANNOTATE,1361
1362,CGB2_HUMAN,TO ANNOTATE,TO ANNOTATE,TO ANNOTATE,1362
1363,SLIK5_HUMAN,TO ANNOTATE,TO ANNOTATE,TO ANNOTATE,1363
1364,PTPRF_HUMAN,TO ANNOTATE,TO ANNOTATE,TO ANNOTATE,1364
1365,RTN4R_HUMAN,TO ANNOTATE,TO ANNOTATE,TO ANNOTATE,1365
1366,PSN1_HUMAN,TO ANNOTATE,TO ANNOTATE,TO ANNOTATE,1366
1367,AGRE2_HUMAN,TO ANNOTATE,TO ANNOTATE,TO ANNOTATE,1367
1368,SSRB_HUMAN,TO ANNOTATE,TO ANNOTATE,TO ANNOTATE,1368
1369,NRX2B_HUMAN,TO ANNOTATE,TO ANNOTATE,TO ANNOTATE,1369
1370,NRX3B_HUMAN,TO ANNOTATE,TO ANNOTATE,TO ANNOTATE,1370
1371,NHRF1_HUMAN,TO ANNOTATE,TO ANNOTATE,TO ANNOTATE,1371
1372,TEN3_HUMAN,TO ANNOTATE,TO ANNOTATE,TO ANNOTATE,1372
1373,AGRB1_HUMAN,TO ANNOTATE,TO ANNOTATE,TO ANNOTATE,1373
1374,LPAR3_HUMAN,TO ANNOTATE,TO ANNOTATE,TO ANNOTATE,1374
1375,TEN1_HUMAN,TO ANNOTATE,TO ANNOTATE,TO ANNOTATE,1375
1376,LRFN3_HUMAN,TO ANNOTATE,TO ANNOTATE,TO ANNOTATE,1376
1377,CLM7_HUMAN,TO ANNOTATE,TO ANNOTATE,TO ANNOTATE,1377
1378,GRM3_HUMAN,TO ANNOTATE,TO ANNOTATE,TO ANNOTATE,1378
1379,CP11A_HUMAN,TO ANNOTATE,TO ANNOTATE,TO ANNOTATE,1379
1380,CNTP1_HUMAN,TO ANNOTATE,TO ANNOTATE,TO ANNOTATE,1380
1381,SSRD_HUMAN,TO ANNOTATE,TO ANNOTATE,TO ANNOTATE,1381
1382,GRM2_HUMAN,TO ANNOTATE,TO ANNOTATE,TO ANNOTATE,1382
1383,GRIK4_HUMAN,TO ANNOTATE,TO ANNOTATE,TO ANNOTATE,1383
1384,NMS_HUMAN,TO ANNOTATE,TO ANNOTATE,TO ANNOTATE,1384
1385,KCNG3_HUMAN,TO ANNOTATE,TO ANNOTATE,TO ANNOTATE,1385
1386,SCNNG_HUMAN,TO ANNOTATE,TO ANNOTATE,TO ANNOTATE,1386
1387,DCHS_HUMAN,TO ANNOTATE,TO ANNOTATE,TO ANNOTATE,1387
1388,CSEN_HUMAN,TO ANNOTATE,TO ANNOTATE,TO ANNOTATE,1388
1389,CNTN2_HUMAN,TO ANNOTATE,TO ANNOTATE,TO ANNOTATE,1389
1390,SCNNB_HUMAN,TO ANNOTATE,TO ANNOTATE,TO ANNOTATE,1390
1391,OX26_HUMAN,TO ANNOTATE,TO ANNOTATE,TO ANNOTATE,1391
1392,PTC1_HUMAN,TO ANNOTATE,TO ANNOTATE,TO ANNOTATE,1392
1393,KI2LA_HUMAN,TO ANNOTATE,TO ANNOTATE,TO ANNOTATE,1393
1394,RXRB_HUMAN,TO ANNOTATE,TO ANNOTATE,TO ANNOTATE,1394
1395,GHSR_HUMAN,TO ANNOTATE,TO ANNOTATE,TO ANNOTATE,1395
1396,S5A2_HUMAN,TO ANNOTATE,TO ANNOTATE,TO ANNOTATE,1396
1397,CP3A4_HUMAN,TO ANNOTATE,TO ANNOTATE,TO ANNOTATE,1397
1398,S29A3_HUMAN,TO ANNOTATE,TO ANNOTATE,TO ANNOTATE,1398
1399,IL31R_HUMAN,TO ANNOTATE,TO ANNOTATE,TO ANNOTATE,1399
1400,LRFN5_HUMAN,TO ANNOTATE,TO ANNOTATE,TO ANNOTATE,1400
1401,NMDE3_HUMAN,TO ANNOTATE,TO ANNOTATE,TO ANNOTATE,1401
1402,AT10A_HUMAN,TO ANNOTATE,TO ANNOTATE,TO ANNOTATE,1402
1403,SC6A1_HUMAN,TO ANNOTATE,TO ANNOTATE,TO ANNOTATE,1403
1404,FLRT2_HUMAN,TO ANNOTATE,TO ANNOTATE,TO ANNOTATE,1404
1405,PCD16_HUMAN,TO ANNOTATE,TO ANNOTATE,TO ANNOTATE,1405
1406,AL1A2_HUMAN,TO ANNOTATE,TO ANNOTATE,TO ANNOTATE,1406
1407,C11B1_HUMAN,TO ANNOTATE,TO ANNOTATE,TO ANNOTATE,1407
1408,REL1_HUMAN,TO ANNOTATE,TO ANNOTATE,TO ANNOTATE,1408
1409,CP19A_HUMAN,TO ANNOTATE,TO ANNOTATE,TO ANNOTATE,1409
1410,DHB1_HUMAN,TO ANNOTATE,TO ANNOTATE,TO ANNOTATE,1410
1411,PAHO_HUMAN,TO ANNOTATE,TO ANNOTATE,TO ANNOTATE,1411
1412,AGRA2_HUMAN,TO ANNOTATE,TO ANNOTATE,TO ANNOTATE,1412
1413,SLIK1_HUMAN,TO ANNOTATE,TO ANNOTATE,TO ANNOTATE,1413
1414,SC6A3_HUMAN,TO ANNOTATE,TO ANNOTATE,TO ANNOTATE,1414
1415,APH1A_HUMAN,TO ANNOTATE,TO ANNOTATE,TO ANNOTATE,1415
1416,ABCG8_HUMAN,TO ANNOTATE,TO ANNOTATE,TO ANNOTATE,1416
1417,DLG4_HUMAN,TO ANNOTATE,TO ANNOTATE,TO ANNOTATE,1417
1418,CATG_HUMAN,TO ANNOTATE,TO ANNOTATE,TO ANNOTATE,1418
1419,DDC_HUMAN,TO ANNOTATE,TO ANNOTATE,TO ANNOTATE,1419
1420,KCND2_HUMAN,TO ANNOTATE,TO ANNOTATE,TO ANNOTATE,1420
1421,SCNNA_HUMAN,TO ANNOTATE,TO ANNOTATE,TO ANNOTATE,1421
1422,RXRG_HUMAN,TO ANNOTATE,TO ANNOTATE,TO ANNOTATE,1422
1423,GLRB_HUMAN,TO ANNOTATE,TO ANNOTATE,TO ANNOTATE,1423
1424,CP21A_HUMAN,TO ANNOTATE,TO ANNOTATE,TO ANNOTATE,1424
1425,TGM2_HUMAN,TO ANNOTATE,TO ANNOTATE,TO ANNOTATE,1425
1426,GRIA1_HUMAN,TO ANNOTATE,TO ANNOTATE,TO ANNOTATE,1426
1427,KCNV1_HUMAN,TO ANNOTATE,TO ANNOTATE,TO ANNOTATE,1427
1428,ALDR_HUMAN,TO ANNOTATE,TO ANNOTATE,TO ANNOTATE,1428
1429,CRLF1_HUMAN,TO ANNOTATE,TO ANNOTATE,TO ANNOTATE,1429
1430,BT3A1_HUMAN,TO ANNOTATE,TO ANNOTATE,TO ANNOTATE,1430
1431,S29A4_HUMAN,TO ANNOTATE,TO ANNOTATE,TO ANNOTATE,1431
1432,NMDE2_HUMAN,TO ANNOTATE,TO ANNOTATE,TO ANNOTATE,1432
1433,DHCR7_HUMAN,TO ANNOTATE,TO ANNOTATE,TO ANNOTATE,1433
1434,AGRB3_HUMAN,TO ANNOTATE,TO ANNOTATE,TO ANNOTATE,1434
1435,PTPRA_HUMAN,TO ANNOTATE,TO ANNOTATE,TO ANNOTATE,1435
1436,CXA3_HUMAN,TO ANNOTATE,TO ANNOTATE,TO ANNOTATE,1436
1437,SLIK6_HUMAN,TO ANNOTATE,TO ANNOTATE,TO ANNOTATE,1437
1438,CBLN1_HUMAN,TO ANNOTATE,TO ANNOTATE,TO ANNOTATE,1438
1439,RTP4_HUMAN,TO ANNOTATE,TO ANNOTATE,TO ANNOTATE,1439
1440,MOT4_HUMAN,TO ANNOTATE,TO ANNOTATE,TO ANNOTATE,1440
1441,SC6A6_HUMAN,TO ANNOTATE,TO ANNOTATE,TO ANNOTATE,1441
1442,EAA5_HUMAN,TO ANNOTATE,TO ANNOTATE,TO ANNOTATE,1442
1443,PERT_HUMAN,TO ANNOTATE,TO ANNOTATE,TO ANNOTATE,1443
1444,NCHL1_HUMAN,TO ANNOTATE,TO ANNOTATE,TO ANNOTATE,1444
1445,CD4_HUMAN,TO ANNOTATE,TO ANNOTATE,TO ANNOTATE,1445
1446,PORED_HUMAN,TO ANNOTATE,TO ANNOTATE,TO ANNOTATE,1446
1447,DHB2_HUMAN,TO ANNOTATE,TO ANNOTATE,TO ANNOTATE,1447
1448,UPK1B_HUMAN,TO ANNOTATE,TO ANNOTATE,TO ANNOTATE,1448
1449,CC50B_HUMAN,TO ANNOTATE,TO ANNOTATE,TO ANNOTATE,1449
1450,EAA4_HUMAN,TO ANNOTATE,TO ANNOTATE,TO ANNOTATE,1450
1451,PACR_HUMAN,TO ANNOTATE,TO ANNOTATE,TO ANNOTATE,1451
1452,AGRL1_HUMAN,TO ANNOTATE,TO ANNOTATE,TO ANNOTATE,1452
1453,DHB3_HUMAN,TO ANNOTATE,TO ANNOTATE,TO ANNOTATE,1453
1454,GBRB2_HUMAN,TO ANNOTATE,TO ANNOTATE,TO ANNOTATE,1454
1455,S6A11_HUMAN,TO ANNOTATE,TO ANNOTATE,TO ANNOTATE,1455
1456,GBRA3_HUMAN,TO ANNOTATE,TO ANNOTATE,TO ANNOTATE,1456
1457,NLGN3_HUMAN,TO ANNOTATE,TO ANNOTATE,TO ANNOTATE,1457
1458,PK1L3_HUMAN,TO ANNOTATE,TO ANNOTATE,TO ANNOTATE,1458
1459,NLGN2_HUMAN,TO ANNOTATE,TO ANNOTATE,TO ANNOTATE,1459
1460,LRRT1_HUMAN,TO ANNOTATE,TO ANNOTATE,TO ANNOTATE,1460
1461,EAA2_HUMAN,TO ANNOTATE,TO ANNOTATE,TO ANNOTATE,1461
1462,GRM5_HUMAN,TO ANNOTATE,TO ANNOTATE,TO ANNOTATE,1462
1463,CY24B_HUMAN,TO ANNOTATE,TO ANNOTATE,TO ANNOTATE,1463
1464,CD81_HUMAN,TO ANNOTATE,TO ANNOTATE,TO ANNOTATE,1464
1465,PKD2_HUMAN,TO ANNOTATE,TO ANNOTATE,TO ANNOTATE,1465
1466,UPK3B_HUMAN,TO ANNOTATE,TO ANNOTATE,TO ANNOTATE,1466
1467,CXA5_HUMAN,TO ANNOTATE,TO ANNOTATE,TO ANNOTATE,1467
1468,PTGIS_HUMAN,TO ANNOTATE,TO ANNOTATE,TO ANNOTATE,1468
1469,ST2A1_HUMAN,TO ANNOTATE,TO ANNOTATE,TO ANNOTATE,1469
1470,EDN1_HUMAN,TO ANNOTATE,TO ANNOTATE,TO ANNOTATE,1470
1471,GRM1_HUMAN,TO ANNOTATE,TO ANNOTATE,TO ANNOTATE,1471
1472,GBRA5_HUMAN,TO ANNOTATE,TO ANNOTATE,TO ANNOTATE,1472
1473,CD1A_HUMAN,TO ANNOTATE,TO ANNOTATE,TO ANNOTATE,1473
1474,DPEP2_HUMAN,TO ANNOTATE,TO ANNOTATE,TO ANNOTATE,1474
1475,C1QL3_HUMAN,TO ANNOTATE,TO ANNOTATE,TO ANNOTATE,1475
1476,GRM8_HUMAN,TO ANNOTATE,TO ANNOTATE,TO ANNOTATE,1476
1477,CD3E_HUMAN,TO ANNOTATE,TO ANNOTATE,TO ANNOTATE,1477
1478,LAT2_HUMAN,TO ANNOTATE,TO ANNOTATE,TO ANNOTATE,1478
1479,TIE1_HUMAN,TO ANNOTATE,TO ANNOTATE,TO ANNOTATE,1479
1480,C1QL2_HUMAN,TO ANNOTATE,TO ANNOTATE,TO ANNOTATE,1480
1481,GLYC_HUMAN,TO ANNOTATE,TO ANNOTATE,TO ANNOTATE,1481
1482,AGRL2_HUMAN,TO ANNOTATE,TO ANNOTATE,TO ANNOTATE,1482
1483,HMR1_HUMAN,TO ANNOTATE,TO ANNOTATE,TO ANNOTATE,1483
1484,ST1E1_HUMAN,TO ANNOTATE,TO ANNOTATE,TO ANNOTATE,1484
1485,ST1A1_HUMAN,TO ANNOTATE,TO ANNOTATE,TO ANNOTATE,1485
1486,BT3A2_HUMAN,TO ANNOTATE,TO ANNOTATE,TO ANNOTATE,1486
1487,KCIP2_HUMAN,TO ANNOTATE,TO ANNOTATE,TO ANNOTATE,1487
1488,FCGR1_HUMAN,TO ANNOTATE,TO ANNOTATE,TO ANNOTATE,1488
1489,PGH1_HUMAN,TO ANNOTATE,TO ANNOTATE,TO ANNOTATE,1489
1490,VACHT_HUMAN,TO ANNOTATE,TO ANNOTATE,TO ANNOTATE,1490
1491,NMDZ1_HUMAN,TO ANNOTATE,TO ANNOTATE,TO ANNOTATE,1491
1492,DHRS9_HUMAN,TO ANNOTATE,TO ANNOTATE,TO ANNOTATE,1492
1493,LPAR1_HUMAN,TO ANNOTATE,TO ANNOTATE,TO ANNOTATE,1493
1494,GRIK3_HUMAN,TO ANNOTATE,TO ANNOTATE,TO ANNOTATE,1494
1495,PNMT_HUMAN,TO ANNOTATE,TO ANNOTATE,TO ANNOTATE,1495
1496,SC6A4_HUMAN,TO ANNOTATE,TO ANNOTATE,TO ANNOTATE,1496
1497,LKHA4_HUMAN,TO ANNOTATE,TO ANNOTATE,TO ANNOTATE,1497
1498,KI2S2_HUMAN,TO ANNOTATE,TO ANNOTATE,TO ANNOTATE,1498
