id_protein,protein_name,tags,tags_reason,tags_description,protein_multidata_id
0,ESR1_HUMAN,,,,0
1,RORB_HUMAN,,,,1
2,ABCA1_HUMAN,,,,2
3,NR1H3_HUMAN,,,,3
4,GCR_HUMAN,,,,4
5,TAFA5_HUMAN,,,,5
6,PROCR_HUMAN,,,,6
7,TAFA4_HUMAN,,,,7
8,G37L1_HUMAN,,,,8
9,NR1H4_HUMAN,,,,9
10,AMRP_HUMAN,,,,10
11,RENR_HUMAN,,,,11
12,ANDR_HUMAN,,,,12
13,NXNL1_HUMAN,,,,13
14,NR1H2_HUMAN,,,,14
15,RORA_HUMAN,,,,15
16,THA_HUMAN,,,,16
17,RORG_HUMAN,,,,17
18,GP15L_HUMAN,,,,18
19,TSP2_HUMAN,,,,19
20,FRIH_HUMAN,,,,20
21,MCR_HUMAN,,,,21
22,PPARG_HUMAN,,,,22
23,PRGR_HUMAN,,,,23
24,THB_HUMAN,,,,24
25,FRIL_HUMAN,,,,25
26,PPARD_HUMAN,,,,26
27,NR1I2_HUMAN,,,,27
28,ESR2_HUMAN,,,,28
29,TAFA1_HUMAN,,,,29
30,VDR_HUMAN,,,,30
31,PPARA_HUMAN,,,,31
32,5HT3E_HUMAN,,,,32
33,CO6A6_HUMAN,,,Collagen,33
34,CO6A5_HUMAN,,,Collagen,34
35,KLRF2_HUMAN,To_comment,Extracellular_add,,35
36,HLAA,,,,36
37,HLAB,,,,37
38,HLAC,,,,38
39,SUPYN_HUMAN,,,retrovirus,39
40,FZD9_HUMAN,To_comment,Extracellular_add,,40
41,CCL24_HUMAN,,,,41
42,LEG9_HUMAN,To_comment,secretedhigh_add | peripheral_add,Ligand for HAVCR2/TIM3 (uniprot),42
43,TR10A_HUMAN,To_add,,TNF_receptor_add (uniprot),43
44,CORT_HUMAN,,,,44
45,BMR1B_HUMAN,,,,45
46,SIRB1_HUMAN,To_add | To_comment,Receptor_add,Iglike | Receptor_add,46
47,AGRP_HUMAN,,,,47
48,LFTY2_HUMAN,,,,48
49,TULP1_HUMAN,,,,49
50,TR11B_HUMAN,,,,50
51,CCRL2_HUMAN,,,,51
52,GFRA2_HUMAN,,,,52
53,AGRIN_HUMAN,,,,53
54,DLL1_HUMAN,,,,54
55,CXCR6_HUMAN,,,,55
56,RNT2_HUMAN,,,,56
57,CCL21_HUMAN,,,,57
58,ACKR2_HUMAN,,,,58
59,PODXL_HUMAN,,,Migration,59
60,CCL22_HUMAN,,,,60
61,WNT7A_HUMAN,,,,61
62,NRG2_HUMAN,,,,62
63,CXL11_HUMAN,,,,63
64,TR10B_HUMAN,To_add,,TNF_receptor_add (uniprot),64
65,NRP1_HUMAN,,,,65
66,TNF11_HUMAN,,,,66
67,GDF8_HUMAN,,,,67
68,TR10C_HUMAN,,,,68
69,TR13B_HUMAN,To_add,,TNF_family (uniprot),69
70,WNT9A_HUMAN,,,,70
71,WNT9B_HUMAN,,,,71
72,NCTR3_HUMAN,To_comment,Extracellular_add,,72
73,EREG_HUMAN,,,,73
74,PLXB2_HUMAN,,,,74
75,SEM3E_HUMAN,,,,75
76,ANGP2_HUMAN,,,,76
77,MUSK_HUMAN,,,,77
78,EPHB6_HUMAN,To_remove,,no ensembl,78
79,GPR37_HUMAN,,,,79
80,CCL25_HUMAN,,,,80
81,CCL16_HUMAN,,,,81
82,FGF10_HUMAN,,,,82
83,PLXB1_HUMAN,,,Migration,83
84,MTLR_HUMAN,,,,84
85,DHH_HUMAN,,,,85
86,TNF12_HUMAN,,,,86
87,GON2_HUMAN,,,,87
88,TNF14_HUMAN,,,,88
89,GALR2_HUMAN,,,,89
90,OREX_HUMAN,To_add | To_comment,secreted_add | extracellular_add,Genecards: hypothalamic neuropeptide precursor protein,90
91,OX1R_HUMAN,,,,91
92,OX2R_HUMAN,,,,92
93,TYOBP_HUMAN,To_add,,complex,93
94,VEGFD_HUMAN,,,,94
95,EFNA2_HUMAN,To_comment,extracellular_add,ligandIUPHAR,95
96,CXL13_HUMAN,,,,96
97,FGF17_HUMAN,,,,97
98,FZD6_HUMAN,To_comment,Extracellular_add,,98
99,GDF9_HUMAN,,,,99
100,NRP2_HUMAN,To_add | To_comment,secretedhigh_add,High affinity receptor for semaphorins | Growthfactor (uniprot),100
101,DSCAM_HUMAN,,,,101
102,PLXC1_HUMAN,To_add | To_comment,transmembrane_add | receptor_add | extracellular_add,"Uniprot: Receptor for SEMA7A, for smallpox semaphorin A39R, vaccinia virus semaphorin A39R and for herpesvirus Sema protein",102
103,CUBN_HUMAN,,,,103
104,PSPN_HUMAN,,,,104
105,GFRA3_HUMAN,,,,105
106,GALR3_HUMAN,,,,106
107,RAMP1_HUMAN,To_add,,complex,107
108,RAMP2_HUMAN,To_add,,complex,108
109,RAMP3_HUMAN,,,,109
110,PLXA2_HUMAN,,,,110
111,FZD7_HUMAN,To_comment,Extracellular_add,,111
112,SLIT1_HUMAN,,,,112
113,LRP4_HUMAN,To_add,,ligandIUPHAR,113
114,ICOSL_HUMAN,To_add|To_comment,Extracellular_add,Iglike,114
115,LRP5_HUMAN,To_add | To_comment,extracellular_add,Component of the Wnt-Fzd-LRP5-LRP6 complex (uniprot),115
116,SEM7A_HUMAN,,,Possible_receptor,116
117,LGR5_HUMAN,,,,117
118,TNR21_HUMAN,,,,118
119,ITA10_HUMAN,To_add,,Integrin (uniprot),119
120,LRP6_HUMAN,,,,120
121,LFTY1_HUMAN,,,,121
122,TNF13_HUMAN,,,,122
123,SLIT2_HUMAN,,,,123
124,DKK1_HUMAN,,,,124
125,S1PR2_HUMAN,,,,125
126,TNF15_HUMAN,,,,126
127,UNC5C_HUMAN,,,,127
128,I18RA_HUMAN,To_add,,Iglike,128
129,5HT3B_HUMAN,,,,129
130,GDF11_HUMAN,,,,130
131,BMP10_HUMAN,,,,131
132,UTS2_HUMAN,,,,132
133,TNF6B_HUMAN,,,,133
134,NET1_HUMAN,,,,134
135,CXL14_HUMAN,,,,135
136,CRTAM_HUMAN,To_add | To_comment,Extracellular_add,Iglike | Possible_receptor,136
137,FGF19_HUMAN,,,,137
138,IL33_HUMAN,,,,138
139,GPR75_HUMAN,,,,139
140,CER1_HUMAN,,,,140
141,GLP2R_HUMAN,,,,141
142,BY55_HUMAN,,,,142
143,BMP15_HUMAN,,,,143
144,WNT11_HUMAN,,,,144
145,EGFR_HUMAN,,,,145
146,THRB_HUMAN,,,,146
147,FA10_HUMAN,,,,147
148,PLMN_HUMAN,,,,148
149,UROK_HUMAN,,,,149
150,RENI_HUMAN,,,,150
151,ANGT_HUMAN,,,,151
152,CO3_HUMAN,,,,152
153,CO5_HUMAN,,,,153
154,KNG1_HUMAN,,,,154
155,PDGFB_HUMAN,,,,155
156,EGF_HUMAN,To_add | To_comment,secreted_add | secreted_high| extracellular _add,Uniprot: EGF stimulates the growth of various epidermal and epithelial tissues in vivo and in vitro and of some fibroblasts in cell culture.,156
157,TGFA_HUMAN,,,,157
158,TGFB1_HUMAN,,,,158
159,NGF_HUMAN,,,,159
160,GON1_HUMAN,,,,160
161,ANF_HUMAN,,,,161
162,NEU1_HUMAN,,,,162
163,NEU2_HUMAN,,,,163
164,COLI_HUMAN,,,,164
165,PENK_HUMAN,,,,165
166,PDYN_HUMAN,,,,166
167,GLHA_HUMAN,,,,167
168,TSHB_HUMAN,,,,168
169,FSHB_HUMAN,,,,169
170,LSHB_HUMAN,,,,170
171,PRL_HUMAN,,,,171
172,SOMA_HUMAN,,,,172
173,SOM2_HUMAN,,,,173
174,CALC_HUMAN,,,,174
175,THYG_HUMAN,,,,175
176,PTHY_HUMAN,,,,176
177,GLUC_HUMAN,,,,177
178,VIP_HUMAN,,,,178
179,SLIB_HUMAN,,,,179
180,INS_HUMAN,,,,180
181,IGF2_HUMAN,,,,181
182,GAST_HUMAN,,,,182
183,TNFB_HUMAN,,,,183
184,TNFA_HUMAN,,,,184
185,IFNA1,,,,185
186,IFNA2_HUMAN,,,,186
187,IFN10_HUMAN,,,,187
188,IFNA7_HUMAN,,,,188
189,IFN21_HUMAN,,,,189
190,IFNA5_HUMAN,,,,190
191,IFN14_HUMAN,,,,191
192,IFN17_HUMAN,,,,192
193,IFNB_HUMAN,,,,193
194,IFNG_HUMAN,,,,194
195,IL1A_HUMAN,,,,195
196,IL1B_HUMAN,,,,196
197,EPO_HUMAN,,,,197
198,IL2RA_HUMAN,To_add,,Cytokine_receptor_add (uniprot),198
199,CD8A_HUMAN,To_comment,Receptor_add,,199
200,CO1A1_HUMAN,,,collagen,200
201,CO2A1_HUMAN,,,collagen,201
202,CO3A1_HUMAN,,,collagen,202
203,CO4A1_HUMAN,,,collagen,203
204,APOA1_HUMAN,,,,204
205,APOE_HUMAN,,,,205
206,APOA2_HUMAN,,,,206
207,FIBA_HUMAN,,,,207
208,FIBB_HUMAN,,,,208
209,FIBG_HUMAN,,,,209
210,ACHA_HUMAN,,,,210
211,FINC_HUMAN,,,,211
212,RET4_HUMAN,,,,212
213,ALBU_HUMAN,,,,213
214,CXCL7_HUMAN,,,,214
215,PLF4_HUMAN,,,,215
216,CXL10_HUMAN,,,,216
217,TFR1_HUMAN,,,,217
218,TRFE_HUMAN,,,,218
219,MIS_HUMAN,,,,219
220,VTNC_HUMAN,,,,220
221,PROC_HUMAN,,,,221
222,ANXA1_HUMAN,,,,222
223,PDGFA_HUMAN,,,,223
224,REL2_HUMAN,,,,224
225,APOB_HUMAN,,,,225
226,CSF2_HUMAN,,,,226
227,THY1_HUMAN,,,,227
228,HG2A_HUMAN,To_comment,Receptor_add,Chemokine_receptor_add,228
229,VWF_HUMAN,,,,229
230,ERBB2_HUMAN,,,,230
231,WNT1_HUMAN,,,,231
232,NTRK1_HUMAN,,,,232
233,IFNW1_HUMAN,,,,233
234,IFNA6_HUMAN,,,,234
235,IFNA4_HUMAN,,,,235
236,IFN16_HUMAN,,,,236
237,IGF1_HUMAN,,,,237
238,A4_HUMAN,To_add,,ligandIUPHAR,238
239,ITB3_HUMAN,,,Migration,239
240,ITB2_HUMAN,To_add,,Integrin (uniprot),240
241,INHA_HUMAN,,,,241
242,IL4_HUMAN,,,,242
243,IL5_HUMAN,,,,243
244,FGF1_HUMAN,,,,244
245,IL6_HUMAN,,,,245
246,ICAM1_HUMAN,To_add | To_comment,,Iglike | ligandIUPHAR,246
247,ITB1_HUMAN,,,Migration,247
248,CO5A2_HUMAN,,,Collagen,248
249,INSR_HUMAN,,,,249
250,LCK_HUMAN,To_comment,Extracellular_add,,250
251,CCKN_HUMAN,,,,251
252,CD2_HUMAN,To_add | To_comment,Receptor_add,Iglike | Receptor_add,252
253,CEAM5_HUMAN,To_comment,Adhesion_add,,253
254,FCER2_HUMAN,,,,254
255,ITAV_HUMAN,To_add | To_comment,Adhesion_add,Migration | Adhesion_add (uniprot),255
256,CRF_HUMAN,,,,256
257,TRBM_HUMAN,To_add,,endothelial cell receptor (uniprot),257
258,PDIA1_HUMAN,,,,258
259,CSF1R_HUMAN,,,,259
260,GP1BA_HUMAN,To_add,,a surface membrane protein of platelets (uniprot),260
261,GRP_HUMAN,,,,261
262,ADRB2_HUMAN,,,,262
263,SAP_HUMAN,,,,263
264,RET_HUMAN,,,,264
265,TSP1_HUMAN,To_add | To_comment,Extracellular_add,Adhesive glycoprotein that mediates cell-to-cell and cell-to-matrix interactions (uniprot),265
266,IGF1R_HUMAN,,,,266
267,CO1A2_HUMAN,,,Collagen,267
268,TNR16_HUMAN,To_add,,TNF_receptor_add (uniprot),268
269,ACM2_HUMAN,,,,269
270,ACM4_HUMAN,,,,270
271,DAF_HUMAN,,,,271
272,MMP2_HUMAN,,,,272
273,INHBA_HUMAN,,,,273
274,ITA2B_HUMAN,To_add,,Integrin (uniprot),274
275,CO4A2_HUMAN,,,Collagen,275
276,PTPRC_HUMAN,To_add | To_comment,transmembrane_add | extracellular_add,Uniprot: Protein tyrosine-protein phosphatase required for T-cell activation,276
277,MET_HUMAN,To_add | To_comment,transmembrane_add | receptor_add | extracellular_add,,277
278,ADRB1_HUMAN,,,,278
279,FGF4_HUMAN,,,,279
280,ITA5_HUMAN,To_add,,Integrin (uniprot),280
281,IL3_HUMAN,,,,281
282,IL6RA_HUMAN,,,,282
283,5HT1A_HUMAN,,,,283
284,ACM5_HUMAN,,,,284
285,ADA2A_HUMAN,,,,285
286,NMB_HUMAN,,,,286
287,FGF2_HUMAN,,,,287
288,DOPO_HUMAN,,,,288
289,CD48_HUMAN,To_comment,Extracellular_add,,289
290,GROA_HUMAN,,,,290
291,INHBB_HUMAN,,,,291
292,WNT2_HUMAN,,,,292
293,CSF1_HUMAN,,,,293
294,PGFRB_HUMAN,To_comment,,Migration,294
295,GIP_HUMAN,,,,295
296,SECR_HUMAN,,,,296
297,LOX5_HUMAN,To_add,,,297
298,CSF3_HUMAN,,,,298
299,CO4A_HUMAN,,,,299
300,NPS_HUMAN,,,,300
301,CFC1_HUMAN,,,,301
302,SAA1_HUMAN,,,,302
303,ELA_HUMAN,,,,303
304,AA3R_HUMAN,,,,304
305,CALCB_HUMAN,,,,305
306,IL8_HUMAN,,,,306
307,CCL3_HUMAN,,,,307
308,OSTP_HUMAN,,,,308
309,TGFB3_HUMAN,To_add | To_comment,extracellular_add,TGFbeta_family | ligandIUPHAR,309
310,KIT_HUMAN,,,,310
311,CD28_HUMAN,To_add | To_comment,Extracellular_add,Iglike,311
312,FGF6_HUMAN,,,,312
313,CLUS_HUMAN,,,,313
314,GHR_HUMAN,,,,314
315,CD8B_HUMAN,To_comment,Receptor_add,,315
316,IAPP_HUMAN,,,,316
317,LAMC1_HUMAN,,,laminin,317
318,ITAM_HUMAN,To_add,,Integrin (uniprot),318
319,ACM1_HUMAN,,,,319
320,BCR_HUMAN,,,,320
321,FGFR1_HUMAN,To_comment,,Migration,321
322,FGF3_HUMAN,,,,322
323,MPRI_HUMAN,To_add | To_comment,transmembrane_add | receptor_add | extracellular_add,,323
324,FGF5_HUMAN,,,,324
325,COBA1_HUMAN,,,Collagen,325
326,CO6A1_HUMAN,,,Collagen,326
327,CO6A2_HUMAN,,,Collagen,327
328,CO6A3_HUMAN,,,Collagen,328
329,PTHR_HUMAN,,,,329
330,BMP2_HUMAN,,,,330
331,BMP4_HUMAN,,,,331
332,CADH1_HUMAN,,,Cadherin,332
333,MOTI_HUMAN,,,,333
334,GP1BB_HUMAN,To_add,,surface membrane protein of platelets (uniprot),334
335,IL7_HUMAN,,,,335
336,CCL4_HUMAN,,,,336
337,TDGF1_HUMAN,,,,337
338,CCL2_HUMAN,,,,338
339,CCL5_HUMAN,,,,339
340,NCAM1_HUMAN,,,,340
341,ICAM2_HUMAN,To_add | To_comment,Extracellular_add,Iglike | ligandIUPHAR,341
342,ITA4_HUMAN,To_add,,Integrin (uniprot),342
343,CEAM1_HUMAN,To_comment,Extracellular_add,Migration,343
344,ONCM_HUMAN,,,,344
345,HLAE_HUMAN,To_add | To_comment,Extracellular_add,Iglike,345
346,COBA2_HUMAN,,,Collagen,346
347,ADRB3_HUMAN,,,,347
348,LYAM1_HUMAN,To_add,,Cell surface adhesion protein (uniprot),348
349,CD99_HUMAN,To_add,,Involved in T-cell adhesion (uniprot),349
350,HGF_HUMAN,To_add | To_comment,secreted_add | secreted_high | extracellular_add,"Uniprot: Potent mitogen for mature parenchymal hepatocyte cells, seems to be a hepatotrophic factor, and acts as a growth factor for a broad spectrum of tissues and cell types.",350
351,DRD2_HUMAN,,,,351
352,PA2GA_HUMAN,,,,352
353,IL1R1_HUMAN,,,,353
354,IL2RB_HUMAN,To_add,,cytokine_receptor,354
355,LIF_HUMAN,,,,355
356,PVR_HUMAN,,,,356
357,IL9_HUMAN,,,,357
358,INGR1_HUMAN,,,,358
359,EZRI_HUMAN,,,,359
360,CSF2R_HUMAN,,,,360
361,AREG_HUMAN,To_add | To_comment,secreted_add | secreted_high | extracellular_add,"Uniprot: Ligand of the EGF receptor/EGFR. Autocrine growth factor as well as a mitogen for a broad range of target cells including astrocytes, Schwann cells and fibroblasts.",361
362,MCP_HUMAN,To_add,,costimulatory factor (uniprot),362
363,VEGFA_HUMAN,,,,363
364,CD1D_HUMAN,,,,364
365,ANPRA_HUMAN,To_add,,Receptor (uniprot),365
366,CD44_HUMAN,,,,366
367,LYAM3_HUMAN,To_add,,Ca2+-dependent receptor (uniprot),367
368,ITB4_HUMAN,,,Integrin,368
369,LEUK_HUMAN,To_add | To_comment,transmembrane_add | extracellular_add,Uniprot: cell surface sialoprotein,369
370,PGFRA_HUMAN,,,,370
371,PECA1_HUMAN,,,,371
372,CTLA4_HUMAN,To_comment,Extracellular_add,,372
373,DPEP1_HUMAN,,,,373
374,PRLR_HUMAN,To_add,,cytokine_receptor,374
375,TSHR_HUMAN,,,,375
376,LYAM2_HUMAN,,,,376
377,CCL3L1,,,,377
378,CD36_HUMAN,,,,378
379,IL7RA_HUMAN,,,,379
380,INAR1_HUMAN,,,,380
381,ITA2_HUMAN,To_add,,Integrin (uniprot),381
382,HLAG_HUMAN,To_add | To_comment,Extracellular_add | Receptor_add,Iglike,382
383,ACHB2_HUMAN,,,,383
384,LEG3_HUMAN,,,,384
385,IBP3_HUMAN,,,,385
386,VGFR1_HUMAN,,,Migration,386
387,BMP7_HUMAN,,,,387
388,ITB5_HUMAN,To_add,,Integrin (uniprot),388
389,ADA2B_HUMAN,To_remove,,no ensembl,389
390,PACA_HUMAN,,,,390
391,IL1RA_HUMAN,,,,391
392,ITB6_HUMAN,To_add,,Integrin (uniprot),392
393,LAG3_HUMAN,To_add | To_comment,,Iglike | Possible_receptor,393
394,ADA2C_HUMAN,,,,394
395,CADH2_HUMAN,,,Migration,395
396,EPOR_HUMAN,,,,396
397,LFA3_HUMAN,To_comment,Extracellular_add,,397
398,VCAM1_HUMAN,To_add | To_comment,,Iglike | ligandIUPHAR,398
399,TNR1A_HUMAN,,,,399
400,GGT1_HUMAN,,,,400
401,CEL_HUMAN,To_remove,,no ensembl,401
402,CXCL2_HUMAN,,,,402
403,CXCL3_HUMAN,,,,403
404,CR2_HUMAN,To_add,,Receptor for complement C3Dd (uniprot),404
405,CD22_HUMAN,To_comment,Receptor_add,,405
406,AL5AP_HUMAN,To_add,,,406
407,ACM3_HUMAN,,,,407
408,TNR1B_HUMAN,,,,408
409,TKN1_HUMAN,,,,409
410,MCH_HUMAN,,,,410
411,TRH_HUMAN,,,,411
412,ITAL_HUMAN,To_comment,Extracellular_add,Integrin,412
413,ITAX_HUMAN,To_add,,Integrin (uniprot),413
414,NTF3_HUMAN,,,,414
415,IL11_HUMAN,,,,415
416,EFNA1_HUMAN,To_comment,extracellular_add,ligandIUPHAR,416
417,CO9A1_HUMAN,,,Collagen,417
418,CO5A1_HUMAN,,,Collagen,418
419,PTN_HUMAN,,,,419
420,NK2R_HUMAN,,,,420
421,FPR1_HUMAN,,,,421
422,CNR1_HUMAN,,,,422
423,SCF_HUMAN,,,,423
424,EPHA1_HUMAN,,,,424
425,DRD1_HUMAN,,,,425
426,C5AR1_HUMAN,,,,426
427,TA2R_HUMAN,,,,427
428,MK_HUMAN,,,,428
429,FGF7_HUMAN,,,,429
430,FGFR2_HUMAN,,,,430
431,CD72_HUMAN,To_add | To_comment,Extracellular_add,Plays a role in B-cell proliferation and differentiation (uniprot),431
432,ERBB3_HUMAN,,,,432
433,DRD4_HUMAN,,,,433
434,DRD5_HUMAN,,,,434
435,BMP5_HUMAN,,,,435
436,BMP6_HUMAN,,,,436
437,CADH3_HUMAN,,,Cadherin,437
438,IL10_HUMAN,,,,438
439,CCL1_HUMAN,,,,439
440,FGFR4_HUMAN,,,Migration,440
441,GALA_HUMAN,,,,441
442,FGFR3_HUMAN,,,,442
443,LSHR_HUMAN,,,,443
444,MRC1_HUMAN,,,,444
445,ITA6_HUMAN,,,Integrin,445
446,PTPRZ_HUMAN,,,,446
447,TNFL4_HUMAN,To_add,,ligandIUPHAR,447
448,BDNF_HUMAN,,,,448
449,FSHR_HUMAN,,,,449
450,IL4RA_HUMAN,,,,450
451,TENA_HUMAN,,,,451
452,HRH2_HUMAN,,,,452
453,CXCR1_HUMAN,,,,453
454,CXCR2_HUMAN,,,,454
455,CD24_HUMAN,,,cancer antigen,455
456,CO8A2_HUMAN,,,Collagen,456
457,FPR3_HUMAN,,,,457
458,FPR2_HUMAN,,,,458
459,ADA1D_HUMAN,,,,459
460,NK1R_HUMAN,,,,460
461,ACKR3_HUMAN,To_comment,Receptor_add,CoReceptor_Acts as coreceptor with CXCR4 for a restricted number of HIV isolates (uniprot),461
462,TNR6_HUMAN,,,,462
463,CO5A3_HUMAN,,,Collagen,463
464,TNR5_HUMAN,To_comment,Extracellular_add,,464
465,ITA3_HUMAN,,,Integrin,465
466,ITB7_HUMAN,To_add,,Integrin (uniprot),466
467,ITB8_HUMAN,To_add,,Integrin (uniprot),467
468,CNTF_HUMAN,To_add,,ligandIUPHAR,468
469,NKG2A_HUMAN,To_add | To_comment,Extracellular_add,KLR_add (uniprot),469
470,NKG2C_HUMAN,To_add | To_comment,Extracellular_add,KLR_add (uniprot),470
471,NKG2D_HUMAN,To_comment,Extracellular_add,,471
472,CD27_HUMAN,To_add,,Cytokine_receptor_add (uniprot),472
473,HGFL_HUMAN,To_remove,,no ensembl,473
474,IL3RA_HUMAN,To_add,,cytokine_receptor,474
475,CNTFR_HUMAN,,,,475
476,AVR2A_HUMAN,To_add,,complex (uniprot),476
477,DPP4_HUMAN,,,,477
478,GDF1_HUMAN,,,,478
479,CO8A1_HUMAN,,,Collagen,479
480,IL1R2_HUMAN,,,,480
481,5HT1D_HUMAN,,,,481
482,5HT1B_HUMAN,,,,482
483,5HT2A_HUMAN,,,,483
484,5HT2C_HUMAN,,,,484
485,NMBR_HUMAN,,,,485
486,5HT1E_HUMAN,,,,486
487,CD34_HUMAN,To_add,,Possible adhesion molecule (uniprot),487
488,CD38_HUMAN,To_add,,moonlights as a receptor in cells of the immune system (uniprot),488
489,TNR8_HUMAN,,,,489
490,AA2AR_HUMAN,,,,490
491,AA2BR_HUMAN,,,,491
492,EPHA2_HUMAN,,,Migration,492
493,EPHA3_HUMAN,,,Migration,493
494,EPHA8_HUMAN,,,,494
495,EPHB2_HUMAN,To_comment,Adhesion_add,,495
496,NK3R_HUMAN,,,,496
497,CO4A5_HUMAN,,,Collagen,497
498,IL12A_HUMAN,,,,498
499,IL12B_HUMAN,,,,499
500,CD40L_HUMAN,,,,500
501,CD6_HUMAN,,,,501
502,BKRB2_HUMAN,,,,502
503,HLAF_HUMAN,To_add,,Iglike,503
504,V2R_HUMAN,,,,504
505,UFO_HUMAN,,,,505
506,ACHA5_HUMAN,,,,506
507,AA1R_HUMAN,,,,507
508,GRPR_HUMAN,,,,508
509,AGTR1_HUMAN,,,,509
510,OXYR_HUMAN,,,,510
511,SSR1_HUMAN,,,,511
512,SSR2_HUMAN,,,,512
513,ACHB4_HUMAN,,,,513
514,5HT1F_HUMAN,,,,514
515,GNRHR_HUMAN,,,,515
516,CALCR_HUMAN,,,,516
517,NEUT_HUMAN,,,,517
518,CD52_HUMAN,,,,518
519,FGF9_HUMAN,,,,519
520,SSR4_HUMAN,,,Migration,520
521,IL2RG_HUMAN,To_add,,cytokine_receptor,521
522,CEAM8_HUMAN,To_comment,Adhesion_add,,522
523,L1CAM_HUMAN,,,,523
524,CCKAR_HUMAN,,,,524
525,GASR_HUMAN,,,,525
526,VIPR1_HUMAN,,,,526
527,MC4R_HUMAN,,,,527
528,CCR1_HUMAN,,,,528
529,CCR7_HUMAN,,,,529
530,ACHA3_HUMAN,,,,530
531,CXCR5_HUMAN,,,,531
532,SSR3_HUMAN,,,,532
533,IFNA8_HUMAN,,,,533
534,IL3RB_HUMAN,To_add,,cytokine_receptor,534
535,ICAM3_HUMAN,To_add | To_comment,Extracellular_add,Iglike,535
536,CD70_HUMAN,To_add | To_comment,secreted_highlight,Cytokine that binds to CD27 (uniprot),536
537,TNFL8_HUMAN,To_add,,ligandIUPHAR,537
538,MC5R_HUMAN,,,,538
539,CADH5_HUMAN,,,Cadherin,539
540,CD80_HUMAN,To_add | To_comment,Extracellular_add,Iglike,540
541,NTF4_HUMAN,,,,541
542,RYK_HUMAN,To_remove,,no ensembl,542
543,5HT7R_HUMAN,,,,543
544,CNR2_HUMAN,,,,544
545,TRFR_HUMAN,,,,545
546,PE2R1_HUMAN,,,,546
547,CRFR1_HUMAN,,,,547
548,BTC_HUMAN,,,,548
549,IL13_HUMAN,,,,549
550,ADML_HUMAN,,,,550
551,SSR5_HUMAN,,,,551
552,ADA1A_HUMAN,,,,552
553,HRH1_HUMAN,,,,553
554,ADA1B_HUMAN,,,,554
555,OPRM_HUMAN,,,,555
556,PE2R4_HUMAN,,,,556
557,APJ_HUMAN,,,,557
558,DRD3_HUMAN,,,,558
559,FBN1_HUMAN,,,,559
560,BASI_HUMAN,,,Possible_receptor,560
561,VGFR3_HUMAN,,,,561
562,VGFR2_HUMAN,,,,562
563,ACHA7_HUMAN,,,,563
564,FLT3_HUMAN,To_add | To_comment,Extracellular_add,Iglike,564
565,BMR1A_HUMAN,To_add | To_comment,Extracellular_add,complex (uniprot),565
566,ACV1B_HUMAN,,,IUPHAR,566
567,TGFR1_HUMAN,,,,567
568,TNR3_HUMAN,To_add,,TNF_receptor_add (uniprot),568
569,ACVL1_HUMAN,,,,569
570,TGFR2_HUMAN,,,,570
571,V1AR_HUMAN,,,,571
572,INGR2_HUMAN,,,,572
573,ITAE_HUMAN,To_add,,Integrin (uniprot),573
574,COFA1_HUMAN,,,Collagen,574
575,COIA1_HUMAN,,,Collagen,575
576,GDNF_HUMAN,,,,576
577,IL6RB_HUMAN,,,,577
578,CEAM6_HUMAN,To_comment,Adhesion_add,,578
579,TACT_HUMAN,To_add | To_comment,Receptor_add | Extracellular_add,Iglike | Receptor_add,579
580,TPO_HUMAN,,,,580
581,TPOR_HUMAN,,,,581
582,IL15_HUMAN,,,,582
583,OPRD_HUMAN,,,,583
584,OPRK_HUMAN,,,,584
585,OPRX_HUMAN,,,,585
586,LEP_HUMAN,,,,586
587,OX2G_HUMAN,To_comment,Extracellular_add,,587
588,WNT5A_HUMAN,,,,588
589,TNFL9_HUMAN,To_add,,ligandIUPHAR,589
590,VIPR2_HUMAN,,,,590
591,5HT2B_HUMAN,,,,591
592,CCR2_HUMAN,,,,592
593,MC3R_HUMAN,,,,593
594,CD86_HUMAN,To_comment,Extracellular_add,,594
595,ASIP_HUMAN,,,,595
596,I12R1_HUMAN,To_add,,cytokine_receptor,596
597,LIFR_HUMAN,,,,597
598,CXCL5_HUMAN,,,,598
599,GDF5_HUMAN,,,,599
600,PF2R_HUMAN,,,,600
601,PE2R3_HUMAN,,,,601
602,PE2R2_HUMAN,,,,602
603,PI2R_HUMAN,,,,603
604,DCC_HUMAN,To_add,,Iglike,604
605,GLP1R_HUMAN,,,,605
606,TNR4_HUMAN,To_add,,TNF_receptor_add (uniprot),606
607,KI2L1_HUMAN,To_comment,Extracellular_add,,607
608,KI2L3_HUMAN,To_comment,Extracellular_add,,608
609,KI3L1_HUMAN,To_comment,Extracellular_add,,609
610,KI3L2_HUMAN,To_comment,Extracellular_add,,610
611,ACHA4_HUMAN,,,,611
612,GPR1_HUMAN,,,,612
613,CCR10_HUMAN,,,,613
614,XCR1_HUMAN,,,,614
615,5HT3A_HUMAN,,,,615
616,BAG6_HUMAN,To_add | To_comment,Extracellular_add,complex,616
617,NOTC1_HUMAN,,,,617
618,BKRB1_HUMAN,,,Migration,618
619,GALR1_HUMAN,,,,619
620,GLR_HUMAN,,,,620
621,SCTR_HUMAN,,,,621
622,5HT5A_HUMAN,,,,622
623,V1BR_HUMAN,,,,623
624,XCL1_HUMAN,,,,624
625,TNFL6_HUMAN,,,,625
626,MTR1A_HUMAN,,,,626
627,SDF1_HUMAN,,,,627
628,NPBW1_HUMAN,,,,628
629,NPBW2_HUMAN,,,,629
630,LEPR_HUMAN,To_comment,Receptor_add,,630
631,GIPR_HUMAN,,,,631
632,INAR2_HUMAN,,,,632
633,NMU_HUMAN,,,,633
634,CD97_HUMAN,,,,634
635,PTH2R_HUMAN,,,,635
636,CX3C1_HUMAN,,,,636
637,MTR1B_HUMAN,,,,637
638,CXCR3_HUMAN,,,,638
639,PRLHR_HUMAN,,,,639
640,GPR15_HUMAN,,,,640
641,PLGF_HUMAN,,,,641
642,VEGFB_HUMAN,,,,642
643,VEGFC_HUMAN,,,,643
644,FLT3L_HUMAN,,,,644
645,ENTP1_HUMAN,To_add | To_comment,transmembrane_add | extracellular_add,,645
646,AGTR2_HUMAN,,,,646
647,5HT6R_HUMAN,,,,647
648,TNF10_HUMAN,To_add,,ligandIUPHAR,648
649,INSL3_HUMAN,,,,649
650,GPC3_HUMAN,,,,650
651,CCL11_HUMAN,,,,651
652,CCR3_HUMAN,,,,652
653,CCR4_HUMAN,,,,653
654,CCR5_HUMAN,,,,654
655,CCR6_HUMAN,,,,655
656,CCR8_HUMAN,,,,656
657,CCR9_HUMAN,,,,657
658,PLXA3_HUMAN,,,,658
659,GP143_HUMAN,,,,659
660,EFNA3_HUMAN,To_comment,extracellular_add,,660
661,EFNA4_HUMAN,,,,661
662,EFNB2_HUMAN,To_add,,ligandIUPHAR,662
663,EFNA5_HUMAN,To_comment,extracellular_add,,663
664,CO4A4_HUMAN,,,Collagen,664
665,ITA8_HUMAN,,,Integrin,665
666,MOT1_HUMAN,,,,666
667,EPHB3_HUMAN,To_comment,Adhesion_add,Migration,667
668,EPHA5_HUMAN,To_comment,Adhesion_add,,668
669,EPHB4_HUMAN,To_comment,Adhesion_add,,669
670,EPHB1_HUMAN,,,,670
671,EPHA4_HUMAN,,,,671
672,GAS1_HUMAN,,,,672
673,IOD3_HUMAN,,,,673
674,FGF8_HUMAN,,,,674
675,UCN1_HUMAN,,,,675
676,INHBC_HUMAN,,,,676
677,GDF10_HUMAN,,,,677
678,CADH6_HUMAN,,,Cadherin,678
679,CCL23_HUMAN,,,,679
680,CCL18_HUMAN,,,,680
681,FCGRN_HUMAN,,,,681
682,GFRA1_HUMAN,,,,682
683,ITA1_HUMAN,To_add,,Integrin (uniprot),683
684,WNT3_HUMAN,,,,684
685,WNT3A_HUMAN,,,,685
686,WNT4_HUMAN,,,,686
687,WNT7B_HUMAN,,,,687
688,NRG3_HUMAN,,,,688
689,JAM2_HUMAN,To_comment,Adhesion_add,,689
690,INHBE_HUMAN,,,,690
691,PROK1_HUMAN,,,,691
692,LIRA4_HUMAN,To_add,,Iglike,692
693,IL2_HUMAN,,,,693
694,CXCR4_HUMAN,,,,694
695,SMS_HUMAN,,,,695
696,B2MG_HUMAN,To_add,,Iglike,696
697,TGFB2_HUMAN,,,,697
698,PPIA_HUMAN,,,,698
699,SHPS1_HUMAN,To_add | To_comment,Receptor_add | Extracellular_add,Iglike | Receptor_add,699
700,X3CL1_HUMAN,,,,700
701,JAG1_HUMAN,To_add | To_comment,transmembrane_add | extracellular_add,,701
702,RELN_HUMAN,,,,702
703,I13R1_HUMAN,To_add,,cytokine_receptor,703
704,CCL20_HUMAN,,,,704
705,CCL8_HUMAN,,,,705
706,CCL7_HUMAN,,,,706
707,CXCL6_HUMAN,,,,707
708,NGAL_HUMAN,,,,708
709,DLK1_HUMAN,To_add | To_comment,transmembrane_add | extracellular_add,,709
710,PRRP_HUMAN,,,,710
711,VLDLR_HUMAN,To_add,,Binds VLDL (uniprot),711
712,EFNB1_HUMAN,To_add | To_comment,transmembrane_add | extracellular_add,Uniprot: Binds to the receptor tyrosine kinases EPHB1 and EPHA1.,712
713,NDP_HUMAN,,,,713
714,IL9R_HUMAN,,,,714
715,IL5RA_HUMAN,To_add,,cytokine_receptor,715
716,ILRL1_HUMAN,,,,716
717,ACTHR_HUMAN,,,,717
718,MSHR_HUMAN,,,,718
719,CO4A3_HUMAN,,,Collagen,719
720,ROR1_HUMAN,To_add,,Iglike,720
721,ROR2_HUMAN,,,,721
722,TNR17_HUMAN,,,,722
723,NRG1_HUMAN,,,,723
724,CO7A1_HUMAN,,,Collagen,724
725,DSG1_HUMAN,,,desmosome junctions,725
726,DSC2_HUMAN,,,desmosome junctions,726
727,GHRHR_HUMAN,,,,727
728,TIE2_HUMAN,,,,728
729,TGBR3_HUMAN,,,Migration,729
730,UPAR_HUMAN,,,,730
731,PTH1R_HUMAN,,,,731
732,COAA1_HUMAN,,,Collagen,732
733,NOTC2_HUMAN,,,,733
734,ACVR1_HUMAN,To_add,,Receptor for activin. (uniprot),734
735,RON_HUMAN,To_add,,Receptor tyrosine kinase that transduces signals from the extracellular matrix into the cytoplasm by binding to MST1 ligand. (uniprot),735
736,COEA1_HUMAN,,,Collagen,736
737,ACHB3_HUMAN,,,,737
738,TYRO3_HUMAN,,,,738
739,TNFC_HUMAN,To_add,,ligandIUPHAR,739
740,TNR9_HUMAN,To_add,,TNF_receptor_add (uniprot),740
741,COGA1_HUMAN,,,Collagen,741
742,CXCL9_HUMAN,,,,742
743,NKG2E_HUMAN,To_add,,KLR_add (uniprot),743
744,I10R2_HUMAN,To_add,,cytokine_receptor,744
745,DSC1_HUMAN,,,desmosome junctions,745
746,CD47_HUMAN,To_comment,Receptor_add | Extracellular_add,,746
747,FGL1_HUMAN,,,,747
748,APOBR_HUMAN,,,,748
749,BST2_HUMAN,,,,749
750,CNTN1_HUMAN,,,,750
751,MERTK_HUMAN,To_add,,Iglike,751
752,KLRB1_HUMAN,To_add | To_comment,Extracellular_add,KLR_add (uniprot),752
753,IL24_HUMAN,,,,753
754,KLRD1_HUMAN,To_add,,KLR_add (uniprot),754
755,PD2R_HUMAN,,,,755
756,I15RA_HUMAN,To_add,,Cytokine_receptor (uniprot),756
757,SEM3F_HUMAN,,,,757
758,GPR17_HUMAN,,,,758
759,CRFR2_HUMAN,,,,759
760,PTPRS_HUMAN,To_add,,Iglike,760
761,ITAD_HUMAN,To_add,,Integrin,761
762,FZD5_HUMAN,To_comment,Extracellular_add,,762
763,MADCA_HUMAN,To_add | To_comment,extracellular_add,ligandIUPHAR,763
764,IL18R_HUMAN,To_add,,Iglike,764
765,PNOC_HUMAN,,,,765
766,SEM5A_HUMAN,To_add | To_comment,,Ligand for receptor PLXNB3. (uniprot),766
767,5HT4R_HUMAN,,,,767
768,I10R1_HUMAN,To_add,,cytokine_receptor,768
769,ITA7_HUMAN,To_add | To_comment,Adhesion_add,Migration | Adhesion_add (uniprot),769
770,AVR2B_HUMAN,,,IUPHAR,770
771,CD166_HUMAN,To_comment,Extracellular_add,,771
772,ITA9_HUMAN,To_add,,Integrin,772
773,BMPR2_HUMAN,,,,773
774,CO4A6_HUMAN,,,Collagen,774
775,CO9A3_HUMAN,,,Collagen,775
776,CO9A2_HUMAN,,,Collagen,776
777,LRP8_HUMAN,,,,777
778,IL18_HUMAN,,,,778
779,DSG2_HUMAN,,,desmosome junctions,779
780,IL27B_HUMAN,,,,780
781,SELPL_HUMAN,To_add,,calcium-dependent interactions with E-,781
782,FZD2_HUMAN,To_comment,Extracellular_add,,782
783,GAS6_HUMAN,,,,783
784,SEM3A_HUMAN,,,,784
785,DSC3_HUMAN,,,desmosome junctions,785
786,IHH_HUMAN,,,,786
787,I11RA_HUMAN,To_add,,cytokine_receptor,787
788,I13R2_HUMAN,To_add,,cytokine_receptor,788
789,ICAM4_HUMAN,,,,789
790,KI3S1_HUMAN,,,,790
791,COJA1_HUMAN,,,Collagen,791
792,PDCD1_HUMAN,To_add | To_comment,Iglike | Receptor | Extracellular_add,Uniprot description,792
793,PVRL1_HUMAN,,,,793
794,ERBB4_HUMAN,,,Migration,794
795,EPHA7_HUMAN,To_comment,Adhesion_add,,795
796,ANGP1_HUMAN,,,,796
797,SHH_HUMAN,,,,797
798,LT4R1_HUMAN,,,,798
799,AAAT_HUMAN,,,,799
800,CD226_HUMAN,To_comment,Extracellular_add,,800
801,EFNB3_HUMAN,To_add,,ligandIUPHAR,801
802,ACHA2_HUMAN,,,,802
803,ACHA6_HUMAN,,,,803
804,ADIPO_HUMAN,,,,804
805,NTRK3_HUMAN,To_add,,Iglike,805
806,IL17_HUMAN,,,,806
807,ACKR1_HUMAN,To_add,,Atypical chemokine receptor (uniprot),807
808,C3AR_HUMAN,,,,808
809,CALRL_HUMAN,,,,809
810,NTRK2_HUMAN,,,,810
811,CCL14_HUMAN,,,,811
812,CCL15_HUMAN,,,,812
813,AMHR2_HUMAN,To_add,,receptor complex (uniprot),813
814,LAMA3_HUMAN,,,laminin,814
815,COOA1_HUMAN,,,Collagen,815
816,MICB_HUMAN,To_comment,Extracellular_add,,816
817,MICA_HUMAN,,,,817
818,RSPO4_HUMAN,,,,818
819,RSPO1_HUMAN,,,,819
820,COSA1_HUMAN,,,Collagen,820
821,HFE_HUMAN,,,HLA,821
822,TIGIT_HUMAN,To_comment,Extracellular_add,,822
823,CDON_HUMAN,,,,823
824,TRML2_HUMAN,,,,824
825,SFRP5_HUMAN,,,,825
826,ARTN_HUMAN,,,,826
827,CODA1_HUMAN,,,Collagen,827
828,IL23R_HUMAN,,,,828
829,RET1L_HUMAN,,,,829
830,CD276_HUMAN,To_add | To_comment,,Iglike | Possible_receptor,830
831,NR3L1_HUMAN,To_comment,Extracellular_add,,831
832,SFRP4_HUMAN,,,,832
833,LAIR1_HUMAN,,,,833
834,RET1G_HUMAN,,,,834
835,SIGIR_HUMAN,To_add,,Iglike,835
836,GDF6_HUMAN,,,,836
837,CSPG4_HUMAN,,,Migration,837
838,CLC2A_HUMAN,To_comment,Extracellular_add,,838
839,IGFL1_HUMAN,,,,839
840,EPGN_HUMAN,,,,840
841,I27RA_HUMAN,To_add,,cytokine_receptor,841
842,IGFL2_HUMAN,,,,842
843,IGFL3_HUMAN,,,,843
844,I20RB_HUMAN,To_add,,cytokine_receptor,844
845,RSPO2_HUMAN,,,,845
846,UNC5D_HUMAN,,,,846
847,NPSR1_HUMAN,,,,847
848,SOSD1_HUMAN,,,,848
849,NSMF_HUMAN,,,,849
850,SIG15_HUMAN,To_add | To_comment,Adhesion_add,Iglike,850
851,SCAR5_HUMAN,,,,851
852,IL34_HUMAN,,,,852
853,UNC5A_HUMAN,,,,853
854,5HT3D_HUMAN,,,,854
855,UTS2B_HUMAN,,,,855
856,CTSR4_HUMAN,,,,856
857,ADM2_HUMAN,,,,857
858,GDF7_HUMAN,,,,858
859,BMP8A_HUMAN,,,,859
860,BTLA_HUMAN,To_add,extracellular_add,ligandIUPHAR,860
861,ADR2_HUMAN,,,,861
862,IFNE_HUMAN,,,,862
863,CTSRD_HUMAN,,,,863
864,CTSR3_HUMAN,,,,864
865,TM219_HUMAN,,,,865
866,GPHB5_HUMAN,,,,866
867,KLOTB_HUMAN,,,,867
868,IFNL1_HUMAN,,,,868
869,INLR1_HUMAN,To_add,,cytokine_receptor,869
870,HUNIN_HUMAN,To_remove,,no ensembl,870
871,CORA1_HUMAN,,,Collagen,871
872,IFNL3_HUMAN,,,,872
873,IFNL2_HUMAN,,,,873
874,UNC5B_HUMAN,,,,874
875,CADM3_HUMAN,,,,875
876,LIRB2_HUMAN,To_add,,Iglike,876
877,SFRP1_HUMAN,,,,877
878,I22R1_HUMAN,To_add,,cytokine_receptor,878
879,CD177_HUMAN,To_comment,Adhesion_add,,879
880,NPW_HUMAN,,,,880
881,I17RC_HUMAN,,,,881
882,DGLB_HUMAN,,,,882
883,CTSR1_HUMAN,,,,883
884,ACV1C_HUMAN,To_add,,Receptor for activin AB,884
885,IL27A_HUMAN,,,,885
886,PKR2_HUMAN,,,,886
887,I17RE_HUMAN,,,,887
888,COMA1_HUMAN,,,Collagen,888
889,SEM6D_HUMAN,,,Possible_receptor,889
890,CADM4_HUMAN,To_add,,Iglike,890
891,NPB_HUMAN,,,,891
892,LIRB4_HUMAN,,,,892
893,LIRB1_HUMAN,,,,893
894,PKR1_HUMAN,,,,894
895,N2DL4_HUMAN,To_add,,Binds and activates the KLRK1/NKG2D receptor (uniprot),895
896,MO2R1_HUMAN,,,,896
897,HAVR2_HUMAN,To_add | To_comment,Receptor_add | Extracellular_add,Iglike. Cell surface receptor implicated in modulating innate and adaptive immune responses (uniprot),897
898,OXER1_HUMAN,,,,898
899,RL3R2_HUMAN,,,,899
900,GP151_HUMAN,,,,900
901,S22AH_HUMAN,,,,901
902,NRG4_HUMAN,,,,902
903,IL1FA_HUMAN,,,,903
904,5HT3C_HUMAN,,,,904
905,RXFP2_HUMAN,,,,905
906,REL3_HUMAN,,,,906
907,CLC2B_HUMAN,To_add | To_comment,Extracellular_add,member of the C-type lectin/C-type lectin-like domain (CTL/CTLD) superfamily. NK cell signalling. Reviewed in PMID:24987108,907
908,CCL17_HUMAN,,,,908
909,SORL_HUMAN,To_add,,Likely to be a multifunctional endocytic receptor (uniprot),909
910,PVRL2_HUMAN,To_comment,Extracellular_add,,910
911,SFRP3_HUMAN,,,,911
912,SEM4D_HUMAN,,,,912
913,GSLG1_HUMAN,To_add | To_comment,transmembrane_add | extracellular_add,Uniprot: Binds E-selectin,913
914,TNR14_HUMAN,To_add,,TNF_receptor_add (uniprot),914
915,TNR25_HUMAN,,,,915
916,WNT2B_HUMAN,,,,916
917,WNT8B_HUMAN,,,,917
918,TSLP_HUMAN,,,,918
919,UCN3_HUMAN,,,,919
920,MCHR2_HUMAN,,,,920
921,ADR1_HUMAN,,,,921
922,COQA1_HUMAN,,,Collagen,922
923,TIP39_HUMAN,,,,923
924,ESAM_HUMAN,,,,924
925,KLRG1_HUMAN,,,,925
926,I17RA_HUMAN,,,,926
927,SFRP2_HUMAN,,,,927
928,SIG10_HUMAN,,,Sialic acid-binding Ig-like,928
929,ROBO3_HUMAN,To_add,,Iglike,929
930,PVRL4_HUMAN,,,,930
931,COLA1_HUMAN,,,Collagen,931
932,CTSR2_HUMAN,,,,932
933,GNRR2_HUMAN,To_remove,,no ensembl,933
934,IL17F_HUMAN,,,,934
935,HHIP_HUMAN,,,,935
936,TR13C_HUMAN,To_add,,TNF_receptor_add (uniprot),936
937,UCN2_HUMAN,,,,937
938,NODAL_HUMAN,,,,938
939,GPHA2_HUMAN,,,,939
940,CSF3R_HUMAN,,,,940
941,HBEGF_HUMAN,,,,941
942,NELL2_HUMAN,,,,942
943,NOTC4_HUMAN,,,,943
944,SORT_HUMAN,,,,944
945,GPER1_HUMAN,,,,945
946,CCL13_HUMAN,,,,946
947,OSMR_HUMAN,To_add,,cytokine_receptor,947
948,I12R2_HUMAN,To_add,,cytokine_receptor,948
949,MCHR1_HUMAN,,,,949
950,COCA1_HUMAN,,,Collagen,950
951,CCL19_HUMAN,,,,951
952,NRTN_HUMAN,,,,952
953,CML1_HUMAN,,,,953
954,RARR2_HUMAN,,,,954
955,OMD_HUMAN,,,,955
956,SEM3C_HUMAN,,,,956
957,PD1L2_HUMAN,To_comment,Extracellular_add,,957
958,SPXN_HUMAN,,,,958
959,BOC_HUMAN,,,,959
960,JAM3_HUMAN,,,,960
961,STRA6_HUMAN,,,,961
962,LGR4_HUMAN,,,,962
963,AMNLS_HUMAN,,,,963
964,RSPO3_HUMAN,,,,964
965,CADM1_HUMAN,To_comment,Extracellular_add,,965
966,N2DL3_HUMAN,To_comment,Extracellular_add,,966
967,N2DL2_HUMAN,,,,967
968,N2DL1_HUMAN,To_comment,Receptor_add | Extracellular_add,,968
969,CD244_HUMAN,To_comment,Extracellular_add,,969
970,SN_HUMAN,,,Sialic acid-binding Ig-like,970
971,SEM4C_HUMAN,To_comment,Receptor_add,,971
972,PDGFD_HUMAN,,,,972
973,NMUR2_HUMAN,,,,973
974,WN10A_HUMAN,,,,974
975,FGF23_HUMAN,,,,975
976,IL22_HUMAN,,,,976
977,GFRA4_HUMAN,,,,977
978,WNT8A_HUMAN,,,,978
979,WNT5B_HUMAN,,,,979
980,IL25_HUMAN,,,,980
981,CXL16_HUMAN,,,,981
982,SEM6A_HUMAN,,,Possible_receptor,982
983,CLC4M_HUMAN,,,,983
984,HRH4_HUMAN,,,,984
985,SEM4A_HUMAN,,,,985
986,FZD8_HUMAN,To_comment,Extracellular_add,,986
987,E41L1_HUMAN,To_add,,,987
988,IGFR1_HUMAN,,,,988
989,ILRL2_HUMAN,To_add,,Iglike,989
990,NET4_HUMAN,,,,990
991,NMUR1_HUMAN,,,,991
992,IL21_HUMAN,,,,992
993,IL21R_HUMAN,To_add,,cytokine_receptor,993
994,LGR6_HUMAN,,,,994
995,RXFP1_HUMAN,,,,995
996,PROK2_HUMAN,,,,996
997,CRLF2_HUMAN,,,,997
998,ROBO2_HUMAN,To_add | To_comment,Receptor_add,Iglike | Receptor_add,998
999,PLXA4_HUMAN,,,,999
1000,FGF22_HUMAN,,,,1000
1001,CD209_HUMAN,,,,1001
1002,TNR12_HUMAN,To_add,,TNF_receptor_add (uniprot),1002
1003,FGF20_HUMAN,,,,1003
1004,ACKR4_HUMAN,,,,1004
1005,LT4R2_HUMAN,,,,1005
1006,IL23A_HUMAN,,,,1006
1007,FZD3_HUMAN,To_comment,Extracellular_add,,1007
1008,IL1AP_HUMAN,,,,1008
1009,IL26_HUMAN,,,,1009
1010,PVRL3_HUMAN,To_comment,Extracellular_add,,1010
1011,GDF3_HUMAN,,,,1011
1012,DLL4_HUMAN,To_comment,extracellular_add,ligandIUPHAR,1012
1013,TLR8_HUMAN,To_add,,TLR (uniprot),1013
1014,PDGFC_HUMAN,,,,1014
1015,CCL28_HUMAN,,,,1015
1016,I17RB_HUMAN,,,,1016
1017,HEBP1_HUMAN,To_add | To_comment,transmembrane_add | extracellular_add,"Genecards: This protein includes a natural chemoattractant peptide of 21 amino acids at the N-terminus, which is a natural ligand for formyl peptide receptor-like receptor 2 (FPRL2) ",1017
1018,CLTR2_HUMAN,,,,1018
1019,FGF21_HUMAN,,,,1019
1020,RL3R1_HUMAN,,,,1020
1021,SEM4G_HUMAN,,,Possible_receptor,1021
1022,DLL3_HUMAN,To_add | To_comment,transmembrane_add | extracellular_add,,1022
1023,IL20_HUMAN,,,,1023
1024,PDXL2_HUMAN,To_add,,Acts as a ligand for vascular selectins. (uniprot),1024
1025,TREM2_HUMAN,,,,1025
1026,IL37_HUMAN,,,,1026
1027,IL36B_HUMAN,,,,1027
1028,IL36G_HUMAN,,,,1028
1029,PD1L1_HUMAN,To_comment,extracellular_add,ligandIUPHAR,1029
1030,KLRF1_HUMAN,To_add | To_comment,Extracellular_add,KLR_add (uniprot),1030
1031,IL17C_HUMAN,,,,1031
1032,IFNK_HUMAN,,,,1032
1033,SIRPG_HUMAN,To_add,,Iglike,1033
1034,COKA1_HUMAN,,,Collagen,1034
1035,C5AR2_HUMAN,,,,1035
1036,GALP_HUMAN,,,,1036
1037,XCL2_HUMAN,,,,1037
1038,CLCF1_HUMAN,,,,1038
1039,I36RA_HUMAN,,,,1039
1040,HCST_HUMAN,To_add,,Transmembrane adapter protein (uniprot),1040
1041,TR10D_HUMAN,To_add,,TNF_receptor_add (uniprot),1041
1042,DKK2_HUMAN,,,,1042
1043,GHRL_HUMAN,,,,1043
1044,WNT16_HUMAN,,,,1044
1045,KLOT_HUMAN,,,,1045
1046,SUSD2_HUMAN,,,,1046
1047,IL36A_HUMAN,,,,1047
1048,IL19_HUMAN,,,,1048
1049,TKNK_HUMAN,,,,1049
1050,I20RA_HUMAN,To_add,,cytokine_receptor,1050
1051,CLC2D_HUMAN,To_comment,Extracellular_add,,1051
1052,PLXA1_HUMAN,,,,1052
1053,GDF2_HUMAN,,,,1053
1054,PILRA_HUMAN,,,,1054
1055,UR2R_HUMAN,,,,1055
1056,ITA11_HUMAN,To_add,,Integrin (uniprot),1056
1057,CADH7_HUMAN,,,Cadherin,1057
1058,PLXB3_HUMAN,,,,1058
1059,FZD4_HUMAN,To_comment,Extracellular_add,,1059
1060,FZD10_HUMAN,To_comment,Extracellular_add,,1060
1061,APEL_HUMAN,,,,1061
1062,NOTC3_HUMAN,,,,1062
1063,ALK_HUMAN,,,,1063
1064,COHA1_HUMAN,,,Collagen,1064
1065,TNF18_HUMAN,To_add,,cytokine,1065
1066,FZD1_HUMAN,To_comment,Extracellular_add,,1066
1067,TFR2_HUMAN,,,,1067
1068,JAG2_HUMAN,To_add | To_comment,transmembrane_add | extracellular_add,Uniprot:Putative Notch ligand involved in the mediation of Notch signaling.,1068
1069,CCL26_HUMAN,,,,1069
1070,ANGP4_HUMAN,,,,1070
1071,CLTR1_HUMAN,,,,1071
1072,TN13B_HUMAN,,,,1072
1073,GPR55_HUMAN,,,,1073
1074,DGLA_HUMAN,,,,1074
1075,PLXD1_HUMAN,,,,1075
1076,CCL27_HUMAN,,,,1076
1077,HRH3_HUMAN,,,,1077
1078,INSL5_HUMAN,,,,1078
1079,TNR18_HUMAN,,,,1079
1080,WIF1_HUMAN,,,,1080
1081,PD2R2_HUMAN,,,,1081
1082,JAM1_HUMAN,To_comment,Extracellular_add,,1082
1083,WNT6_HUMAN,,,,1083
1084,ROBO1_HUMAN,,,,1084
1085,TNR11_HUMAN,,,,1085
1086,ICOS_HUMAN,To_comment,Receptor_add,,1086
1087,CP27B_HUMAN,To_add,,,1087
1088,PGES2_HUMAN,To_add,,,1088
1089,DHC24_HUMAN,To_add,,,1089
1090,CBR1_HUMAN,To_add,,,1090
1091,RARB_HUMAN,To_add,,,1091
1092,RARA_HUMAN,To_add,,,1092
1093,NMDE4_HUMAN,To_add,,,1093
1094,DPEP3_HUMAN,To_add,,,1094
1095,PTC2_HUMAN,To_add,,,1095
1096,KISS1_HUMAN,To_add,,,1096
1097,PXL2B_HUMAN,To_add,,,1097
1098,RABP2_HUMAN,To_add,,,1098
1099,3BHS1_HUMAN,To_add,,,1099
1100,GGT5_HUMAN,To_add,,,1100
1101,H17B6_HUMAN,To_add,,,1101
1102,ADX_HUMAN,To_add,,,1102
1103,NTR1_HUMAN,To_add,,,1103
1104,NPFF1_HUMAN,To_add,,,1104
1105,LTC4S_HUMAN,To_add,,,1105
1106,S5A1_HUMAN,To_add,,,1106
1107,NPY5R_HUMAN,To_add,,,1107
1108,NPY1R_HUMAN,To_add,,,1108
1109,DAG1_HUMAN,To_add,,,1109
1110,CELR3_HUMAN,To_add,,,1110
1111,CLAT_HUMAN,To_add,,,1111
1112,AK1C3_HUMAN,To_add,,,1112
1113,CTSRB_HUMAN,To_add,,,1113
1114,PTGR1_HUMAN,To_add,,,1114
1115,GLRA2_HUMAN,To_add,,,1115
1116,LOX12_HUMAN,To_add,,,1116
1117,C11B2_HUMAN,To_add,,,1117
1118,IRPL1_HUMAN,To_add,,,1118
1119,PTGES_HUMAN,To_add,,,1119
1120,CP17A_HUMAN,To_add,,,1120
1121,KISSR_HUMAN,To_add,,,1121
1122,KREM2_HUMAN,To_add,,,1122
1123,AL1A3_HUMAN,To_add,,,1123
1124,AK1D1_HUMAN,To_add,,,1124
1125,NPY4R_HUMAN,To_add,,,1125
1126,NPY2R_HUMAN,To_add,,,1126
1127,TEBP_HUMAN,To_add,,,1127
1128,EDNRA_HUMAN,To_add,,,1128
1129,ADRO_HUMAN,To_add,,,1129
1130,PYY_HUMAN,To_add,,,1130
1131,KREM1_HUMAN,To_add,,,1131
1132,NMDE1_HUMAN,To_add,,,1132
1133,THAS_HUMAN,To_add,,,1133
1134,FDX2_HUMAN,To_add,,,1134
1135,UBS3B_HUMAN,To_add,,,1135
1136,TYRO_HUMAN,To_add,,,1136
1137,ASMT_HUMAN,To_add,,,1137
1138,EDN2_HUMAN,To_add,,,1138
1139,DHB12_HUMAN,To_add,,,1139
1140,RXRA_HUMAN,To_add,,,1140
1141,RARG_HUMAN,To_add,,,1141
1142,QRFPR_HUMAN,To_add,,,1142
1143,AL1A1_HUMAN,To_add,,,1143
1144,LICH_HUMAN,To_add,,,1144
1145,CP11A_HUMAN,To_add,,,1145
1146,NMS_HUMAN,To_add,,,1146
1147,DCHS_HUMAN,To_add,,,1147
1148,OX26_HUMAN,To_add,,,1148
1149,PTC1_HUMAN,To_add,,,1149
1150,RXRB_HUMAN,To_add,,,1150
1151,GHSR_HUMAN,To_add,,,1151
1152,S5A2_HUMAN,To_add,,,1152
1153,CP3A4_HUMAN,To_add,,,1153
1154,NMDE3_HUMAN,To_add,,,1154
1155,AL1A2_HUMAN,To_add,,,1155
1156,C11B1_HUMAN,To_add,,,1156
1157,REL1_HUMAN,To_add,,,1157
1158,CP19A_HUMAN,To_add,,,1158
1159,DHB1_HUMAN,To_add,,,1159
1160,PAHO_HUMAN,To_add,,,1160
1161,DDC_HUMAN,To_add,,,1161
1162,RXRG_HUMAN,To_add,,,1162
1163,CP21A_HUMAN,To_add,,,1163
1164,ALDR_HUMAN,To_add,,,1164
1165,NMDE2_HUMAN,To_add,,,1165
1166,DHCR7_HUMAN,To_add,,,1166
1167,PERT_HUMAN,To_add,,,1167
1168,PORED_HUMAN,To_add,,,1168
1169,PACR_HUMAN,To_add,,,1169
1170,AGRL1_HUMAN,To_add,,,1170
1171,DHB3_HUMAN,To_add,,,1171
1172,PTGIS_HUMAN,To_add,,,1172
1173,ST2A1_HUMAN,To_add,,,1173
1174,DPEP2_HUMAN,To_add,,,1174
1175,ST1E1_HUMAN,To_add,,,1175
1176,ST1A1_HUMAN,To_add,,,1176
1177,DHRS9_HUMAN,To_add,,,1177
1178,PNMT_HUMAN,To_add,,,1178
1179,LKHA4_HUMAN,To_add,,,1179
1180,5NTD_HUMAN,,,,1180
1181,ACHB_HUMAN,,,,1181
1182,ACHD_HUMAN,,,,1182
1183,ACHE_HUMAN,,,,1183
1184,ACHG_HUMAN,,,,1184
1185,AGRA2_HUMAN,,,,1185
1186,AGRB1_HUMAN,,,,1186
1187,AGRB2_HUMAN,,,,1187
1188,AGRB3_HUMAN,,,,1188
1189,AGRE2_HUMAN,,,,1189
1190,AGRG1_HUMAN,,,,1190
1191,AGRG6_HUMAN,,,,1191
1192,AGRL2_HUMAN,,,,1192
1193,AGRL3_HUMAN,,,,1193
1194,APLP2_HUMAN,,,,1194
1195,APRIO_HUMAN,,,,1195
1196,C1QL2_HUMAN,,,,1196
1197,C1QL3_HUMAN,,,,1197
1198,C1QL4_HUMAN,,,,1198
1199,C1QR1_HUMAN,,,,1199
1200,C1QRF_HUMAN,,,,1200
1201,CATG_HUMAN,Protease,,,1201
1202,CBLN1_HUMAN,,,,1202
1203,CD1B_HUMAN,,,,1203
1204,CD248_HUMAN,Glycoprotein,,,1204
1205,CD320_HUMAN,,,,1205
1206,CGB1_HUMAN,,,,1206
1207,CGB2_HUMAN,,,,1207
1208,CGB3_HUMAN,,,,1208
1209,CGB7_HUMAN,,,,1209
1210,CSTN1_HUMAN,,,,1210
1211,CSTN2_HUMAN,Cadeherin family,,,1211
1212,CSTN3_HUMAN,Cadherin family,,,1212
1213,CXA1_HUMAN,,,,1213
1214,CXA3_HUMAN,,,,1214
1215,CXA5_HUMAN,,,,1215
1216,CXG1_HUMAN,,,,1216
1217,DCE1_HUMAN,,,,1217
1218,DCE2_HUMAN,,,,1218
1219,EAA1_HUMAN,Transporter,,,1219
1220,EAA2_HUMAN,Transporter,,,1220
1221,EAA3_HUMAN,Transporter,,,1221
1222,EAA4_HUMAN,Transporter,,,1222
1223,EAA5_HUMAN,Transporter,,,1223
1224,EDN1_HUMAN,,,,1224
1225,EDN3_HUMAN,,,,1225
1226,EDNRB_HUMAN,,,,1226
1227,FLRT1_HUMAN,,,,1227
1228,FLRT2_HUMAN,,,,1228
1229,FLRT3_HUMAN,,,,1229
1230,GABR1_HUMAN,,,,1230
1231,GABR2_HUMAN,,,,1231
1232,GBRA1_HUMAN,,,,1232
1233,GBRA2_HUMAN,,,,1233
1234,GBRA3_HUMAN,,,,1234
1235,GBRA4_HUMAN,,,,1235
1236,GBRA5_HUMAN,,,,1236
1237,GBRA6_HUMAN,,,,1237
1238,GBRB2_HUMAN,,,,1238
1239,GBRB3_HUMAN,,,,1239
1240,GBRD_HUMAN,,,,1240
1241,GBRE_HUMAN,,,,1241
1242,GBRG2_HUMAN,,,,1242
1243,GBRT_HUMAN,,,,1243
1244,GLRA1_HUMAN,,,,1244
1245,GLRB_HUMAN,,,,1245
1246,GLSK_HUMAN,,,,1246
1247,GLSL_HUMAN,,,,1247
1248,GLYC_HUMAN,,,,1248
1249,GLYM_HUMAN,,,,1249
1250,GPR39_HUMAN,,,,1250
1251,GRIA1_HUMAN,,,,1251
1252,GRIA2_HUMAN,,,,1252
1253,GRIA3_HUMAN,,,,1253
1254,GRIA4_HUMAN,,,,1254
1255,GRID2_HUMAN,,,,1255
1256,GRIK1_HUMAN,,,,1256
1257,GRIK2_HUMAN,,,,1257
1258,GRIK3_HUMAN,,,,1258
1259,GRIK4_HUMAN,,,,1259
1260,GRIK5_HUMAN,,,,1260
1261,GRM1_HUMAN,,,,1261
1262,GRM2_HUMAN,,,,1262
1263,GRM3_HUMAN,,,,1263
1264,GRM4_HUMAN,,,,1264
1265,GRM5_HUMAN,,,,1265
1266,GRM6_HUMAN,,,,1266
1267,GRM7_HUMAN,,,,1267
1268,GRM8_HUMAN,,,,1268
1269,JAML_HUMAN,,,,1269
1270,KI2LA_HUMAN,,,,1270
1271,LAMA2_HUMAN,,,,1271
1272,LPAR1_HUMAN,,,,1272
1273,LPAR2_HUMAN,,,,1273
1274,LPAR3_HUMAN,,,,1274
1275,LRC4B_HUMAN,Cel adhesion molecule,,,1275
1276,LRC4C_HUMAN,Cel adhesion molecule,,,1276
1277,LRFN4_HUMAN,Cel adhesion molecule,,,1277
1278,LRFN5_HUMAN,Cel adhesion molecule,,,1278
1279,LRRT1_HUMAN,Leucine rich repeat,,,1279
1280,LRRT2_HUMAN,Leucine rich repeat,,,1280
1281,LRRT3_HUMAN,Leucine rich repeat,,,1281
1282,LRRT4_HUMAN,Leucine rich repeat,,,1282
1283,MPZL1_HUMAN,,,,1283
1284,MUC18_HUMAN,,,,1284
1285,NCHL1_HUMAN,,,,1285
1286,NLGN1_HUMAN,,,,1286
1287,NLGN2_HUMAN,,,,1287
1288,NLGN3_HUMAN,,,,1288
1289,NLGNX_HUMAN,Cell adhesion,,,1289
1290,NLGNY_HUMAN,,,,1290
1291,NMDZ1_HUMAN,,,,1291
1292,NPFF_HUMAN,,,,1292
1293,NPFF2_HUMAN,,,,1293
1294,NPY_HUMAN,,,,1294
1295,NRCAM_HUMAN,Cell adhesion,,,1295
1296,NRX1A_HUMAN,Involved in cell adhesion,,,1296
1297,NRX1B_HUMAN,Involved in cell adhesion,,,1297
1298,NRX2B_HUMAN,Involved in cell adhesion,,,1298
1299,NRX3B_HUMAN,Involved in cell adhesion,,,1299
1300,NTCP4_HUMAN,Transporter,,,1300
1301,NTR2_HUMAN,,,,1301
1302,OLR1_HUMAN,,,,1302
1303,PAR1_HUMAN,,,,1303
1304,PAR3_HUMAN,,,,1304
1305,PAR4_HUMAN,,,,1305
1306,PI16_HUMAN,,,,1306
1307,PIGR_HUMAN,,,,1307
1308,PTGDS_HUMAN,,,,1308
1309,PTPRD_HUMAN,,,,1309
1310,PTPRF_HUMAN,,,,1310
1311,RTN4R_HUMAN,,,,1311
1312,S29A1_HUMAN,Transporter,,,1312
1313,S29A2_HUMAN,Transporter,,,1313
1314,S29A3_HUMAN,Transporter,,,1314
1315,S29A4_HUMAN,Transporter,,,1315
1316,S6A11_HUMAN,Transporter,,,1316
1317,S6A12_HUMAN,Transporter,,,1317
1318,S6A13_HUMAN,Transporter,,,1318
1319,SC5A7_HUMAN,Transporter,,,1319
1320,SC6A1_HUMAN,Transporter,,,1320
1321,SC6A2_HUMAN,Transporter,,,1321
1322,SC6A3_HUMAN,Transporter,,,1322
1323,SC6A4_HUMAN,Transporter,,,1323
1324,SC6A5_HUMAN,Transporter,,,1324
1325,SC6A6_HUMAN,Transporter,,,1325
1326,SC6A8_HUMAN,Transporter,,,1326
1327,SC6A9_HUMAN,Transporter,,,1327
1328,SDC1_HUMAN,Proteoglycan,,,1328
1329,SDC2_HUMAN,Proteoglycan,,,1329
1330,SFTPD_HUMAN,,,,1330
1331,SLIK1_HUMAN,,,,1331
1332,SLIK2_HUMAN,,,,1332
1333,SLIK3_HUMAN,,,,1333
1334,SLIK4_HUMAN,,,,1334
1335,SLIK5_HUMAN,,,,1335
1336,SLIK6_HUMAN,,,,1336
1337,TAAR1_HUMAN,,,,1337
1338,TEN1_HUMAN,Glycoprotein,,,1338
1339,TEN2_HUMAN,Glycoprotein,,,1339
1340,TEN3_HUMAN,Glycoprotein,,,1340
1341,TEN4_HUMAN,Glycoprotein,,,1341
1342,TGM2_HUMAN,,,,1342
1343,TPH1_HUMAN,,,,1343
1344,TPH2_HUMAN,,,,1344
1345,TX1B3_HUMAN,,,,1345
1346,VACHT_HUMAN,,,,1346
1347,VASN_HUMAN,,,,1347
1348,VGLU1_HUMAN,Transporter,,,1348
1349,VGLU2_HUMAN,Transporter,,,1349
1350,VGLU3_HUMAN,Transporter,,,1350
1351,VIAAT_HUMAN,,,,1351
1352,VISTA_HUMAN,,,,1352
1353,VMAT1_HUMAN,,,,1353
1354,VMAT2_HUMAN,,,,1354
